회사명,거래소코드,회계년도,거래대금(원),거래량(주),종가(원),산업코드,산업명
(주)BNK금융지주,138930,2021/12,2385611832,27519531,8400,116502,  은행업
(주)DB하이텍,000990,2021/12,12367698803,17663587,72700,032601,"  전자부품, 컴퓨터, 영상, 음향 및 통신장비 제조업"
(주)HJ중공업,097230,2021/12,72192692,907983,8040,064102,  종합 건설업
(주)JB금융지주,175330,2021/12,790011396,9310259,8350,116502,  은행업
(주)KB금융지주,105560,2021/12,12266743452,21641792,55000,116502,  은행업
(주)MH에탄올,023150,2021/12,102709748,1015092,10200,031101,  음료 제조업
(주)SH에너지화학,002360,2021/12,698277234,69223197,973,032001,  화학물질 및 화학제품 제조업; 의약품 제외
(주)SIMPAC,009160,2021/12,254486342,3754077,6410,032902,  기타 기계 및 장비 제조업
(주)SNT에너지,100840,2021/12,62466613,332710,18550,032901,  기타 기계 및 장비 제조업
(주)SNT홀딩스,036530,2021/12,21472437,122812,17600,137105,  전문 서비스업
(주)STX,011810,2021/12,209229336,4976120,4100,074608,  도매 및 상품 중개업
(주)TCC스틸,002710,2021/12,940004242,11175775,9680,032401,  1차 금속 제조업
(주)강원랜드,035250,2021/12,3425745218,14358184,24050,189102,  스포츠 및 오락관련 서비스업
(주)갤럭시아에스엠,011420,2021/12,3018076113,98363085,3055,189101,  스포츠 및 오락관련 서비스업
(주)경농,002100,2021/12,78126457,675697,12250,032003,  화학물질 및 화학제품 제조업; 의약품 제외
(주)경동나비엔,009450,2021/12,315902091,582014,54900,032805,  전기장비 제조업
(주)경동도시가스,267290,2021/12,189702664,786087,22600,043502,"  전기, 가스, 증기 및 공기조절 공급업"
(주)경동인베스트,012320,2021/12,8731638,25165,35350,137105,  전문 서비스업
(주)경방,000050,2021/12,30561246,225266,13750,074701,  소매업; 자동차 제외
(주)경보제약,214390,2021/12,936070766,8609799,10750,032101,  의료용 물질 및 의약품 제조업
(주)경인양행,012610,2021/12,693460653,10223429,6940,032001,  화학물질 및 화학제품 제조업; 의약품 제외
(주)광명전기,017040,2021/12,158289340,6306054,2570,032801,  전기장비 제조업
(주)광주신세계,037710,2021/12,49291030,27900,181000,074701,  소매업; 자동차 제외
(주)국동,005320,2021/12,1809790550,57440174,2735,074604,  도매 및 상품 중개업
(주)국보,001140,2021/12,567120632,33453097,1570,084903,  육상운송 및 파이프라인 운송업
(주)금비,008870,2021/09,16028859,21964,71100,032301,  비금속 광물제품 제조업
(주)금양,001570,2021/12,334303857,6931689,4905,032001,  화학물질 및 화학제품 제조업; 의약품 제외
(주)금호에이치티,214330,2021/12,1089237628,48982698,2115,033003,  자동차 및 트레일러 제조업
(주)까뮤이앤씨,013700,2021/12,1829552313,71887642,2850,064101,  종합 건설업
(주)나이스홀딩스,034310,2021/12,237462864,1457978,16000,137105,  전문 서비스업
(주)남선알미늄,008350,2021/12,531354811,21381916,2485,032402,  1차 금속 제조업
(주)남성,004270,2021/12,194020769,6126444,3135,074607,  도매 및 상품 중개업
(주)넥센,005720,2021/12,48841920,1076831,4560,032201,  고무 및 플라스틱제품 제조업
(주)노루페인트,090350,2021/12,4513386536,33540250,14900,032004,  화학물질 및 화학제품 제조업; 의약품 제외
(주)노루홀딩스,000320,2021/12,87802686,694390,12750,137105,  전문 서비스업
(주)녹십자,006280,2021/12,2387873725,1054999,218000,032102,  의료용 물질 및 의약품 제조업
(주)녹십자홀딩스,005250,2021/12,480607462,1786496,27150,137105,  전문 서비스업
(주)농심,004370,2021/12,1739932540,567101,318500,031007,  식료품 제조업
(주)농심홀딩스,072710,2021/12,50543627,66116,75800,137105,  전문 서비스업
(주)다우기술,023590,2021/12,395329343,1740923,22800,106301,  정보서비스업
(주)다이나믹디자인,145210,2021/12,886354161,142669405,499,032902,  기타 기계 및 장비 제조업
(주)대교,019680,2021/12,38435574,997923,3895,168501,  교육 서비스업
(주)대구백화점,006370,2021/12,32626992,294813,11650,074701,  소매업; 자동차 제외
(주)대덕,008060,2021/12,569306166,7134118,8060,137105,  전문 서비스업
(주)대동,000490,2021/12,333254189,3395205,10100,032902,  기타 기계 및 장비 제조업
(주)대양금속,009190,2021/12,293794528,6046890,4880,032401,  1차 금속 제조업
(주)대우건설,047040,2021/12,1585366822,26703716,5770,064101,  종합 건설업
(주)대웅,003090,2021/12,493393171,1557916,31050,137105,  전문 서비스업
(주)대웅제약,069620,2021/12,1226199061,833571,148000,032102,  의료용 물질 및 의약품 제조업
(주)대유에이텍,002880,2021/12,547015826,41837828,1295,033003,  자동차 및 트레일러 제조업
(주)대유플러스,000300,2021/12,720268903,53398129,1315,032604,"  전자부품, 컴퓨터, 영상, 음향 및 통신장비 제조업"
(주)대창,012800,2021/12,344840598,18961877,1820,032402,  1차 금속 제조업
(주)대한항공,003490,2021/12,8845978873,30561038,29350,085101,  항공 운송업
(주)대현,016090,2021/12,93582613,4252503,2290,031401,"  의복, 의복 액세서리 및 모피제품 제조업"
(주)대호에이엘,069460,2021/12,131427382,3718762,3385,032402,  1차 금속 제조업
(주)더블유게임즈,192080,2021/12,1885233572,3241841,57900,105802,  출판업
(주)더존비즈온,012510,2021/12,1244756869,1649407,73000,106201,"  컴퓨터 프로그래밍, 시스템 통합 및 관리업"
(주)덕성,004830,2021/12,2257208408,13608296,15100,032202,  고무 및 플라스틱제품 제조업
(주)덴티움,145720,2021/12,1247450165,1901950,69800,032701,"  의료, 정밀, 광학기기 및 시계 제조업"
(주)도화엔지니어링,002150,2021/12,47549946,617754,7650,137201,"  건축기술, 엔지니어링 및 기타 과학기술 서비스업"
(주)동남합성,023450,2021/12,39700553,61932,63600,032001,  화학물질 및 화학제품 제조업; 의약품 제외
(주)동방,004140,2021/12,2809729800,66681197,4025,085209,  창고 및 운송관련 서비스업
(주)동방아그로,007590,2021/12,247829015,3158805,7270,032003,  화학물질 및 화학제품 제조업; 의약품 제외
(주)동서,026960,2021/12,1211107232,4029111,31000,074603,  도매 및 상품 중개업
(주)동성케미컬,102260,2021/12,143832311,2925098,4795,137105,  전문 서비스업
(주)동아지질,028100,2021/12,306566066,1714699,18300,064201,  전문직별 공사업
(주)동양,001520,2021/12,339351467,22467213,1465,032303,  비금속 광물제품 제조업
(주)동양고속,084670,2021/12,13788779,78623,17250,084902,  육상운송 및 파이프라인 운송업
(주)동원에프앤비,049770,2021/12,143799520,74362,194500,031007,  식료품 제조업
(주)두산,000150,2021/12,1830975560,1585865,118000,137105,  전문 서비스업
(주)두올,016740,2021/12,318992395,7648385,4315,033003,  자동차 및 트레일러 제조업
(주)드림텍,192650,2021/12,914332482,8419618,12100,032602,"  전자부품, 컴퓨터, 영상, 음향 및 통신장비 제조업"
(주)디비아이엔씨,012030,2021/12,133104462,14224241,950,106201,"  컴퓨터 프로그래밍, 시스템 통합 및 관리업"
(주)디아이,003160,2021/12,1080241701,12445681,9360,032702,"  의료, 정밀, 광학기기 및 시계 제조업"
(주)디아이씨,092200,2021/12,1726515658,32929143,5570,033003,  자동차 및 트레일러 제조업
(주)디알비동일,004840,2021/12,12160217,240267,5260,032201,  고무 및 플라스틱제품 제조업
(주)디엔오토모티브,007340,2021/12,590460779,910806,71800,032802,  전기장비 제조업
(주)디지비금융지주,139130,2021/12,911517822,9472496,9380,116502,  은행업
(주)락앤락,115390,2021/12,443965990,4033695,11600,032202,  고무 및 플라스틱제품 제조업
(주)마니커,027740,2021/12,207309119,17285862,1160,031001,  식료품 제조업
(주)만도,204320,2021/12,3997940583,6728394,63400,033003,  자동차 및 트레일러 제조업
(주)메리츠금융지주,138040,2021/12,3150398970,8592734,44000,116502,  은행업
(주)메타랩스,090370,2021/12,29917234,3211438,939,031401,"  의복, 의복 액세서리 및 모피제품 제조업"
(주)모나리자,012690,2021/12,54205231,1439252,3885,031709,"  펄프, 종이 및 종이제품 제조업"
(주)모나미,005360,2021/12,281524664,6115515,4625,074604,  도매 및 상품 중개업
(주)모토닉,009680,2021/12,100223949,942283,10600,033003,  자동차 및 트레일러 제조업
(주)무학,033920,2021/12,55118082,651385,8350,031101,  음료 제조업
(주)미래아이앤지,007120,2021/12,71582610,15624731,470,106201,"  컴퓨터 프로그래밍, 시스템 통합 및 관리업"
(주)방림,003610,2021/09,800967480,27858379,2600,031302,  섬유제품 제조업; 의복제외
(주)백산,035150,2021/12,351922511,4399071,8230,032202,  고무 및 플라스틱제품 제조업
(주)벽산,007210,2021/12,865715308,23885304,3915,032309,  비금속 광물제품 제조업
(주)보락,002760,2021/12,165238007,8239439,1980,032004,  화학물질 및 화학제품 제조업; 의약품 제외
(주)보령,003850,2021/12,2278286524,14371638,14600,032102,  의료용 물질 및 의약품 제조업
(주)비비안,002070,2021/12,121835463,4119323,2965,031401,"  의복, 의복 액세서리 및 모피제품 제조업"
(주)비상교육,100220,2021/12,117476109,1472995,7800,105801,  출판업
(주)비와이씨,001460,2021/12,291872725,59051,450500,031401,"  의복, 의복 액세서리 및 모피제품 제조업"
(주)비지에프,027410,2021/12,135546272,2619390,5290,137105,  전문 서비스업
(주)비지에프리테일,282330,2021/12,811938632,544866,145500,074701,  소매업; 자동차 제외
(주)빙그레,005180,2021/12,182826519,351202,53200,031005,  식료품 제조업
(주)사조대림,003960,2021/12,290711878,1128530,25250,031002,  식료품 제조업
(주)사조오양,006090,2021/12,21637182,236733,9330,031002,  식료품 제조업
(주)삼성출판사,068290,2021/12,589628248,1726816,33150,105801,  출판업
(주)삼양사,145990,2021/12,204049659,324085,62700,031007,  식료품 제조업
(주)삼양패키징,272550,2021/12,102902894,418547,25000,032202,  고무 및 플라스틱제품 제조업
(주)삼양홀딩스,000070,2021/12,371357239,373687,98200,137105,  전문 서비스업
(주)삼원강재,023000,2021/12,34515797,1090795,3165,033003,  자동차 및 트레일러 제조업
(주)삼익악기,002450,2021/12,205597528,11469773,1825,033302,  기타 제품 제조업
(주)삼일씨엔에스,004440,2021/12,32402561,351678,9250,032303,  비금속 광물제품 제조업
(주)삼천리,004690,2021/12,88687426,100198,90800,043502,"  전기, 가스, 증기 및 공기조절 공급업"
(주)상상인증권,001290,2021/12,67034051,5799359,1165,116701,  증권업
(주)서연,007860,2021/12,1687191063,12213066,12300,137105,  전문 서비스업
(주)서연이화,200880,2021/12,264742414,3699058,7050,033003,  자동차 및 트레일러 제조업
(주)서원,021050,2021/12,79094905,4143604,1945,032403,  1차 금속 제조업
(주)서흥,008490,2021/12,120094774,282669,44200,032004,  화학물질 및 화학제품 제조업; 의약품 제외
(주)선앤엘,002820,2021/12,10383248,217682,5000,031602,  목재 및 나무제품 제조업; 가구 제외
(주)선진,136490,2021/12,283120657,2548032,11500,031008,  식료품 제조업
(주)성안,011300,2021/12,0,0,787,031302,  섬유제품 제조업; 의복제외
(주)세아베스틸지주,001430,2021/12,319239964,1574936,19900,032401,  1차 금속 제조업
(주)세아제강,306200,2021/12,89167018,91901,95600,032401,  1차 금속 제조업
(주)세아제강지주,003030,2021/12,260678137,244430,103000,137105,  전문 서비스업
(주)세아특수강,019440,2021/12,20832269,129705,15750,032401,  1차 금속 제조업
(주)세아홀딩스,058650,2021/12,14516810,14147,104500,032401,  1차 금속 제조업
(주)세우글로벌,013000,2021/12,129031538,7364365,1725,074607,  도매 및 상품 중개업
(주)세원정공,021820,2022,,,,,
(주)세이브존아이앤씨,067830,2021/12,13845236,479857,2985,074701,  소매업; 자동차 제외
(주)세진중공업,075580,2021/12,150778229,2636258,5900,033101,  기타 운송장비 제조업
(주)센트랄모텍,308170,2021/12,521864156,2268572,22500,033003,  자동차 및 트레일러 제조업
(주)센트럴인사이트,012600,2021/12,0,0,2490,032901,  기타 기계 및 장비 제조업
(주)셀트리온,068270,2021/12,31168319795,15104326,198000,032101,  의료용 물질 및 의약품 제조업
(주)솔루엠,248070,2021/12,1989244536,8792336,22450,032602,"  전자부품, 컴퓨터, 영상, 음향 및 통신장비 제조업"
(주)수산인더스트리,126720,2022,,,,,
(주)수산중공업,017550,2021/12,1129446812,39279443,2935,032902,  기타 기계 및 장비 제조업
(주)시디즈,134790,2021/12,31043283,51148,61300,033201,  가구 제조업
(주)신도리코,029530,2021/12,80237986,243225,33050,032603,"  전자부품, 컴퓨터, 영상, 음향 및 통신장비 제조업"
(주)신성이엔지,011930,2021/12,2776193505,126813317,2145,032601,"  전자부품, 컴퓨터, 영상, 음향 및 통신장비 제조업"
(주)신세계,004170,2021/12,4080733605,1681864,254000,074701,  소매업; 자동차 제외
(주)신세계아이앤씨,035510,2021/12,351222970,187951,198500,106201,"  컴퓨터 프로그래밍, 시스템 통합 및 관리업"
(주)신세계인터내셔날,031430,2021/12,657877980,448340,145500,074704,  소매업; 자동차 제외
(주)신세계푸드,031440,2021/12,102146695,122672,81900,095601,  음식점 및 주점업
(주)신영와코루,005800,2021/12,13591095,11666,118500,031401,"  의복, 의복 액세서리 및 모피제품 제조업"
(주)신원,009270,2021/12,5049167029,181720053,2920,031401,"  의복, 의복 액세서리 및 모피제품 제조업"
(주)신한금융지주회사,055550,2021/12,10248015353,27523279,36800,116502,  은행업
(주)신화다이나믹스,001770,2021/12,35365695,125220,29950,032401,  1차 금속 제조업
(주)신흥,004080,2021/12,20702352,129419,16150,074605,  도매 및 상품 중개업
(주)쌍방울,102280,2021/12,5608558696,631375322,810,031401,"  의복, 의복 액세서리 및 모피제품 제조업"
(주)쎌마테라퓨틱스,015540,2021/12,0,0,6410,147509,  사업지원 서비스업
(주)씨아이테크,004920,2021/12,838023060,58169271,1525,033309,  기타 제품 제조업
(주)아모레퍼시픽,090430,2021/12,7813726178,4470400,167000,032004,  화학물질 및 화학제품 제조업; 의약품 제외
(주)아모레퍼시픽그룹,002790,2021/12,1020002709,2269333,44350,032004,  화학물질 및 화학제품 제조업; 의약품 제외
(주)아센디오,012170,2021/12,157832828,11388975,1370,105901,  영상ㆍ오디오 기록물 제작 및 배급업
(주)아이마켓코리아,122900,2021/12,250348792,2292049,10700,074608,  도매 및 상품 중개업
(주)아이에이치큐,003560,2021/12,321520585,21782453,1475,105901,  영상ㆍ오디오 기록물 제작 및 배급업
(주)알루코,001780,2021/12,192341283,5671250,3410,032402,  1차 금속 제조업
(주)에넥스,011090,2021/12,684238928,25859317,2625,033201,  가구 제조업
(주)에스비에스,034120,2021/12,827628492,1774944,49350,106002,  방송업
(주)에스엠벡셀,010580,2021/12,0,0,1530,033003,  자동차 및 트레일러 제조업
(주)에스원,012750,2021/12,794903051,1062366,73900,147503,  사업지원 서비스업
(주)에스제이엠,123700,2021/12,31283234,677462,4900,033003,  자동차 및 트레일러 제조업
(주)에스제이엠홀딩스,025530,2021/12,12663211,354416,3735,074502,  자동차 및 부품 판매업
(주)에스지글로벌,001380,2021/12,72980530,4057517,1830,033003,  자동차 및 트레일러 제조업
(주)에스지세계물산,004060,2021/12,222650743,32157540,684,074608,  도매 및 상품 중개업
(주)에스피씨삼립,005610,2021/12,135862735,192265,70800,031007,  식료품 제조업
(주)에이블씨엔씨,078520,2021/12,44269942,706391,6520,032004,  화학물질 및 화학제품 제조업; 의약품 제외
(주)에이엔피,015260,2021/12,138923084,6568876,2185,032602,"  전자부품, 컴퓨터, 영상, 음향 및 통신장비 제조업"
(주)에이프로젠메디신,007460,2021/12,556047182,36311529,1685,032509,  금속가공제품 제조업; 기계 및 가구 제외
(주)에이플러스에셋어드바이저,244920,2021/12,473505474,5233456,8850,147509,  사업지원 서비스업
(주)에프앤에프,383220,2021/12,8043109580,904588,945000,031401,"  의복, 의복 액세서리 및 모피제품 제조업"
(주)에프앤에프홀딩스,007700,2021/12,911724862,2590388,33300,137105,  전문 서비스업
(주)엔씨소프트,036570,2021/12,27914419336,4013708,643000,105802,  출판업
(주)엔아이스틸,008260,2021/12,45807929,1385449,3375,032401,  1차 금속 제조업
(주)엔케이,085310,2021/12,60282867,5852993,1045,032501,  금속가공제품 제조업; 기계 및 가구 제외
(주)엘에스,006260,2021/12,951672950,1794068,54100,137105,  전문 서비스업
(주)엘에스네트웍스,000680,2021/12,26033949,886647,3010,074608,  도매 및 상품 중개업
(주)엘에프,093050,2021/12,222271557,1286975,17250,031401,"  의복, 의복 액세서리 및 모피제품 제조업"
(주)엘엑스인터내셔널,001120,2021/12,1651160964,6347936,26450,074601,  도매 및 상품 중개업
(주)엘엑스하우시스,108670,2021/12,1004332337,1627972,61500,032202,  고무 및 플라스틱제품 제조업
(주)엘엑스홀딩스,383800,2021/12,2150927276,21423797,10000,137105,  전문 서비스업
(주)엘지,003550,2021/12,14818316015,18259664,80900,137105,  전문 서비스업
(주)엘지생활건강,051900,2021/12,10728550896,939015,1097000,032004,  화학물질 및 화학제품 제조업; 의약품 제외
(주)엘지에너지솔루션,373220,2022,,,,,
(주)엘지유플러스,032640,2021/12,3234174147,23295933,13600,106102,  우편 및 통신업
(주)엘지헬로비전,037560,2021/12,256963462,4584348,5560,106002,  방송업
(주)엘지화학,051910,2021/12,43644754065,6388744,615000,032001,  화학물질 및 화학제품 제조업; 의약품 제외
(주)엠씨넥스,097520,2021/12,5570943535,10550435,57500,032605,"  전자부품, 컴퓨터, 영상, 음향 및 통신장비 제조업"
(주)영원무역,111770,2021/12,1168746836,2693148,43650,074608,  도매 및 상품 중개업
(주)영원무역홀딩스,009970,2021/12,102050052,211280,46750,137105,  전문 서비스업
(주)영풍,000670,2021/12,148015790,22497,655000,032402,  1차 금속 제조업
(주)영흥,012160,2021/12,81210903,7741285,1055,032401,  1차 금속 제조업
(주)예스코홀딩스,015360,2021/12,12060023,32613,35800,137105,  전문 서비스업
(주)오뚜기,007310,2021/12,371575655,80668,456000,031007,  식료품 제조업
(주)오리엔트바이오,002630,2022/03,138693855,14908821,925,032102,  의료용 물질 및 의약품 제조업
(주)오리온,271560,2021/12,2330070879,2222288,103500,031007,  식료품 제조업
(주)오리온홀딩스,001800,2021/12,395289405,2473970,15950,137105,  전문 서비스업
(주)와이지플러스,037270,2021/12,1600208269,19616566,7980,106301,  정보서비스업
(주)와이투솔루션,011690,2021/12,0,0,2440,032601,"  전자부품, 컴퓨터, 영상, 음향 및 통신장비 제조업"
(주)용평리조트,070960,2021/12,122055424,2522470,4895,095501,  숙박업
(주)우리금융지주,316140,2021/12,5720675754,43878989,12700,116502,  은행업
(주)우성,006980,2021/12,39490376,146389,28000,031006,  식료품 제조업
(주)우신시스템,017370,2021/12,712939797,16141196,4095,032902,  기타 기계 및 장비 제조업
(주)우진,105840,2021/12,595745420,7240425,8240,032702,"  의료, 정밀, 광학기기 및 시계 제조업"
(주)우진아이엔에스,010400,2021/12,9143018,131734,7120,064202,  전문직별 공사업
(주)우진플라임,049800,2021/12,104114082,2355674,4570,032902,  기타 기계 및 장비 제조업
(주)웅진,016880,2021/12,174849412,9481477,1710,137105,  전문 서비스업
(주)웅진씽크빅,095720,2021/12,188552619,5970218,3175,168501,  교육 서비스업
(주)원림,005820,2021/12,10628072,56542,19300,031302,  섬유제품 제조업; 의복제외
(주)위스컴,024070,2021/12,96704325,2690246,3450,032202,  고무 및 플라스틱제품 제조업
(주)윌비스,008600,2021/12,297069039,17633931,1685,074604,  도매 및 상품 중개업
(주)유니드,014830,2021/12,963737549,937301,100500,032001,  화학물질 및 화학제품 제조업; 의약품 제외
(주)유니온,000910,2021/12,2626945031,34752228,7540,032303,  비금속 광물제품 제조업
(주)유니켐,011330,2021/12,54457246,4329836,1290,031501,"  가죽, 가방 및 신발 제조업"
(주)유수홀딩스,000700,2021/12,136720690,2101140,6300,137105,  전문 서비스업
(주)유유제약,000220,2021/12,5263265878,61913847,7810,032102,  의료용 물질 및 의약품 제조업
(주)유한양행,000100,2021/12,3222587281,5066754,62100,032102,  의료용 물질 및 의약품 제조업
(주)이노션,214320,2021/12,951037156,1749014,55400,137103,  전문 서비스업
(주)이마트,139480,2021/12,2776033975,1836651,151000,074701,  소매업; 자동차 제외
(주)이수페타시스,007660,2021/12,4128294842,70931371,7310,032602,"  전자부품, 컴퓨터, 영상, 음향 및 통신장비 제조업"
(주)이수화학,005950,2021/12,2327615692,14860772,14550,032001,  화학물질 및 화학제품 제조업; 의약품 제외
(주)이스타코,015020,2021/12,436205049,14776547,3110,126801,  부동산업
(주)이아이디,093230,2021/12,889301554,283644478,302,074607,  도매 및 상품 중개업
(주)이엔플러스,074610,2021/12,5161669418,113934191,4790,032901,  기타 기계 및 장비 제조업
(주)이원,017940,2021/12,122449748,253673,48200,074607,  도매 및 상품 중개업
(주)이월드,084680,2021/12,4866648194,176523950,2680,033301,  기타 제품 제조업
(주)인디에프,014990,2021/12,71932718,5538713,1310,031401,"  의복, 의복 액세서리 및 모피제품 제조업"
(주)인바이오젠,101140,2021/12,1154842365,28890732,3560,074604,  도매 및 상품 중개업
(주)인스코비,006490,2021/12,600896756,18593681,3160,106102,  우편 및 통신업
(주)인팩,023810,2021/12,238245939,1941168,13150,033003,  자동차 및 트레일러 제조업
(주)일신석재,007110,2021/12,435677135,20184586,2250,074606,  도매 및 상품 중개업
(주)잇츠한불,226320,2021/12,69096010,393510,17700,032004,  화학물질 및 화학제품 제조업; 의약품 제외
(주)제이에스코퍼레이션,194370,2021/12,375245860,1799584,21400,031501,"  가죽, 가방 및 신발 제조업"
(주)제일기획,030000,2021/12,1327278900,5811264,22850,137103,  전문 서비스업
(주)제주은행,006220,2021/12,1130608102,17192847,6130,116501,  은행업
(주)제주항공,089590,2021/12,443764916,2625487,17600,085101,  항공 운송업
(주)조비,001550,2021/12,129486237,638006,21050,032003,  화학물질 및 화학제품 제조업; 의약품 제외
(주)조흥,002600,2021/12,5355720,2827,188000,031007,  식료품 제조업
(주)종근당,185750,2021/12,1073537370,926235,111000,032102,  의료용 물질 및 의약품 제조업
(주)종근당바이오,063160,2021/12,739697982,1735374,41800,032102,  의료용 물질 및 의약품 제조업
(주)종근당홀딩스,001630,2021/12,145462347,192255,76500,032102,  의료용 물질 및 의약품 제조업
(주)주연테크,044380,2021/12,2411421541,164886217,1300,032603,"  전자부품, 컴퓨터, 영상, 음향 및 통신장비 제조업"
(주)지누스,013890,2021/12,1057559508,1360052,77100,033201,  가구 제조업
(주)지에스,078930,2021/12,1713928302,4290505,39100,137105,  전문 서비스업
(주)지에스글로벌,001250,2021/12,169637322,7363557,2370,074608,  도매 및 상품 중개업
(주)지에스리테일,007070,2021/12,1395757739,4579497,30400,074701,  소매업; 자동차 제외
(주)지투알,035000,2021/12,120552913,1706874,7050,137105,  전문 서비스업
(주)진도,088790,2021/12,23143639,831365,2820,074607,  도매 및 상품 중개업
(주)진양홀딩스,100250,2021/12,222310668,5879547,3665,032202,  고무 및 플라스틱제품 제조업
(주)진에어,272450,2021/12,704417585,4334597,16700,085101,  항공 운송업
(주)천일고속,000650,2021/12,9718657,14523,67300,084902,  육상운송 및 파이프라인 운송업
(주)체시스,033250,2022,,,,,
(주)초록뱀헬스케어,118000,2021/12,133030727,8950466,1505,074605,  도매 및 상품 중개업
(주)카카오,035720,2021/12,40547646433,34418041,112500,106301,  정보서비스업
(주)카카오뱅크,323410,2021/12,26408808483,41534043,59000,116501,  은행업
(주)카카오페이,377300,2021/12,26590014385,13646290,174500,147509,  사업지원 서비스업
(주)카프로,006380,2021/12,1623438528,35237700,4790,032001,  화학물질 및 화학제품 제조업; 의약품 제외
(주)케이씨,029460,2021/12,232333368,1069310,22850,032702,"  의료, 정밀, 광학기기 및 시계 제조업"
(주)케이씨씨,002380,2021/12,2742778520,878980,315000,032004,  화학물질 및 화학제품 제조업; 의약품 제외
(주)케이씨씨글라스,344820,2021/12,644230170,1094057,59900,032301,  비금속 광물제품 제조업
(주)케이씨텍,281820,2021/12,590460411,2461083,24050,032702,"  의료, 정밀, 광학기기 및 시계 제조업"
(주)케이씨티시,009070,2021/12,609305087,9567862,6220,084903,  육상운송 및 파이프라인 운송업
(주)케이에스에스해운,044450,2021/12,117658217,1008583,11850,085001,  수상 운송업
(주)케이에이치필룩스,033180,2021/12,445687869,16963006,2615,032602,"  전자부품, 컴퓨터, 영상, 음향 및 통신장비 제조업"
(주)케이이씨,092220,2021/12,9872632878,267623786,3710,032601,"  전자부품, 컴퓨터, 영상, 음향 및 통신장비 제조업"
(주)케이티,030200,2021/12,7182036078,22787117,30600,106102,  우편 및 통신업
(주)케이티스카이라이프,053210,2021/12,177807776,1917793,9140,106002,  방송업
(주)케이티씨에스,058850,2021/12,55440430,2197529,2585,106309,  정보서비스업
(주)케이티아이에스,058860,2021/12,32736510,1325357,2540,106309,  정보서비스업
(주)케이티앤지,033780,2021/12,10933289624,13033637,79000,031201,  담배 제조업
(주)코리아써키트,007810,2021/12,5727423320,22165904,31200,032602,"  전자부품, 컴퓨터, 영상, 음향 및 통신장비 제조업"
(주)코아스,071950,2021/12,76911912,6605154,1115,033201,  가구 제조업
(주)코오롱,002020,2021/12,421854572,1330962,33050,137105,  전문 서비스업
(주)콘텐트리중앙,036420,2021/12,4032204975,7954253,54600,105901,  영상ㆍ오디오 기록물 제작 및 배급업
(주)콤텍시스템,031820,2021/12,123474506,13666526,930,106201,"  컴퓨터 프로그래밍, 시스템 통합 및 관리업"
(주)큐로,015590,2021/12,76490174,16347740,457,032901,  기타 기계 및 장비 제조업
(주)크라운제과,264900,2021/12,36918911,399344,9180,031007,  식료품 제조업
(주)크라운해태홀딩스,005740,2021/12,16103591,193206,8580,137105,  전문 서비스업
(주)크래프톤,259960,2021/12,27184945884,5656650,460000,105802,  출판업
(주)키다리스튜디오,020120,2021/12,558348480,3594740,15900,106301,  정보서비스업
(주)태경비케이,014580,2021/12,208387944,4168469,5080,032303,  비금속 광물제품 제조업
(주)태영건설,009410,2021/12,167971322,1620034,10500,064102,  종합 건설업
(주)테이팩스,055490,2021/12,627660755,793337,81400,032202,  고무 및 플라스틱제품 제조업
(주)토니모리,214420,2021/12,49481117,964161,4715,032004,  화학물질 및 화학제품 제조업; 의약품 제외
(주)티비에이치글로벌,084870,2021/12,50097203,2125988,2255,031401,"  의복, 의복 액세서리 및 모피제품 제조업"
(주)티에이치엔,019180,2021/12,244923040,5841532,4370,032809,  전기장비 제조업
(주)티와이홀딩스,363280,2021/12,409685872,1556513,28200,137105,  전문 서비스업
(주)티웨이항공,091810,2021/12,222722003,7329030,3200,085101,  항공 운송업
(주)티웨이홀딩스,004870,2021/12,195945352,20116447,981,032303,  비금속 광물제품 제조업
(주)팜스코,036580,2021/12,82309185,1385768,6130,031006,  식료품 제조업
(주)퍼시스,016800,2021/12,15448316,41949,35800,033201,  가구 제조업
(주)포스코인터내셔널,047050,2021/12,3921064826,18088160,22450,074601,  도매 및 상품 중개업
(주)포스코케미칼,003670,2021/12,11883937155,8066961,144000,032303,  비금속 광물제품 제조업
(주)풀무원,017810,2021/12,203271418,1181756,17300,031007,  식료품 제조업
(주)풍산,103140,2021/12,614040166,1986370,31150,032402,  1차 금속 제조업
(주)풍산홀딩스,005810,2021/12,152018922,525851,28300,137105,  전문 서비스업
(주)플레이그램,009810,2021/12,1239406986,53242389,2570,074607,  도매 및 상품 중개업
(주)하나금융지주,086790,2021/12,8689370726,20142521,42050,116502,  은행업
(주)하나투어,039130,2021/12,2355945662,3158144,74600,147502,  사업지원 서비스업
(주)하이브,352820,2021/12,20301938082,5910551,349000,105902,  영상ㆍ오디오 기록물 제작 및 배급업
(주)하이스틸,071090,2021/12,48005473,1765162,2765,032401,  1차 금속 제조업
(주)하이트론씨스템즈,019490,2021/12,114758266,2358763,4200,032605,"  전자부품, 컴퓨터, 영상, 음향 및 통신장비 제조업"
(주)한국전자홀딩스,006200,2021/12,1294034910,55898819,2180,137105,  전문 서비스업
(주)한국종합기술,023350,2021/12,67116033,984150,7150,137201,"  건축기술, 엔지니어링 및 기타 과학기술 서비스업"
(주)한국카본,017960,2021/12,781488664,7415880,10750,032501,  금속가공제품 제조업; 기계 및 가구 제외
(주)한국토지신탁,034830,2021/12,2194440194,80284752,2605,117201,  기타금융업
(주)한국특강,007280,2021/12,125108634,3936187,3415,032401,  1차 금속 제조업
(주)한국화장품제조,003350,2021/12,50263212,196880,25800,032004,  화학물질 및 화학제품 제조업; 의약품 제외
(주)한농화성,011500,2021/12,610244513,3789863,16300,032004,  화학물질 및 화학제품 제조업; 의약품 제외
(주)한독,002390,2021/12,119026106,525269,22800,032102,  의료용 물질 및 의약품 제조업
(주)한라,014790,2021/12,121508716,2255573,5400,064102,  종합 건설업
(주)한라홀딩스,060980,2021/12,404818598,862741,45850,137105,  전문 서비스업
(주)한미글로벌건축사사무소,053690,2021/12,280592680,2362955,12150,137201,"  건축기술, 엔지니어링 및 기타 과학기술 서비스업"
(주)한샘,009240,2021/12,3571240387,3722317,92600,074604,  도매 및 상품 중개업
(주)한섬,020000,2021/12,440559631,1222863,35600,031401,"  의복, 의복 액세서리 및 모피제품 제조업"
(주)한솔케미칼,014680,2021/12,2901883649,941110,305500,032001,  화학물질 및 화학제품 제조업; 의약품 제외
(주)한솔홈데코,025750,2021/12,211850521,12801105,1685,031601,  목재 및 나무제품 제조업; 가구 제외
(주)한익스프레스,014130,2021/12,203676945,3213541,6320,084903,  육상운송 및 파이프라인 운송업
(주)한진,002320,2021/12,311857823,1043337,30100,084903,  육상운송 및 파이프라인 운송업
(주)한진중공업홀딩스,003480,2021/12,24862170,630745,4165,043502,"  전기, 가스, 증기 및 공기조절 공급업"
(주)한진칼,180640,2021/12,1518064112,2499721,61400,085101,  항공 운송업
(주)한창,005110,2021/12,455719603,41526455,1015,074605,  도매 및 상품 중개업
(주)한창제지,009460,2021/12,96215219,4753396,2050,031701,"  펄프, 종이 및 종이제품 제조업"
(주)한컴라이프케어,372910,2021/12,4260873084,42420804,8870,032701,"  의료, 정밀, 광학기기 및 시계 제조업"
(주)한화,000880,2021/12,1686903098,5295762,31400,032004,  화학물질 및 화학제품 제조업; 의약품 제외
(주)현대그린푸드,005440,2021/12,355724746,4231794,8570,074701,  소매업; 자동차 제외
(주)현대리바트,079430,2021/12,102102962,697067,15150,033201,  가구 제조업
(주)현대미포조선,010620,2021/12,3565839298,5030970,70000,033101,  기타 운송장비 제조업
(주)현대백화점,069960,2021/12,1068732336,1454874,75100,074701,  소매업; 자동차 제외
(주)현대퓨처넷,126560,2021/12,174068726,4095544,4215,106002,  방송업
(주)현대홈쇼핑,057050,2021/12,260053684,406739,63400,074709,  소매업; 자동차 제외
(주)형지엘리트,093240,2022,,,,,
(주)혜인,003010,2021/12,179296044,3101266,5710,074605,  도매 및 상품 중개업
(주)호텔신라,008770,2021/12,4514844935,5911488,78000,074708,  소매업; 자동차 제외
(주)화승알앤에이,378850,2021/12,34337668,660570,5140,033003,  자동차 및 트레일러 제조업
(주)화승엔터프라이즈,241590,2021/12,716287016,4344886,16850,031502,"  가죽, 가방 및 신발 제조업"
(주)화승인더스트리,006060,2021/12,277423458,4657507,6100,032202,  고무 및 플라스틱제품 제조업
(주)화승코퍼레이션,013520,2021/12,44116119,2141694,2055,033003,  자동차 및 트레일러 제조업
(주)화신,010690,2021/12,378610316,4620786,8320,033003,  자동차 및 트레일러 제조업
(주)화인베스틸,133820,2021/12,57889853,1946114,3045,032401,  1차 금속 제조업
(주)황금에스티,032560,2021/12,100467461,1206986,8450,032402,  1차 금속 제조업
(주)효성,004800,2021/12,1293631807,1300153,94700,137105,  전문 서비스업
(주)후성,093370,2021/12,9194377645,41934750,23100,032001,  화학물질 및 화학제품 제조업; 의약품 제외
(주)휠라홀딩스,081660,2021/12,3026926646,8465985,35850,074604,  도매 및 상품 중개업
(주)휴니드테크놀러지스,005870,2021/12,1406761872,15051773,8590,032604,"  전자부품, 컴퓨터, 영상, 음향 및 통신장비 제조업"
(주)휴비스,079980,2021/12,95350830,1125919,8590,032005,  화학물질 및 화학제품 제조업; 의약품 제외
(주)휴스틸,005010,2021/12,76056878,531340,14550,032401,  1차 금속 제조업
AJ네트웍스(주),095570,2021/12,188567148,3538192,5410,147603,  임대업; 부동산 제외
CS홀딩스(주),000590,2021/12,21220344,33958,64100,137105,  전문 서비스업
DB금융투자(주),016610,2021/12,188612922,2782641,6580,116701,  증권업
DB손해보험(주),005830,2021/12,1626616095,2862127,54000,116601,  보험업
HD현대(주),267250,2021/12,2351641162,4151765,53700,031902,"  코크스, 연탄 및 석유정제품 제조업"
KG스틸(주),016380,2021/12,465116328,4352732,10600,032401,  1차 금속 제조업
KISCO홀딩스(주),001940,2021/12,78988768,526703,14550,032401,  1차 금속 제조업
LG이노텍(주),011070,2021/12,37905267210,11855887,364000,032602,"  전자부품, 컴퓨터, 영상, 음향 및 통신장비 제조업"
LS일렉트릭(주),010120,2021/12,798321853,1459707,55800,032801,  전기장비 제조업
OCI(주),010060,2021/12,6638842845,6160490,104000,032001,  화학물질 및 화학제품 제조업; 의약품 제외
SK이노베이션(주),096770,2021/12,21643698020,9865987,238500,031902,"  코크스, 연탄 및 석유정제품 제조업"
SNT모티브(주),064960,2021/12,565121484,1225284,47050,033003,  자동차 및 트레일러 제조업
SNT중공업(주),003570,2021/12,40155548,455688,8960,033003,  자동차 및 트레일러 제조업
STX엔진(주),077970,2021/12,145484809,1460874,9600,032901,  기타 기계 및 장비 제조업
STX중공업(주),071970,2021/12,389604231,7979606,4740,032901,  기타 기계 및 장비 제조업
가온전선(주),000500,2021/12,36146104,149860,23800,032803,  전기장비 제조업
강남제비스코(주),000860,2021/12,444555200,1607605,24950,032004,  화학물질 및 화학제품 제조업; 의약품 제외
경인전자(주),009140,2021/12,190822283,555173,36800,032602,"  전자부품, 컴퓨터, 영상, 음향 및 통신장비 제조업"
계룡건설산업(주),013580,2021/12,437159702,1293687,32600,064102,  종합 건설업
계양전기(주),012200,2021/12,52153734,1301753,4085,032901,  기타 기계 및 장비 제조업
고려산업(주),002140,2021/12,38479142,1353690,2910,031006,  식료품 제조업
고려아연(주),010130,2021/12,4677994565,911224,511000,032402,  1차 금속 제조업
고려제강(주),002240,2021/12,208926768,1046012,19450,032401,  1차 금속 제조업
광동제약(주),009290,2021/12,369760961,4953763,7430,032102,  의료용 물질 및 의약품 제조업
광전자(주),017900,2021/12,132910012,4296928,3260,032601,"  전자부품, 컴퓨터, 영상, 음향 및 통신장비 제조업"
교보증권(주),030610,2021/12,171971732,1986861,8370,116701,  증권업
교촌에프앤비(주),339770,2021/12,258077885,1572262,16600,074603,  도매 및 상품 중개업
국도화학(주),007690,2021/12,581274040,1010056,56500,032001,  화학물질 및 화학제품 제조업; 의약품 제외
국제약품(주),002720,2021/12,832876622,13595997,6140,032102,  의료용 물질 및 의약품 제조업
그랜드코리아레저(주),114090,2021/12,605528575,4757645,13150,189102,  스포츠 및 오락관련 서비스업
그린케미칼(주),083420,2021/12,244307665,2612417,9270,032004,  화학물질 및 화학제품 제조업; 의약품 제외
극동유화(주),014530,2021/12,181839795,4727722,3950,031902,"  코크스, 연탄 및 석유정제품 제조업"
금강공업(주),014280,2021/12,89592561,1127032,7820,032401,  1차 금속 제조업
금호건설(주),002990,2021/12,286844555,2412562,11600,064101,  종합 건설업
금호석유화학(주),011780,2021/12,10400269615,5791052,166000,032001,  화학물질 및 화학제품 제조업; 의약품 제외
금호전기(주),001210,2021/12,115648930,3396215,3540,032804,  전기장비 제조업
금호타이어(주),073240,2021/12,420768779,9472124,4610,032201,  고무 및 플라스틱제품 제조업
기신정기(주),092440,2022/03,88012604,1861307,4590,032902,  기타 기계 및 장비 제조업
기아(주),000270,2021/12,23278362172,27749229,82200,033001,  자동차 및 트레일러 제조업
깨끗한나라(주),004540,2021/12,70802603,1688687,4095,031701,"  펄프, 종이 및 종이제품 제조업"
남광토건(주),001260,2021/12,129466720,1009735,13900,064102,  종합 건설업
남양유업(주),003920,2021/12,146388880,35598,407000,031005,  식료품 제조업
남해화학(주),025860,2021/12,682304988,6611075,10500,032003,  화학물질 및 화학제품 제조업; 의약품 제외
네이버(주),035420,2021/12,37369313146,9659960,378500,106301,  정보서비스업
넥센타이어(주),002350,2021/12,812815262,11367227,6820,032201,  고무 및 플라스틱제품 제조업
넷마블(주),251270,2021/12,5087924320,4230305,125000,105802,  출판업
다스코(주),058730,2021/12,36282081,765637,4875,032501,  금속가공제품 제조업; 기계 및 가구 제외
다올투자증권(주),030210,2021/12,554630475,9646072,5190,116701,  증권업
대덕전자(주),353200,2021/12,7947873372,36078375,24900,032602,"  전자부품, 컴퓨터, 영상, 음향 및 통신장비 제조업"
대동전자(주),008110,2022/03,395388190,3673063,9430,032604,"  전자부품, 컴퓨터, 영상, 음향 및 통신장비 제조업"
대림비앤코(주),005750,2021/12,87882596,1191350,7360,032302,  비금속 광물제품 제조업
대림통상(주),006570,2021/12,6824808,205288,3525,032509,  금속가공제품 제조업; 기계 및 가구 제외
대상(주),001680,2021/12,462201974,2012642,23300,031007,  식료품 제조업
대상홀딩스(주),084690,2021/12,101690057,1070731,9700,137105,  전문 서비스업
대성산업(주),128820,2021/12,1254252719,26085756,4560,074707,  소매업; 자동차 제외
대성에너지(주),117580,2021/12,5048717551,53819779,9150,043502,"  전기, 가스, 증기 및 공기조절 공급업"
대성홀딩스(주),016710,2021/12,620977074,1345761,47100,137105,  전문 서비스업
대신증권(주),003540,2021/12,903631527,4404829,18650,116701,  증권업
대영포장(주),014160,2021/12,6918858869,241499024,2590,031702,"  펄프, 종이 및 종이제품 제조업"
대우전자부품(주),009320,2021/12,233197307,9578494,2465,033003,  자동차 및 트레일러 제조업
대우조선해양(주),042660,2021/12,1536854714,6481497,23050,033101,  기타 운송장비 제조업
대원강업(주),000430,2021/12,99445328,2665492,3730,033003,  자동차 및 트레일러 제조업
대원전선(주),006340,2021/12,206641331,12149462,1770,032803,  전기장비 제조업
대원제약(주),003220,2021/12,11263463526,56086350,16650,032102,  의료용 물질 및 의약품 제조업
대원화성(주),024890,2021/12,7275015842,163870647,4115,032202,  고무 및 플라스틱제품 제조업
대창단조(주),015230,2021/12,58830774,760916,7900,033003,  자동차 및 트레일러 제조업
대한방직(주),001070,2021/12,196292504,412204,49400,031302,  섬유제품 제조업; 의복제외
대한유화(주),006650,2021/12,2879528160,1463548,183000,032001,  화학물질 및 화학제품 제조업; 의약품 제외
대한전선(주),001440,2021/12,2438507016,134222678,1780,032803,  전기장비 제조업
대한제강(주),084010,2021/12,322081513,2061095,15550,032401,  1차 금속 제조업
대한제당(주),001790,2021/12,145366950,4719052,3020,031006,  식료품 제조업
대한제분(주),001130,2021/12,54129825,35457,154500,031006,  식료품 제조업
대한해운(주),005880,2021/12,561924575,21884327,2640,085001,  수상 운송업
대한화섬(주),003830,2021/12,20305100,16712,124000,032005,  화학물질 및 화학제품 제조업; 의약품 제외
덕양산업(주),024900,2021/12,112426421,3419573,3305,033003,  자동차 및 트레일러 제조업
동국제강(주),001230,2021/12,1679404614,10544888,15900,032401,  1차 금속 제조업
동부건설(주),005960,2021/12,377246413,2516317,14600,064102,  종합 건설업
동성제약(주),002210,2021/12,136631839,1654045,8380,032102,  의료용 물질 및 의약품 제조업
동아쏘시오홀딩스(주),000640,2021/12,227065245,198844,115000,137105,  전문 서비스업
동아에스티(주),170900,2021/12,291383263,405270,71600,032102,  의료용 물질 및 의약품 제조업
동아타이어공업(주),282690,2021/12,62046668,493143,12300,032201,  고무 및 플라스틱제품 제조업
동양생명보험(주),082640,2021/12,468603490,6671975,6600,116602,  보험업
동양철관(주),008970,2021/12,163022237,12999163,1285,032401,  1차 금속 제조업
동양피스톤(주),092780,2021/12,78435415,1273997,6300,033001,  자동차 및 트레일러 제조업
동원금속(주),018500,2022/03,14748434,1656604,897,033003,  자동차 및 트레일러 제조업
동원산업(주),006040,2021/12,196169765,87813,227000,010301,  어업
동원수산(주),030720,2021/12,58724883,632724,9350,010301,  어업
동원시스템즈(주),014820,2021/12,471545739,908474,51200,032202,  고무 및 플라스틱제품 제조업
동일고무벨트(주),163560,2021/12,15695343,218663,7530,032201,  고무 및 플라스틱제품 제조업
동일산업(주),004890,2021/12,482881140,334858,149000,032401,  1차 금속 제조업
동일제강(주),002690,2021/12,34323075,1232563,2850,032401,  1차 금속 제조업
동화약품(주),000020,2021/12,2752466100,18164714,14600,032102,  의료용 물질 및 의약품 제조업
두산밥캣(주),241560,2021/12,2074760927,5113586,40750,032902,  기타 기계 및 장비 제조업
두산에너빌리티(주),034020,2021/12,19943627222,95682099,20400,032901,  기타 기계 및 장비 제조업
두산퓨얼셀(주),336260,2021/12,7350074953,14912582,48000,032801,  전기장비 제조업
디씨엠(주),024090,2021/12,1194554226,4723942,23300,032401,  1차 금속 제조업
디아이동일(주),001530,2021/12,992727530,372239,277000,074601,  도매 및 상품 중개업
디에스알(주),155660,2021/12,128583352,2295904,5730,032402,  1차 금속 제조업
디에스알제강(주),069730,2021/12,99683385,2108739,4730,032401,  1차 금속 제조업
디엘(주),000210,2021/12,877227991,1411894,60900,137105,  전문 서비스업
디엘건설(주),001880,2021/12,89146011,331611,27150,064101,  종합 건설업
디엘이앤씨(주),375500,2021/12,2269972555,1865935,119000,064102,  종합 건설업
디와이(주),013570,2021/12,782663877,12298462,6540,137105,  전문 서비스업
디와이파워(주),210540,2021/12,132744991,1053560,12950,032902,  기타 기계 및 장비 제조업
롯데관광개발(주),032350,2021/12,1461121516,8664846,17550,147502,  사업지원 서비스업
롯데렌탈(주),089860,2021/12,648456292,1715901,38100,147601,  임대업; 부동산 제외
롯데손해보험(주),000400,2021/12,72382975,4469320,1620,116601,  보험업
롯데쇼핑(주),023530,2021/12,1914015855,2178363,87200,074701,  소매업; 자동차 제외
롯데정밀화학(주),004000,2021/12,2321159598,2983729,75000,032001,  화학물질 및 화학제품 제조업; 의약품 제외
롯데정보통신(주),286940,2021/12,362997466,1045975,36150,106200,"  컴퓨터 프로그래밍, 시스템 통합 및 관리업"
롯데제과(주),280360,2021/12,49889690,41421,120500,031007,  식료품 제조업
롯데지주(주),004990,2021/12,1000618634,3308495,29900,137105,  전문 서비스업
롯데칠성음료(주),005300,2021/12,779408535,595034,133500,031102,  음료 제조업
롯데케미칼(주),011170,2021/12,7717260910,3406497,217000,032001,  화학물질 및 화학제품 제조업; 의약품 제외
롯데푸드(주),002270,2021/12,124566565,36145,344500,031005,  식료품 제조업
롯데하이마트(주),071840,2021/12,413700119,1608443,25150,074703,  소매업; 자동차 제외
만호제강(주),001080,2022,,,,,
메리츠증권(주),008560,2021/12,1667384735,32164822,5150,116701,  증권업
메리츠화재해상보험(주),000060,2021/12,1477603031,4601046,33550,116601,  보험업
명문제약(주),017180,2021/12,194574892,4166189,4730,032102,  의료용 물질 및 의약품 제조업
명신산업(주),009900,2021/12,5515820562,19148423,30100,033003,  자동차 및 트레일러 제조업
무림페이퍼(주),009200,2021/12,49737318,1998272,2500,031701,"  펄프, 종이 및 종이제품 제조업"
무림피앤피(주),009580,2021/12,105550213,2500395,4335,031701,"  펄프, 종이 및 종이제품 제조업"
문배철강(주),008420,2021/12,65204988,1751153,3830,032401,  1차 금속 제조업
미래산업(주),025560,2021/12,113938079,847497,14050,032702,"  의료, 정밀, 광학기기 및 시계 제조업"
미래에셋생명보험(주),085620,2021/12,48181299,1184788,4005,116602,  보험업
미래에셋증권(주),006800,2021/12,2155073050,24133192,8650,116701,  증권업
미원상사(주),002840,2021/12,229509975,114391,203500,032004,  화학물질 및 화학제품 제조업; 의약품 제외
미원스페셜티케미칼(주),268280,2021/12,284567590,136816,218500,032001,  화학물질 및 화학제품 제조업; 의약품 제외
미원홀딩스(주),107590,2021/12,112659320,76412,151500,137105,  전문 서비스업
미원화학(주),134380,2021/12,44985602,54745,81200,032004,  화학물질 및 화학제품 제조업; 의약품 제외
미창석유공업(주),003650,2021/12,10282180,13006,79000,031902,"  코크스, 연탄 및 석유정제품 제조업"
백광산업(주),001340,2021/12,370210177,7074495,5160,032001,  화학물질 및 화학제품 제조업; 의약품 제외
범양건영(주),002410,2021/12,752752729,12197866,6510,064101,  종합 건설업
보해양조(주),000890,2021/12,169017054,18179255,905,031101,  음료 제조업
부광약품(주),003000,2021/12,1027835976,7906067,12900,032102,  의료용 물질 및 의약품 제조업
부국증권(주),001270,2021/12,22885807,91651,24450,116701,  증권업
부국철강(주),026940,2021/12,105565338,2545122,4265,032401,  1차 금속 제조업
부산산업(주),011390,2021/12,63731773,62703,103500,032303,  비금속 광물제품 제조업
부산주공(주),005030,2021/12,33780619,5565614,591,033003,  자동차 및 트레일러 제조업
비케이탑스(주),030790,2021/12,2202816536,52695674,3690,106201,"  컴퓨터 프로그래밍, 시스템 통합 및 관리업"
사조동아원(주),008040,2021/12,87836852,8026937,1110,031006,  식료품 제조업
사조산업(주),007160,2021/12,239178326,516746,47350,010301,  어업
사조씨푸드(주),014710,2021/12,728742215,12831138,5550,031002,  식료품 제조업
삼부토건(주),001470,2021/12,1276617885,57711557,2325,064102,  종합 건설업
삼성SDI(주),006400,2021/12,37036295191,5506651,655000,032802,  전기장비 제조업
삼성공조(주),006660,2021/12,202480274,1253596,16800,033003,  자동차 및 트레일러 제조업
삼성물산(주),028260,2021/12,8427970177,7253485,119000,074607,  도매 및 상품 중개업
삼성바이오로직스(주),207940,2021/12,18150645122,1991911,903000,032101,  의료용 물질 및 의약품 제조업
삼성생명보험(주),032830,2021/12,6555990362,10078268,64100,116602,  보험업
삼성에스디에스(주),018260,2021/12,3778647820,2396657,156500,106201,"  컴퓨터 프로그래밍, 시스템 통합 및 관리업"
삼성엔지니어링(주),028050,2021/12,5573410260,24762666,22900,137201,"  건축기술, 엔지니어링 및 기타 과학기술 서비스업"
삼성전기(주),009150,2021/12,26873473457,14576915,197500,032602,"  전자부품, 컴퓨터, 영상, 음향 및 통신장비 제조업"
삼성전자(주),005930,2021/12,266372398198,343905413,78300,032604,"  전자부품, 컴퓨터, 영상, 음향 및 통신장비 제조업"
삼성제약(주),001360,2021/12,373265990,7441255,4925,032102,  의료용 물질 및 의약품 제조업
삼성중공업(주),010140,2021/12,4044841104,72435590,5670,033101,  기타 운송장비 제조업
삼성증권(주),016360,2021/12,5762055470,11923109,44900,116701,  증권업
삼성카드(주),029780,2021/12,1236064851,3693490,31500,117101,  여신금융업
삼성화재해상보험(주),000810,2021/12,4375062083,2072078,202000,116601,  보험업
삼아알미늄(주),006110,2021/12,1190981364,4344675,27000,032402,  1차 금속 제조업
삼양식품(주),003230,2021/12,2123741855,2304318,94800,031007,  식료품 제조업
삼양통상(주),002170,2021/12,31457680,53974,58000,031501,"  가죽, 가방 및 신발 제조업"
삼영무역(주),002810,2021/12,27612892,188404,14450,074607,  도매 및 상품 중개업
삼영전자공업(주),005680,2021/12,85573261,770196,11400,032602,"  전자부품, 컴퓨터, 영상, 음향 및 통신장비 제조업"
삼영화학공업(주),003720,2021/12,73614146,2554552,3000,032202,  고무 및 플라스틱제품 제조업
삼익티에이치케이(주),004380,2021/12,527632802,4099118,13100,032901,  기타 기계 및 장비 제조업
삼일제약(주),000520,2021/12,504320388,5643427,8340,032102,  의료용 물질 및 의약품 제조업
삼정펄프(주),009770,2021/12,10237112,37229,30000,031701,"  펄프, 종이 및 종이제품 제조업"
삼진제약(주),005500,2021/12,243325858,935254,26300,032102,  의료용 물질 및 의약품 제조업
삼호개발(주),010960,2021/12,93467201,1842679,5100,064201,  전문직별 공사업
삼화왕관(주),004450,2021/12,8209806,19535,43500,032509,  금속가공제품 제조업; 기계 및 가구 제외
삼화전기(주),009470,2021/12,150231652,501408,30700,032602,"  전자부품, 컴퓨터, 영상, 음향 및 통신장비 제조업"
삼화전자공업(주),011230,2021/12,37467601,925709,4040,032605,"  전자부품, 컴퓨터, 영상, 음향 및 통신장비 제조업"
삼화콘덴서공업(주),001820,2021/12,713707258,1264651,60200,032602,"  전자부품, 컴퓨터, 영상, 음향 및 통신장비 제조업"
삼화페인트공업(주),000390,2021/12,91935018,993850,9230,032004,  화학물질 및 화학제품 제조업; 의약품 제외
상신브레이크(주),041650,2021/12,31909084,828922,3880,033003,  자동차 및 트레일러 제조업
새론오토모티브(주),075180,2021/12,10855105,205312,5480,033003,  자동차 및 트레일러 제조업
샘표(주),007540,2021/12,21798534,52901,42650,137105,  전문 서비스업
샘표식품(주),248170,2021/12,98198898,217310,44750,031007,  식료품 제조업
서울도시가스(주),017390,2021/12,234621955,140795,167500,043502,"  전기, 가스, 증기 및 공기조절 공급업"
서울식품공업(주),004410,2021/12,513476877,160760806,330,031007,  식료품 제조업
선도전기(주),007610,2021/12,100572298,2860924,3590,032801,  전기장비 제조업
성문전자(주),014910,2021/12,40982747,1751763,2415,032602,"  전자부품, 컴퓨터, 영상, 음향 및 통신장비 제조업"
성보화학(주),003080,2021/12,28439841,715754,3980,032003,  화학물질 및 화학제품 제조업; 의약품 제외
성신양회(주),004980,2021/12,12473969672,74325463,16550,032303,  비금속 광물제품 제조업
성창기업지주(주),000180,2021/12,95110278,3915929,2445,137105,  전문 서비스업
세기상사(주),002420,2021/12,646493602,4304227,10600,105901,  영상ㆍ오디오 기록물 제작 및 배급업
세방(주),004360,2021/12,198388720,1700965,11950,084903,  육상운송 및 파이프라인 운송업
세방전지(주),004490,2021/12,764048471,1008896,75900,032802,  전기장비 제조업
세원이앤씨(주),091090,2021/12,734010075,64903254,1140,032501,  금속가공제품 제조업; 기계 및 가구 제외
세종공업(주),033530,2021/12,536452420,5949287,8710,033003,  자동차 및 트레일러 제조업
세하(주),027970,2021/12,88376195,5430519,1610,031701,"  펄프, 종이 및 종이제품 제조업"
솔루스첨단소재(주),336370,2021/12,7827912155,8758285,89300,032602,"  전자부품, 컴퓨터, 영상, 음향 및 통신장비 제조업"
송원산업(주),004430,2021/12,2810923374,13659450,21450,032004,  화학물질 및 화학제품 제조업; 의약품 제외
스틱인베스트먼트(주),026890,2021/12,2717914349,18131569,14700,032801,  전기장비 제조업
신대양제지(주),016590,2021/12,98800483,120234,85700,031702,"  펄프, 종이 및 종이제품 제조업"
신라교역(주),004970,2021/12,36303126,272814,13400,010301,  어업
신성통상(주),005390,2022,,,,,
신세계건설(주),034300,2021/12,79415904,241021,34700,064101,  종합 건설업
신송홀딩스(주),006880,2021/12,17328104,332622,5190,074602,  도매 및 상품 중개업
신영증권(주),001720,2022/03,114285237,183231,59600,116701,  증권업
신일전자(주),002700,2021/12,666535578,32196862,2115,074605,  도매 및 상품 중개업
신풍제약(주),019170,2021/12,7983095461,23586534,31950,032102,  의료용 물질 및 의약품 제조업
신풍제지(주),002870,2021/12,96787821,4249604,2215,031701,"  펄프, 종이 및 종이제품 제조업"
쌍용씨앤이(주),003410,2021/12,943046682,12070995,7710,032303,  비금속 광물제품 제조업
쌍용자동차(주),003620,2021/12,0,0,2770,033001,  자동차 및 트레일러 제조업
써니전자(주),004770,2021/12,4295253219,102769258,4660,032602,"  전자부품, 컴퓨터, 영상, 음향 및 통신장비 제조업"
씨에스윈드(주),112610,2021/12,3004890264,4856713,65700,032501,  금속가공제품 제조업; 기계 및 가구 제외
씨제이(주),001040,2021/12,948878432,1126859,83400,137105,  전문 서비스업
씨제이대한통운(주),000120,2021/12,1173336970,910067,126000,084903,  육상운송 및 파이프라인 운송업
씨제이씨지브이(주),079160,2021/12,1149750582,4779688,25050,105901,  영상ㆍ오디오 기록물 제작 및 배급업
씨제이씨푸드(주),011150,2021/12,446092067,11431430,3800,031007,  식료품 제조업
씨제이제일제당(주),097950,2021/12,3560888130,931348,387500,031007,  식료품 제조업
아남전자(주),008700,2021/12,312089092,13281246,2400,032605,"  전자부품, 컴퓨터, 영상, 음향 및 통신장비 제조업"
아세아(주),002030,2021/12,86051400,69082,128000,137105,  전문 서비스업
아세아시멘트(주),183190,2021/12,352962585,287154,122000,032303,  비금속 광물제품 제조업
아세아제지(주),002310,2021/12,421798327,839438,52600,031702,"  펄프, 종이 및 종이제품 제조업"
아시아나아이디티(주),267850,2021/12,192892028,1054265,18100,106201,"  컴퓨터 프로그래밍, 시스템 통합 및 관리업"
아시아나항공(주),020560,2021/12,2081843370,10579998,20000,085101,  항공 운송업
아이에스동서(주),010780,2021/12,829815664,1895072,44250,032302,  비금속 광물제품 제조업
아주스틸(주),139990,2021/12,489116764,2665642,18500,032401,  1차 금속 제조업
애경산업(주),018250,2021/12,117253936,613760,19000,032004,  화학물질 및 화학제품 제조업; 의약품 제외
애경케미칼(주),161000,2021/12,460440614,4153812,10850,032001,  화학물질 및 화학제품 제조업; 의약품 제외
에스디바이오센서(주),137310,2021/12,9257044992,16975587,55900,032701,"  의료, 정밀, 광학기기 및 시계 제조업"
에스엘(주),005850,2021/12,1356742662,4376414,31200,033003,  자동차 및 트레일러 제조업
에스지씨에너지(주),005090,2021/12,486544573,1072095,47300,043501,"  전기, 가스, 증기 및 공기조절 공급업"
에스케이(주),034730,2021/12,9069490302,3490457,251000,137105,  전문 서비스업
에스케이가스(주),018670,2021/12,566287415,439378,127500,074607,  도매 및 상품 중개업
에스케이네트웍스(주),001740,2021/12,387388710,7757706,5020,074607,  도매 및 상품 중개업
에스케이디스커버리(주),006120,2021/12,379346256,813687,46400,137105,  전문 서비스업
에스케이디앤디(주),210980,2021/12,3004084503,8131500,31750,126801,  부동산업
에스케이렌터카(주),068400,2021/12,88471559,859756,10250,147601,  임대업; 부동산 제외
에스케이바이오사이언스(주),302440,2021/12,47053189300,18875333,225000,032101,  의료용 물질 및 의약품 제조업
에스케이바이오팜(주),326030,2021/12,4372723634,4370083,97200,137001,  연구개발업
에스케이스퀘어(주),402340,2021/12,42710137327,66807823,66400,137105,  전문 서비스업
에스케이씨(주),011790,2021/12,9491629844,5283807,174500,032004,  화학물질 및 화학제품 제조업; 의약품 제외
에스케이아이이테크놀로지(주),361610,2021/12,14188752400,8475922,168000,032802,  전기장비 제조업
에스케이증권(주),001510,2021/12,888047370,87542573,1000,116701,  증권업
에스케이케미칼(주),285130,2021/12,4678361729,3081166,149000,032002,  화학물질 및 화학제품 제조업; 의약품 제외
에스케이텔레콤(주),017670,2021/12,14789217482,25553956,57900,106102,  우편 및 통신업
에스케이하이닉스(주),000660,2021/12,106058515091,86416541,131000,032601,"  전자부품, 컴퓨터, 영상, 음향 및 통신장비 제조업"
에쓰-오일(주),010950,2021/12,5289279322,6033312,85700,031902,"  코크스, 연탄 및 석유정제품 제조업"
에쓰씨엔지니어링(주),023960,2021/12,131401490,4194922,2995,064102,  종합 건설업
에어부산(주),298690,2021/12,408190645,18562951,2260,085101,  항공 운송업
에이치디씨(주),012630,2021/12,254386944,2459900,10450,137105,  전문 서비스업
에이치디씨랩스(주),039570,2021/12,104735100,845317,12200,064203,  전문직별 공사업
에이치디씨현대산업개발(주),294870,2021/12,1103676370,4772527,22900,064101,  종합 건설업
에이치디씨현대이피(주),089470,2021/12,104406143,1813387,5950,032004,  화학물질 및 화학제품 제조업; 의약품 제외
에이치에스디엔진(주),082740,2021/12,561601935,6782393,8340,032901,  기타 기계 및 장비 제조업
에이치엘비글로벌(주),003580,2021/12,8223998371,39857148,21800,020702,  비금속광물 광업; 연료용 제외
에이치엠엠(주),011200,2021/12,22319497136,82349382,26900,085001,  수상 운송업
에이케이홀딩스(주),006840,2021/12,124468417,627095,19300,137105,  전문 서비스업
에이프로젠제약(주),003060,2021/12,152595069,17443881,905,032102,  의료용 물질 및 의약품 제조업
엔에이치기업인수목적19호(주),380440,2021/12,62716844,3036453,2065,117201,  기타금융업
엔에이치엔(주),181710,2021/12,4088879296,4658889,45000,105802,  출판업
엔에이치투자증권(주),005940,2021/12,2943065744,22322215,12500,116701,  증권업
엔피씨(주),004250,2021/12,13211188777,143743828,10500,032202,  고무 및 플라스틱제품 제조업
엘브이엠씨홀딩스(주),900140,2021/12,243848657,6925241,3640,074501,  자동차 및 부품 판매업
엘아이지넥스원(주),079550,2021/12,4886942932,7841643,68600,032502,  금속가공제품 제조업; 기계 및 가구 제외
엘에스전선아시아(주),229640,2021/12,117056743,1487847,7930,137105,  전문 서비스업
엘지디스플레이(주),034220,2021/12,20714844486,91628076,24600,032602,"  전자부품, 컴퓨터, 영상, 음향 및 통신장비 제조업"
엘지전자(주),066570,2021/12,30833695635,23635590,138000,032604,"  전자부품, 컴퓨터, 영상, 음향 및 통신장비 제조업"
영보화학(주),014440,2021/12,217489295,4705816,4425,032202,  고무 및 플라스틱제품 제조업
영진약품(주),003520,2021/12,4648683942,89605802,5290,032102,  의료용 물질 및 의약품 제조업
영풍제지(주),006740,2021/12,141514335,1938337,7580,031702,"  펄프, 종이 및 종이제품 제조업"
영화금속(주),012280,2021/12,638488847,37753027,1615,033003,  자동차 및 트레일러 제조업
우리종합금융(주),010050,2021/12,529682720,58554164,902,117001,  종합금융업
웰바이오텍(주),010600,2021/12,610368352,32627634,1765,074601,  도매 및 상품 중개업
유니온머티리얼(주),047400,2021/12,1291096798,40422435,3175,032302,  비금속 광물제품 제조업
유니퀘스트(주),077500,2021/12,727675896,6511456,12100,074605,  도매 및 상품 중개업
유성기업(주),002920,2021/12,31490912,1008060,3195,033003,  자동차 및 트레일러 제조업
유안타증권(주),003470,2021/12,229763086,5658924,4020,116701,  증권업
유엔젤(주),072130,2021/12,362510219,7031613,5270,106301,  정보서비스업
유진투자증권(주),001200,2021/12,182855876,5036931,3595,116701,  증권업
유화증권(주),003460,2021/12,20592233,748090,2700,116701,  증권업
율촌화학(주),008730,2021/12,808457438,3187751,27250,032202,  고무 및 플라스틱제품 제조업
이건산업(주),008250,2021/12,186254486,1608999,11450,031602,  목재 및 나무제품 제조업; 가구 제외
이구산업(주),025820,2021/12,436021060,11940928,3635,032402,  1차 금속 제조업
이연제약(주),102460,2021/12,2661219130,6589235,35550,032102,  의료용 물질 및 의약품 제조업
이화산업(주),000760,2021/12,4622311,29611,15550,074607,  도매 및 상품 중개업
인지컨트롤스(주),023800,2021/12,252001862,1764874,15300,033003,  자동차 및 트레일러 제조업
인천도시가스(주),034590,2021/12,14317372,51423,27150,043502,"  전기, 가스, 증기 및 공기조절 공급업"
인터지스(주),129260,2021/12,74003108,2174532,3485,084903,  육상운송 및 파이프라인 운송업
일동제약(주),249420,2021/12,28411642400,98150066,33600,032102,  의료용 물질 및 의약품 제조업
일동홀딩스(주),000230,2021/12,2087225901,12572527,14800,032102,  의료용 물질 및 의약품 제조업
일성건설(주),013360,2021/12,3168768358,52369921,6270,064102,  종합 건설업
일성신약(주),003120,2021/12,18907658,25675,73800,032102,  의료용 물질 및 의약품 제조업
일신방직(주),003200,2021/12,94630365,90354,107000,031301,  섬유제품 제조업; 의복제외
일양약품(주),007570,2021/12,907811086,3124484,28050,032102,  의료용 물질 및 의약품 제조업
일정실업(주),008500,2021/12,96576696,309709,36400,031303,  섬유제품 제조업; 의복제외
일진다이아몬드(주),081000,2021/12,434761214,1387792,30350,032004,  화학물질 및 화학제품 제조업; 의약품 제외
일진디스플레이(주),020760,2021/12,94242684,3744857,2535,032601,"  전자부품, 컴퓨터, 영상, 음향 및 통신장비 제조업"
일진머티리얼즈(주),020150,2021/12,10366164330,8351863,135000,032602,"  전자부품, 컴퓨터, 영상, 음향 및 통신장비 제조업"
일진전기(주),103590,2021/12,106963848,2171750,5110,032803,  전기장비 제조업
일진하이솔루스(주),271940,2021/12,5081225974,9185951,54500,033109,  기타 운송장비 제조업
일진홀딩스(주),015860,2021/12,140961394,2592381,5480,137105,  전문 서비스업
자이에스앤디(주),317400,2021/12,472906390,4883075,9250,126801,  부동산업
자화전자(주),033240,2021/12,4381806022,17951656,25050,032602,"  전자부품, 컴퓨터, 영상, 음향 및 통신장비 제조업"
전방(주),000950,2021/12,8682748,21886,40200,031301,  섬유제품 제조업; 의복제외
제이더블유생명과학(주),234080,2021/12,160831548,1111442,13850,032102,  의료용 물질 및 의약품 제조업
제이더블유중외제약(주),001060,2021/12,523974624,2232788,22800,032102,  의료용 물질 및 의약품 제조업
제이더블유홀딩스(주),096760,2021/12,49987450,1441772,3430,137105,  전문 서비스업
제이준코스메틱(주),025620,2021/12,1089039115,93759834,1030,032004,  화학물질 및 화학제품 제조업; 의약품 제외
제일약품(주),271980,2021/12,3907631910,10366575,33850,032102,  의료용 물질 및 의약품 제조업
제일연마공업(주),001560,2021/12,18043625,201290,8720,032309,  비금속 광물제품 제조업
제일파마홀딩스(주),002620,2021/12,312075406,1733975,16000,137105,  전문 서비스업
조광페인트(주),004910,2021/12,84003516,981565,8770,032004,  화학물질 및 화학제품 제조업; 의약품 제외
조광피혁(주),004700,2021/12,14442565,27238,54600,031501,"  가죽, 가방 및 신발 제조업"
조선내화(주),000480,2021/12,26195874,31570,81000,032302,  비금속 광물제품 제조업
조선선재(주),120030,2021/12,50884984,48308,109500,032509,  금속가공제품 제조업; 기계 및 가구 제외
조일알미늄(주),018470,2021/12,658694862,32254650,1980,032402,  1차 금속 제조업
중소기업은행,024110,2021/12,3412997800,31431808,10300,116501,  은행업
지에스건설(주),006360,2021/12,3071410300,7577110,39600,064101,  종합 건설업
지엠비코리아(주),013870,2021/12,104581570,1745433,5930,033003,  자동차 및 트레일러 제조업
진양산업(주),003780,2021/12,337262205,4124526,8370,032202,  고무 및 플라스틱제품 제조업
진양폴리우레탄(주),010640,2021/12,359296680,6096905,6790,032202,  고무 및 플라스틱제품 제조업
진양화학(주),051630,2021/12,93334639,1851170,5500,032202,  고무 및 플라스틱제품 제조업
진원생명과학(주),011000,2021/12,7551008741,36162288,16200,032102,  의료용 물질 및 의약품 제조업
진흥기업(주),002780,2021/12,312940467,14944183,2180,064102,  종합 건설업
참엔지니어링(주),009310,2021/12,119811133,9579206,1280,032902,  기타 기계 및 장비 제조업
컨버즈(주),109070,2021/12,0,0,4100,031702,"  펄프, 종이 및 종이제품 제조업"
케이비아이동국실업(주),001620,2021/12,38687041,4865175,810,033003,  자동차 및 트레일러 제조업
케이씨그린홀딩스(주),009440,2021/12,90804368,2052497,4475,137105,  전문 서비스업
케이씨코트렐(주),119650,2021/12,86678533,1422882,6170,032901,  기타 기계 및 장비 제조업
케이알모터스(주),000040,2021/12,39663555,4543491,865,033109,  기타 운송장비 제조업
케이지케미칼(주),001390,2021/12,483988656,1559597,30750,032001,  화학물질 및 화학제품 제조업; 의약품 제외
케이카(주),381970,2021/12,8531428874,23167315,34100,074501,  자동차 및 부품 판매업
케이피엑스케미칼(주),025000,2021/12,58484402,107543,53600,032001,  화학물질 및 화학제품 제조업; 의약품 제외
케이피엑스홀딩스(주),092230,2021/12,90882471,139287,63500,032001,  화학물질 및 화학제품 제조업; 의약품 제외
코리안리재보험(주),003690,2021/12,581262102,6119176,9250,116601,  보험업
코스맥스(주),192820,2021/12,2821071423,2992822,87400,032004,  화학물질 및 화학제품 제조업; 의약품 제외
코스맥스비티아이(주),044820,2021/12,34859964,261443,13600,137105,  전문 서비스업
코스모신소재(주),005070,2021/12,4610251214,10272464,46150,032004,  화학물질 및 화학제품 제조업; 의약품 제외
코스모화학(주),005420,2021/12,1079237466,7317183,16100,032004,  화학물질 및 화학제품 제조업; 의약품 제외
코오롱글로벌(주),003070,2021/12,245914882,1091397,22600,064102,  종합 건설업
코오롱인더스트리(주),120110,2021/12,4099338171,5511826,70900,032005,  화학물질 및 화학제품 제조업; 의약품 제외
코오롱플라스틱(주),138490,2021/12,1937019010,14831790,13000,032002,  화학물질 및 화학제품 제조업; 의약품 제외
코웨이(주),021240,2021/12,2326873336,3080405,74400,199609,  기타 개인 서비스업
쿠쿠홀딩스(주),192400,2021/12,172639240,917978,19150,137105,  전문 서비스업
쿠쿠홈시스(주),284740,2021/12,402872750,1049662,39200,147602,  임대업; 부동산 제외
키움증권(주),039490,2021/12,1438069696,1344108,107000,116701,  증권업
태경산업(주),015890,2021/12,854368245,11819977,6700,032001,  화학물질 및 화학제품 제조업; 의약품 제외
태경케미컬(주),006890,2021/12,111231134,893177,12350,032001,  화학물질 및 화학제품 제조업; 의약품 제외
태광산업(주),003240,2021/12,173314740,17309,1043000,032005,  화학물질 및 화학제품 제조업; 의약품 제외
태림포장(주),011280,2021/12,591414334,13063604,4375,031702,"  펄프, 종이 및 종이제품 제조업"
태양금속공업(주),004100,2021/12,58151445,4304248,1335,033003,  자동차 및 트레일러 제조업
태원물산(주),001420,2021/12,80414106,1410288,5820,033003,  자동차 및 트레일러 제조업
태평양물산(주),007980,2021/12,142843810,6245028,2275,031401,"  의복, 의복 액세서리 및 모피제품 제조업"
텔코웨어(주),078000,2021/12,14652786,132739,10950,106301,  정보서비스업
티와이엠(주),002900,2021/12,321726637,18563612,1765,032902,  기타 기계 및 장비 제조업
티케이지휴켐스(주),069260,2021/12,1135211304,4832738,23150,032004,  화학물질 및 화학제품 제조업; 의약품 제외
파미셀(주),005690,2021/12,3162792454,23656376,13050,032101,  의료용 물질 및 의약품 제조업
팜젠사이언스(주),004720,2021/12,1020897940,8865717,10500,032102,  의료용 물질 및 의약품 제조업
팬오션(주),028670,2021/12,3051763278,54937500,5410,085001,  수상 운송업
퍼스텍(주),010820,2021/12,1912296158,69989045,2800,032502,  금속가공제품 제조업; 기계 및 가구 제외
페이퍼코리아(주),001020,2021/12,141402310,8325227,1605,031701,"  펄프, 종이 및 종이제품 제조업"
평화산업(주),090080,2021/12,149160060,8406353,1730,033003,  자동차 및 트레일러 제조업
평화홀딩스(주),010770,2021/12,13959115,306460,4460,033003,  자동차 및 트레일러 제조업
포스코스틸리온(주),058430,2021/12,330133459,595663,55000,032401,  1차 금속 제조업
포스코홀딩스(주),005490,2021/12,27103276960,9556765,274500,032401,  1차 금속 제조업
프레스티지바이오파마,950210,2022,,,,,
피아이첨단소재(주),178920,2021/12,2948179452,5780834,55100,032202,  고무 및 플라스틱제품 제조업
하나제약(주),293480,2021/12,56743551,289040,20150,032102,  의료용 물질 및 의약품 제조업
하이트진로(주),000080,2021/12,1170598657,3873689,30150,031101,  음료 제조업
하이트진로홀딩스(주),000140,2021/12,61686441,500743,12200,137105,  전문 서비스업
한국가스공사(주),036460,2021/12,2634095232,6906024,39100,043502,"  전기, 가스, 증기 및 공기조절 공급업"
한국공항(주),005430,2021/12,49522547,118439,43850,085209,  창고 및 운송관련 서비스업
한국내화(주),010040,2021/12,22977476,672984,3525,032302,  비금속 광물제품 제조업
한국단자공업(주),025540,2021/12,469919056,651231,76300,032801,  전기장비 제조업
한국석유공업(주),004090,2021/12,105007036,924469,11300,032309,  비금속 광물제품 제조업
한국수출포장공업(주),002200,2021/12,49897808,198593,25500,031702,"  펄프, 종이 및 종이제품 제조업"
한국쉘석유(주),002960,2021/12,134717595,49614,257500,031902,"  코크스, 연탄 및 석유정제품 제조업"
한국앤컴퍼니(주),000240,2021/12,363596210,2282559,15700,137105,  전문 서비스업
한국유나이티드제약(주),033270,2021/12,1576099811,3226072,47350,032102,  의료용 물질 및 의약품 제조업
한국자산신탁(주),123890,2021/12,207803128,4918080,4085,117201,  기타금융업
한국전력공사(주),015760,2021/12,7700779560,35085645,22100,043501,"  전기, 가스, 증기 및 공기조절 공급업"
한국전력기술(주),052690,2021/12,14680784662,16261686,85000,137201,"  건축기술, 엔지니어링 및 기타 과학기술 서비스업"
한국조선해양(주),009540,2021/12,3887999660,4062548,94600,033101,  기타 운송장비 제조업
한국주강(주),025890,2021/12,729552034,10390501,5320,032902,  기타 기계 및 장비 제조업
한국주철관공업(주),000970,2021/12,81873555,925585,9100,032401,  1차 금속 제조업
한국지역난방공사,071320,2021/12,35790800,93711,38750,043503,"  전기, 가스, 증기 및 공기조절 공급업"
한국철강(주),104700,2021/12,184167852,2392828,7740,032401,  1차 금속 제조업
한국콜마(주),161890,2021/12,541484150,1338937,40250,032004,  화학물질 및 화학제품 제조업; 의약품 제외
한국콜마홀딩스(주),024720,2021/12,106533025,552310,19650,137105,  전문 서비스업
한국타이어앤테크놀로지(주),161390,2021/12,1576743024,3895242,39700,032201,  고무 및 플라스틱제품 제조업
한국투자금융지주(주),071050,2021/12,3171933723,3833317,80700,116502,  은행업
한국프랜지공업(주),010100,2021/12,46290731,1760854,2680,033003,  자동차 및 트레일러 제조업
한국항공우주산업(주),047810,2021/12,2783266854,9195774,32450,033103,  기타 운송장비 제조업
한국화장품(주),123690,2021/12,29343239,337953,8710,074604,  도매 및 상품 중개업
한미반도체(주),042700,2021/12,4397772843,12007620,37850,032902,  기타 기계 및 장비 제조업
한미사이언스(주),008930,2021/12,1062718000,1910779,54200,137105,  전문 서비스업
한미약품(주),128940,2021/12,1872956605,678553,276000,032102,  의료용 물질 및 의약품 제조업
한성기업(주),003680,2021/12,156093040,2244874,6430,031002,  식료품 제조업
한세실업(주),105630,2021/12,1230758304,5706979,21950,031401,"  의복, 의복 액세서리 및 모피제품 제조업"
한세엠케이(주),069640,2021/12,23610948,569081,4025,074704,  소매업; 자동차 제외
한세예스24홀딩스(주),016450,2021/12,36137078,497147,7420,031401,"  의복, 의복 액세서리 및 모피제품 제조업"
한솔로지스틱스(주),009180,2021/12,397639262,9923279,3930,085209,  창고 및 운송관련 서비스업
한솔제지(주),213500,2021/12,233731292,1722386,13500,031701,"  펄프, 종이 및 종이제품 제조업"
한솔테크닉스(주),004710,2021/12,1496498100,19667653,7810,032602,"  전자부품, 컴퓨터, 영상, 음향 및 통신장비 제조업"
한솔피엔에스(주),010420,2021/12,29835238,1537795,1985,074607,  도매 및 상품 중개업
한솔홀딩스(주),004150,2021/12,78543249,2234894,3550,137105,  전문 서비스업
한신공영(주),004960,2021/12,183160470,1156236,15700,064101,  종합 건설업
한신기계공업(주),011700,2021/12,951219922,25541638,3640,032901,  기타 기계 및 장비 제조업
한양증권(주),001750,2021/12,186419822,1164513,15700,116701,  증권업
한온시스템(주),018880,2021/12,2811989807,20448614,13450,032901,  기타 기계 및 장비 제조업
한올바이오파마(주),009420,2021/12,943995246,4543991,21050,032102,  의료용 물질 및 의약품 제조업
한일시멘트(주),300720,2021/12,1956030366,8847744,21000,032303,  비금속 광물제품 제조업
한일철강(주),002220,2021/12,29460751,1106849,2675,032401,  1차 금속 제조업
한일현대시멘트(주),006390,2021/12,184706729,552829,33300,032303,  비금속 광물제품 제조업
한일홀딩스(주),003300,2021/12,53138612,384371,13500,032303,  비금속 광물제품 제조업
한전산업개발(주),130660,2021/12,1181547186,9262569,12200,137201,"  건축기술, 엔지니어링 및 기타 과학기술 서비스업"
한전케이피에스(주),051600,2021/12,1504615398,3838336,38550,064203,  전문직별 공사업
한화생명보험(주),088350,2021/12,1315058201,43812137,2935,116602,  보험업
한화손해보험(주),000370,2021/12,235843974,6330593,3710,116601,  보험업
한화솔루션(주),009830,2021/12,5366688544,14961792,35500,032001,  화학물질 및 화학제품 제조업; 의약품 제외
한화시스템(주),272210,2021/12,1834478875,11900631,16000,032602,"  전자부품, 컴퓨터, 영상, 음향 및 통신장비 제조업"
한화에어로스페이스(주),012450,2021/12,4139404722,8931589,48000,033103,  기타 운송장비 제조업
한화투자증권(주),003530,2021/12,12195132631,188370484,6390,116701,  증권업
해성디에스(주),195870,2021/12,2174358361,4519450,48850,032602,"  전자부품, 컴퓨터, 영상, 음향 및 통신장비 제조업"
해태제과식품(주),101530,2021/12,11648172,147030,7970,031007,  식료품 제조업
핸즈코퍼레이션(주),143210,2021/12,16117480,326203,4995,033003,  자동차 및 트레일러 제조업
현대건설(주),000720,2021/12,6363666311,13571001,44450,064102,  종합 건설업
현대건설기계(주),267270,2021/12,406875892,1017062,40550,032901,  기타 기계 및 장비 제조업
현대글로비스(주),086280,2021/12,4051171925,2457889,168000,085209,  창고 및 운송관련 서비스업
현대두산인프라코어(주),042670,2021/12,2842537672,39834418,7080,032902,  기타 기계 및 장비 제조업
현대로템(주),064350,2021/12,2501704688,12222654,20800,033102,  기타 운송장비 제조업
현대모비스(주),012330,2021/12,13147070560,5315235,254500,033003,  자동차 및 트레일러 제조업
현대비앤지스틸(주),004560,2021/12,304617986,1828665,16450,032401,  1차 금속 제조업
현대약품(주),004310,2021/11,270835999,4864269,4930,032102,  의료용 물질 및 의약품 제조업
현대에너지솔루션(주),322000,2021/12,99452068,488468,21400,032601,"  전자부품, 컴퓨터, 영상, 음향 및 통신장비 제조업"
현대엘리베이터(주),017800,2021/12,1266558542,3071394,41200,032901,  기타 기계 및 장비 제조업
현대오토에버(주),307950,2021/12,4427472265,3396754,138000,105802,  출판업
현대위아(주),011210,2021/12,3444581433,4387180,79900,033003,  자동차 및 트레일러 제조업
현대일렉트릭앤에너지시스템(주),267260,2021/12,947187154,4495820,19900,032801,  전기장비 제조업
현대자동차(주),005380,2021/12,27739133572,13280620,209000,033001,  자동차 및 트레일러 제조업
현대제철(주),004020,2021/12,5356782230,12875386,41000,032401,  1차 금속 제조업
현대중공업(주),329180,2021/12,7042887051,7197714,95200,033101,  기타 운송장비 제조업
현대차증권(주),001500,2021/12,247698848,1946865,12350,116701,  증권업
현대코퍼레이션(주),011760,2021/12,80105768,486046,16800,074608,  도매 및 상품 중개업
현대코퍼레이션홀딩스(주),227840,2021/12,45181831,373944,11900,074603,  도매 및 상품 중개업
현대해상화재보험(주),001450,2021/12,1930705133,7959741,22950,116601,  보험업
호전실업(주),111110,2021/12,141500482,1357505,10150,031401,"  의복, 의복 액세서리 및 모피제품 제조업"
화성산업(주),002460,2021/12,171568666,1353378,12600,064101,  종합 건설업
화천기계(주),010660,2021/12,84595670,3280806,2665,032902,  기타 기계 및 장비 제조업
화천기공(주),000850,2021/12,25313889,73212,34250,032902,  기타 기계 및 장비 제조업
환인제약(주),016580,2021/12,125501822,724412,17800,032102,  의료용 물질 및 의약품 제조업
효성아이티엑스(주),094280,2021/12,103831886,513937,20000,147509,  사업지원 서비스업
효성중공업(주),298040,2021/12,467067965,781009,58300,032801,  전기장비 제조업
효성첨단소재(주),298050,2021/12,9909126180,1521509,596000,032005,  화학물질 및 화학제품 제조업; 의약품 제외
효성티앤씨(주),298020,2021/12,6634984430,1158328,521000,032005,  화학물질 및 화학제품 제조업; 의약품 제외
효성화학(주),298000,2021/12,3654586500,1174804,303500,032001,  화학물질 및 화학제품 제조업; 의약품 제외
흥국화재해상보험(주),000540,2021/12,19324856,537529,3600,116601,  보험업
흥아해운(주),003280,2021/12,772785348,27120375,2700,085001,  수상 운송업
