회사명,거래소코드,회계년도,PER(최고)(IFRS),PBR(최고)(IFRS),PCR(최고)(IFRS),PSR(최고)(IFRS),총자본증가율(IFRS),자기자본증가율(IFRS),매출액증가율(IFRS),순이익증가율(IFRS),매출액총이익률(IFRS),매출액순이익률(IFRS),자기자본순이익률(IFRS),배당성향(IFRS),부채비율(IFRS),유동비율(IFRS),자기자본회전률(IFRS),기업가치(EV)(IFRS)(백만원),EBITDA(IFRS)(백만원),EV/EBITDA(IFRS)(배)
(주)금양,1570,Dec-21,1609.36,5.67,0,1.91,45.97,27.47,45.14,0,13.16,0.12,0.39,0,295.42,101.26,3.33,364963.83,9751.2,37.43
(주)하이브,352820,Dec-21,1408.02,5.99,642.49,29.46,132.95,120.55,18.37,-79.77,33.93,2.09,0.58,0,50.29,451.34,0.28,15251182.47,65314.37,233.5
부광약품(주),3000,Dec-21,906.41,7.34,68.08,12.17,1.41,4.84,9.32,0,40.99,1.34,0.8,280.75,30.81,528.11,0.6,866669.78,17910.6,48.39
삼부토건(주),1470,Dec-21,895.31,2.66,0,2.06,9.1,6.95,-14.82,-88.5,7.02,0.23,0.31,0,92.82,189.43,1.33,428334.92,-3118.3,0
한미사이언스(주),8930,Dec-21,890.05,13.06,609.19,178.96,-1.06,-2.03,2.19,-6.24,0,20.11,1.4,180.57,16.4,15.31,0.07,3700921.12,13622.76,271.67
제일약품(주),271980,Dec-21,880.81,5.43,33.61,1.34,-0.46,1.82,1.36,-88.36,22.36,0.15,0.61,88.86,130.32,119.97,3.98,530823.08,7581.47,70.02
두산퓨얼셀(주),336260,Dec-21,615.59,10.6,0,14.03,-11.56,1.1,-17.41,-38.72,12.64,2.28,1.69,0,34.87,641.94,0.74,3467817.18,26643.5,130.16
태원물산(주),1420,Dec-21,610.64,1.6,79.83,3.37,-2.24,-0.91,-9.95,0,3.89,0.55,0.26,496.26,19.49,579.14,0.47,43388.64,-56.06,0
두산에너빌리티(주),34020,Dec-21,553.63,3.12,26.25,4.1,25.88,64.75,4.1,0,11.46,0.74,0.58,0,146.1,51.57,0.78,15110499.18,310989.07,48.59
(주)삼성출판사,68290,Dec-21,549.82,3.5,100.88,10.49,38.56,35.54,-0.95,-98.16,50.18,1.91,0.72,186.38,22.98,529.93,0.38,324885.96,3444.73,94.31
이연제약(주),102460,Dec-21,532.9,5.92,121.64,9.79,49.65,5.26,9.82,5.36,55.63,1.84,1.1,173.89,93.99,339.19,0.6,784531.7,6966.84,112.61
(주)카카오,35720,Dec-21,492,39.5,305.77,116.86,36.47,23.07,19.88,0,0,23.75,8.53,4.54,52.95,104.94,0.36,50192135.6,546255,91.88
한국석유공업(주),4090,Dec-21,482.95,30.57,0,16.68,5.56,5.88,15.42,76.37,12.03,3.45,6.31,14.18,76.01,137.23,1.83,217808.33,8025.57,27.14
에스케이씨(주),11790,Dec-21,469.76,4.17,0,14.25,5.77,-1.64,-0.75,-96.36,26.77,3.03,0.85,235.36,64.44,42.82,0.28,7449700.28,60949.49,122.23
롯데푸드(주),2270,Dec-21,402.82,0.74,11.95,0.36,-1.01,3.5,-6.43,-97.99,18.43,0.09,0.18,696.14,61.52,186,2.07,597900.27,95541.33,6.26
솔루스첨단소재(주),336370,Dec-21,402.68,34.91,196.34,36.52,-6.45,8.16,6.67,-69.68,51.95,9.07,8.25,32.53,61.45,80.15,0.91,2973845.18,36670.08,81.1
성창기업지주(주),180,Dec-21,398,0.8,241.69,32.87,0.36,-0.06,15.93,-40.3,0,8.26,0.2,0,18.11,527.97,0.02,168662.4,723.81,233.02
에스케이아이이테크놀로지(주),361610,Dec-21,372.43,7.86,260.89,43.13,56.19,75.55,-14.21,-49.6,31.36,11.58,2.69,0,20.16,1263.68,0.23,12314535.19,108062.52,113.96
씨에스윈드(주),112610,Dec-21,336.99,9.48,0,12.38,123.97,153.05,-6.52,23.74,10.21,3.67,3.88,107.68,26.22,497.64,1.06,2775917.95,44651.27,62.17
(주)경동인베스트,12320,Dec-21,336.86,0.4,146.17,13.58,-0.31,-0.23,15.14,-72.72,62.53,4.03,0.12,457.6,0.39,5001.46,0.03,81794.82,1119.02,73.09
대한제당(주),1790,Dec-21,308.01,8.74,0,3.62,3.37,4.92,4.05,-20.2,9.35,1.17,2.8,77.94,107.08,161.25,2.38,604877.47,40273.39,15.02
(주)화승엔터프라이즈,241590,Dec-21,284.1,3.8,346.19,276.85,-0.44,0.73,22.64,985.49,0,97.45,1.33,57.73,8.84,659.59,0.01,943168.89,1915.09,492.49
전방(주),950,Dec-21,279.07,0.54,0,0.58,2.41,2.3,27.66,-96.37,9.74,0.21,0.2,0,166.79,130.04,0.94,233003.75,17465.79,13.34
한국전력기술(주),52690,Dec-21,270.64,9.45,0,10.28,0.83,2.88,0.33,-18.39,25.35,3.8,3.25,55.03,37.31,138.7,0.86,3222791.29,33389.52,96.52
에이치디씨현대이피(주),89470,Dec-21,249.41,1,0,0.34,5.71,-1.06,25.35,-92.1,9.96,0.14,0.39,411.9,87.12,176.9,2.84,259927.23,32911.22,7.9
명신산업(주),9900,Dec-21,244.62,15.97,329.71,17.12,0.74,64.06,7.77,0,13.3,7,8.11,0,31.24,301.21,1.16,1582108,21252.18,74.44
한올바이오파마(주),9420,Dec-21,236.7,14.69,2555.59,20.88,-9.82,-9.79,14.66,-54.89,59.39,8.82,5.2,0,21.32,536.53,0.59,1088176.11,12811.8,84.94
(주)인스코비,6490,Dec-21,229.56,11.84,0,19.93,50.33,52.96,26.22,-59.92,41.35,8.68,6.14,0,55.81,86.89,0.71,353750.27,-5744.15,0
대한방직(주),1070,Dec-21,221.71,1.97,0,1.4,8.53,1.93,14.3,-49.29,9,0.63,0.9,0,67.39,168.76,1.42,308455.11,7115.94,43.35
(주)솔루엠,248070,Dec-21,218.65,9.13,0,3.17,36.46,186.3,-16.66,-4.92,12.11,1.45,6.1,0,53.77,197.56,4.21,1158334.51,9667.37,119.82
대원전선(주),6340,Dec-21,217.35,3.22,0,0.61,16.84,2.63,29.35,-43.63,2.28,0.28,1.5,0,151.07,139.81,5.32,173113.7,4012.84,43.14
(주)이스타코,15020,Dec-21,216.08,6.52,0,45.82,16.11,3.07,19.82,0,43.51,21.21,3.02,0,63.11,89.48,0.14,153766.26,313.98,489.73
(주)티와이홀딩스,363280,Dec-21,213.6,1.68,128.01,81.63,0,0,0,0,0,38.22,0.79,0,16.27,18.53,0.02,1253711.85,11225.17,111.69
(주)SH에너지화학,2360,Dec-21,213.18,1.79,0,1.15,1.59,1.59,52.47,0,7.04,0.54,0.83,145.6,29.78,561.48,1.54,105373.47,3311.56,31.82
한미약품(주),128940,Dec-21,210.89,10.56,38.06,5.62,-2.94,0.92,5.11,710.01,44.71,2.67,4.49,24.5,166.7,61.22,1.68,4021924.51,133548.99,30.12
(주)만도,204320,Dec-21,206.96,3.99,146.68,1.44,2.73,4.29,-3.79,-2.35,12.55,0.7,1.78,185.82,181.6,99.8,2.56,4140661.46,157948.67,26.22
일진머티리얼즈(주),20150,Dec-21,206.24,11.37,284.8,19.34,26.82,6.09,20.96,69.63,15.42,9.38,5.5,41.81,39.49,841.58,0.59,6342150.38,54608.15,116.14
대한전선(주),1440,Dec-21,205.26,11.51,0,2.37,17.31,4.86,28.51,-11.88,5.47,1.15,5.61,0,249.05,118.81,4.86,1975601.3,60836.22,32.47
(주)키다리스튜디오,20120,Dec-21,202.39,3.19,167.83,13.29,454.94,628.62,33.57,63.95,37.49,6.57,2.77,0,18.06,135.42,0.42,537791.18,5497.39,97.83
(주)서연,7860,Dec-21,183.08,2.06,154.91,39.38,0.78,0.76,19.9,-30.22,0,21.51,1.11,64.6,1.13,1258.29,0.05,285158.46,4108.15,69.41
스틱인베스트먼트(주),26890,Dec-21,183.06,4.76,0,15.6,122.67,105.86,42.55,0,18.68,8.52,3.33,117.52,25.42,261.63,0.39,606915.67,2231.2,272.01
쿠쿠홀딩스(주),192400,Dec-21,179.61,9.56,158.68,147.17,4.53,0.96,31.65,58.97,96.04,81.93,5.13,76.04,12.28,1285.68,0.06,695748.88,27765.9,25.06
(주)신세계푸드,31440,Dec-21,173.27,1.59,6.03,0.33,-0.94,-0.13,7.87,0,14.8,0.19,0.88,116.02,206.08,151.42,4.64,702954.38,82810.45,8.49
삼성바이오로직스(주),207940,Dec-21,163.7,20.48,153.33,44.18,35.18,14.04,34.62,68.62,46.29,26.99,13.2,0,72.85,254.4,0.49,60997706.44,696721.87,87.55
제이더블유중외제약(주),1060,Dec-21,162.99,4.69,45.15,1.42,3.02,-0.14,10.91,0,40.06,0.87,2.54,140.26,168.1,129.87,2.91,644478.82,50363.15,12.8
(주)락앤락,115390,Dec-21,162.71,1.74,80.51,3.7,-5.04,-5.46,14.22,0,37.94,2.27,1,0,14.44,277.38,0.44,563005.1,11582.16,48.61
일동홀딩스(주),230,Dec-21,156.44,1.29,221.58,12.44,8.19,2.54,7.46,-92.04,0,7.95,0.83,78.1,52.36,33.42,0.1,203110.83,2409.75,84.29
한온시스템(주),18880,Dec-21,151.13,12.89,32.15,3.77,-2.36,-12.15,6.75,0,12.87,2.49,5.83,67.32,310.7,118.46,2.34,9196271.26,185310.43,49.63
(주)수산중공업,17550,Dec-21,150.13,4.3,0,4.27,8.29,9.02,84.46,243.91,20.97,2.84,2.92,18.33,60.85,85.97,1.03,195094.98,8465.34,23.05
(주)휴비스,79980,Dec-21,143.03,1.15,0,0.52,-6.51,-2.56,20.65,-95.84,6.65,0.37,0.77,305.47,78,93.47,2.1,407568.52,42890.23,9.5
대림비앤코(주),5750,Dec-21,138.02,1.15,0,0.67,0.18,-0.56,12.69,0,19,0.49,0.8,171.7,107.28,103.39,1.64,197201.16,11746.35,16.79
코스모화학(주),5420,Dec-21,136.22,5.12,2933.77,3.79,14.08,17.31,50.25,0,12.08,2.78,4.02,0,177.47,45.36,1.44,597732.67,17525.83,34.11
대상홀딩스(주),84690,Dec-21,136.2,1.38,46.99,17.8,22.89,-2.17,7.16,51.72,0,13.07,0.97,245.11,31.3,608.44,0.07,458916.91,12815.95,35.81
(주)알루코,1780,Dec-21,128.57,2.42,0,1.88,17.83,9.61,18.41,0,5.07,1.46,1.96,0,111.89,151.61,1.34,494109.03,10349.95,47.74
일양약품(주),7570,Dec-21,128.37,8.81,25.99,5.62,8.61,4.75,7.34,1535.58,42,4.38,5.52,37.09,98.76,75.21,1.26,642579.99,22500.81,28.56
서울도시가스(주),17390,Dec-21,128.31,1.03,10847.63,0.81,-1.74,0.27,-0.08,-94.76,13.73,0.63,0.79,84.24,60.2,197.27,1.24,851454.96,31922.59,26.67
파미셀(주),5690,Dec-21,127.31,18.73,0,23.8,37.38,14.44,34.81,81.49,46.09,18.69,15.54,0,46.61,266.7,0.83,773500.96,9346.46,82.76
성보화학(주),3080,Dec-21,127.28,0.99,10.9,2.28,7.94,-0.88,11.57,0,25.34,1.79,0.76,228.38,26.82,332.67,0.42,63161.36,4722.14,13.38
대성홀딩스(주),16710,Dec-21,124.87,3.19,221.71,41.56,-0.02,0.81,-48.14,-64.58,77.82,33.28,2.52,64.5,50.33,1294.9,0.08,855486.89,9174.26,93.25
현대자동차(주),5380,Dec-21,123.98,1.69,14.13,1.44,1.92,-0.97,9.76,22.5,16.3,1.16,1.22,161.17,51.42,116.4,1.05,57550540.08,3837005,15
한국항공우주산업(주),47810,Dec-21,118.97,6.11,9.01,1.57,13.31,3.45,-9.38,-58.85,12.13,1.32,2.65,58.03,349.68,131.38,2.01,3490786.14,209215.21,16.69
(주)포스코케미칼,3670,Dec-21,118.44,6.2,154.66,7.27,88.62,142.59,27.25,113.28,11.88,6.14,7.24,19.51,61.34,339.33,1.18,12166080.35,201330.06,60.43
율촌화학(주),8730,Dec-21,115.3,2.38,23.28,1.45,8.81,-1.19,2.81,-64.79,9.66,1.25,1.88,192.82,92.05,159.24,1.5,846529.97,41085.88,20.6
에스케이바이오팜(주),326030,Dec-21,114.36,27.93,0,27.95,38.13,30.85,622.48,0,93.94,24.44,26.94,0,35.74,409.17,1.1,7467101.11,149967.5,49.79
(주)카프로,6380,Dec-21,112.77,1.76,0,0.38,26.65,1.8,128.65,0,2.6,0.34,1.57,0,213.71,104.25,4.66,323841.73,12865.44,25.17
제일파마홀딩스(주),2620,Dec-21,111.56,1.01,0,35.85,-4.33,1.37,-30.02,-81.99,0,32.13,0.91,26.05,23.3,37.52,0.03,305731.86,4315.7,70.84
덕양산업(주),24900,Dec-21,110.12,3.43,6.87,0.12,4.6,14.72,6.5,0,2.33,0.11,2.99,0,785.86,88,28.06,120842.13,24182.1,5
에이프로젠제약(주),3060,Dec-21,108.18,1.16,98.15,16.39,1.51,1.33,6.97,0,12.93,15.15,1.07,0,2.13,3864.63,0.07,341459.18,-644.99,0
대성산업(주),128820,Dec-21,107.09,0.64,0,0.36,1.14,2.01,10.89,-91.59,9.24,0.34,0.59,0,97.58,98.62,1.75,488647.18,15971.77,30.59
(주)이수페타시스,7660,Dec-21,105.09,1.85,74.78,0.85,40.81,72.53,8.49,0,19.08,0.81,2.2,0,116.14,142.1,2.72,560153.45,52819.35,10.61
(주)덕성,4830,Dec-21,104.62,6.94,82.69,5.26,18.35,28.69,-0.6,75.43,13.72,5.03,7.38,13.71,46.33,208.39,1.47,279967.69,8187.34,34.2
(주)보락,2760,Dec-21,102.84,3.88,148.02,4.38,4.08,3.5,3.84,329.65,16.36,4.26,3.79,17.67,23.66,427.34,0.89,120005.03,3732.27,32.15
(주)조비,1550,Dec-21,102.23,3.57,0,2.24,18.12,4.01,14.86,-38.39,20.81,2.19,3.54,0,94.86,138.91,1.62,134031.18,4491.08,29.84
일진홀딩스(주),15860,Dec-21,101.87,1.93,108.35,55.97,0.05,-0.01,24.74,-18.29,0,54.95,1.84,148.79,8.98,38.58,0.03,290179.83,5691.96,50.98
(주)세우글로벌,13000,Dec-21,99.71,4.73,143.7,6.51,5.05,4.8,18,-31.75,15.16,6.52,4.8,0,9.82,952.17,0.74,36166.77,2776.76,13.02
삼성SDI(주),6400,Dec-21,97.69,4.96,61.6,5.03,10.21,6.91,27.25,174.51,19.56,5.15,5.14,11.22,40.46,129.24,1,45996375.34,1090226.47,42.19
(주)셀트리온,68270,Dec-21,93.34,19.77,66.99,33.27,11.17,16.91,-4.38,12,57.55,35.65,15.52,17.79,32.89,284.14,0.44,26777068.3,885223.14,30.25
코스모신소재(주),5070,Dec-21,92.61,8.16,64,5.45,-3.82,16.2,49.76,53.36,13.06,5.88,9.42,0,69.62,144.76,1.6,1456996.46,34833.76,41.83
엘에스전선아시아(주),229640,Dec-21,92.09,1.17,0,52.81,-0.67,-0.8,-81.04,-88.12,0,57.34,1.23,198.31,4.43,935.6,0.02,253411.15,3880.33,65.31
사조동아원(주),8040,Dec-21,91.33,1.19,0,0.6,2.54,2.3,5.96,-70.4,11.8,0.65,1.31,0,112.5,84.45,1.99,347638.1,31400,11.07
씨제이씨푸드(주),11150,Dec-21,89.17,2.94,18.01,1.21,-1.44,1.9,8.78,4.69,13.59,1.36,3.32,0,98.76,125.63,2.44,173171.27,10759.14,16.1
(주)대웅,3090,Dec-21,85.37,10.8,83.87,43.02,11.94,12.94,9.85,5.61,0,50.39,13,8.57,5.03,638.04,0.26,1798817.83,52841.25,34.04
흥아해운(주),3280,Dec-21,84.63,12.35,0,16.33,-12.91,0,-4.37,0,6.53,19.3,0,0,129.31,200.29,0,729816.64,9996.97,73
한전산업개발(주),130660,Dec-21,83.63,8.04,36.35,1.94,-1.06,0.16,-2.88,-47.11,10.02,2.32,8.81,88.79,92.53,149.81,3.79,388778.64,20300.84,19.15
디와이(주),13570,Dec-21,81.28,0.97,44.86,16.67,-0.11,0.13,-72.49,-37.33,0,20.51,1.15,121.41,1.05,928.08,0.06,162461.45,4068.94,39.93
한국공항(주),5430,Dec-21,79.69,0.65,11.56,0.56,-9.54,5.82,17.21,0,5.96,0.71,0.83,0,30.92,465.95,1.17,53930.05,20225.36,2.67
성신양회(주),4980,Dec-21,79.14,1.29,17.76,0.89,3.4,1.87,15.44,-36.86,19.35,1.13,1.56,77.68,136.3,70.96,1.39,711899,66041.53,10.78
(주)지누스,13890,Dec-21,78.99,5.04,22.61,5.33,13.63,0.26,63.56,-73.15,19.56,6.75,6.18,36.45,72.5,139.7,0.92,1201387.22,24928.77,48.19
(주)녹십자홀딩스,5250,Dec-21,78.21,4.43,78.83,37.73,-1.29,3.68,-6.16,-29.21,0,48.24,5.55,50.93,63.09,26.82,0.12,1609454.25,39275.57,40.98
디아이동일(주),1530,Dec-21,77.74,2.13,0,2.88,7.18,4.79,28.31,239.87,7.18,3.7,2.77,28.52,57.52,79.16,0.75,864355.97,13121.73,65.87
대원제약(주),3220,Dec-21,76.8,2.8,23.01,1.52,20.13,2.41,10.68,-61.52,51.66,1.98,3.15,61.22,84.85,208.26,1.59,419691.28,37671.74,11.14
일성건설(주),13360,Dec-21,76.64,4.02,35.07,1.03,26.84,21.02,22.11,73.43,10.47,1.35,5.6,28.85,244.92,127.77,4.15,426969.17,16812.51,25.4
성문전자(주),14910,Dec-21,76.41,2.23,65.79,2.34,37.14,3.51,39.34,0,11.29,3.06,2.93,12.01,57.63,433.87,0.96,55554.29,1314.43,42.26
에스케이바이오사이언스(주),302440,Dec-21,74.94,16.8,49.6,28.65,275.31,507.04,311.77,979.79,61.39,38.23,38.08,0,31.77,399.56,1,17220707.32,492995.16,34.93
코스맥스(주),192820,Dec-21,74.14,3.88,16.97,1.78,26.04,60.02,11.46,0,17.27,2.41,6.24,30.39,129.99,104.45,2.59,1272292.02,93797.21,13.56
(주)아모레퍼시픽,90430,Dec-21,73.93,4.61,42.19,5.96,8.03,6.96,15.19,168.18,67.49,8.06,6.13,24.15,11.96,331.31,0.76,10331704.47,514683.61,20.07
(주)종근당,185750,Dec-21,73.63,5.5,189.91,2.18,10.11,2.06,2.57,-55.55,36.89,2.95,7.11,28.51,81.71,213.17,2.41,1354883.6,119151.66,11.37
(주)보령,3850,Dec-21,72.92,5.37,27.67,3.33,25.57,33.91,9.78,0.27,41.75,4.56,6.73,24.29,75.06,287.47,1.47,1071878.16,81024.67,13.23
동아에스티(주),170900,Dec-21,71.26,1.39,17.61,1.45,13.24,2.07,0.6,-56.72,49.59,2.03,1.83,70.53,69.03,191.27,0.9,713823.3,35340.54,20.2
(주)더존비즈온,12510,Dec-21,70.94,8.53,55.77,11.79,12.13,25.16,3.49,-3,44.48,16.62,11.82,31.63,81.89,53.39,0.71,2453692.76,98638.58,24.88
텔코웨어(주),78000,Dec-21,70.64,1.3,13.13,3.72,-0.73,-0.55,-4.34,-3.69,40.26,5.27,1.67,153.43,11.69,705.91,0.32,86647.19,2449.54,35.37
(주)와이지플러스,37270,Dec-21,70.05,6.06,143.99,5.74,55.67,40.39,70.89,0,19.29,8.19,9.77,0,36.66,218.12,1.19,509849.21,7300.85,69.83
(주)동양,1520,Dec-21,69.88,0.85,26.11,1.27,5.21,0.51,18.66,0,9.84,1.81,1.21,83.99,22.31,172.36,0.67,366429.91,19971.92,18.35
(주)한샘,9240,Dec-21,69.04,6.18,189.05,1.98,2.71,1.95,2.87,1.81,30.15,2.86,8.6,38.39,81.21,116.22,3,2312826.98,127033.72,18.21
(주)아모레퍼시픽그룹,2790,Dec-21,68.87,3.89,318.68,214.36,5.7,4.48,-31.11,0,0,311.25,5.65,37.34,4.08,914.78,0.02,3857990.53,12601.76,306.15
현대오토에버(주),307950,Dec-21,67.95,4.19,26.74,2.48,131.34,153.68,40.91,19.74,11.14,3.64,6.68,31.28,63.94,213.11,1.83,3886458.89,141602,27.45
(주)대웅제약,69620,Dec-21,67,5.21,50.02,2.27,6.14,6.64,11.69,1040.42,46.15,3.39,6.01,18.55,105.07,84.95,1.77,2120225.7,128424.67,16.51
(주)케이씨씨,2380,Dec-21,66.74,0.85,40.15,1.85,0.51,0.54,10.36,-91,19.91,2.78,1.26,72.35,74.34,99.36,0.45,5241768.11,230326.91,22.76
한국타이어앤테크놀로지(주),161390,Dec-21,66.32,1.55,62.76,2.44,2.97,0.82,1.85,22.95,18.45,3.68,2.29,79.51,40.57,192.85,0.62,6117955.97,40866.07,149.71
(주)엔씨소프트,36570,Dec-21,65.29,7.64,61.4,10.81,12.99,-1.07,-5.04,-43.85,0,16.55,11.12,33.77,42.46,382.06,0.67,14765865.66,412057.12,35.83
인지컨트롤스(주),23800,Dec-21,65.11,2.44,32.11,1.34,3.07,5.54,6.41,0,9.73,2.06,3.74,32.3,98.72,66.84,1.82,331465.43,17810.68,18.61
(주)모나리자,12690,Dec-21,64.91,2.84,19.41,1.99,2.9,5.65,-9.16,-58.73,23.42,3.07,4.46,0,24.89,190.63,1.45,138669.56,8394.34,16.52
(주)오리온,271560,Dec-21,61.49,6.94,39.37,7.03,5.11,7.46,4.96,21.95,44.9,11.43,11,32.13,45.99,82.65,0.96,4280755.87,176755.65,24.22
(주)크라운해태홀딩스,5740,Dec-21,60.57,0.71,37.48,12.57,-0.14,0.75,-0.5,-86.76,0,20.75,1.16,43.19,18.99,3.47,0.06,181316.48,5549.53,32.67
(주)풍산홀딩스,5810,Dec-21,60.52,1.24,1045.85,4.54,-0.05,-0.23,23.9,131.75,18.29,7.51,1.97,161.94,11.83,335.92,0.26,284927.89,14419.47,19.76
(주)풀무원,17810,Dec-21,59.32,2.15,32.92,9.05,3.41,-0.57,7.31,22.2,99.28,15.25,3.53,28.99,33.8,88.56,0.23,780271.46,31243.56,24.97
한국조선해양(주),9540,Dec-21,58.91,1.08,160.86,59.09,1.93,2.15,13.61,0,36.08,100.3,1.84,0,3.08,831.86,0.02,5262530.45,33645.32,156.41
만호제강(주),1080,Jun-21,58.71,0.55,11.15,0.65,4.01,0.89,-0.24,30.25,9.02,1.11,0.93,28.27,10.68,717.54,0.84,76241.03,3679.42,20.72
깨끗한나라(주),4540,Dec-21,57.09,1.63,12.89,0.61,5.91,5,-2.29,-83,16.37,1.06,2.86,0,166.13,79.45,2.69,394805.47,42989.99,9.18
동양피스톤(주),92780,Dec-21,56.1,1.53,9.68,0.53,3.67,7.23,10.79,117.16,8.3,0.95,2.79,28.17,175.76,96.46,2.93,191991.13,13745.92,13.97
(주)동아지질,28100,Dec-21,55.6,1.39,8.79,0.95,4.79,6.93,-8,110.12,5.27,1.71,2.51,97.66,71.21,165.72,1.46,167752.08,22846.99,7.34
삼성에스디에스(주),18260,Dec-21,54.21,3.34,32.71,3.56,5.23,1.77,9.59,22.88,20.38,6.57,5.89,56.67,22.02,427.92,0.9,12006031.76,693982.54,17.3
이건산업(주),8250,Dec-21,54.11,1.95,0,1.31,8.81,0.36,-5.29,-24.47,9.12,2.42,3.51,60.52,152.26,61.94,1.45,219960.5,3921.26,56.09
(주)드림텍,192650,Dec-21,53.63,4.85,21.02,1.65,27.95,3.8,37.92,241.07,12.53,3.09,8.21,113.9,69.29,130.78,2.66,787154.63,34690.85,22.69
(주)케이이씨,92220,Dec-21,52.98,1.86,29.85,1.99,12.57,67.32,34,0,18.56,3.76,4.39,0,62.28,156.04,1.17,568852.87,23108.32,24.62
동원시스템즈(주),14820,Dec-21,52.86,3.13,38.29,2.37,63.68,60.44,34.93,-13.49,12.68,4.48,6.62,49.9,108.78,109.76,1.48,1943880.73,104068.33,18.68
애경산업(주),18250,Dec-21,52.59,2.4,17.4,1.41,-1.01,3.67,-2.61,29.49,42.07,2.67,4.5,34.51,24.27,349.02,1.68,410290.72,39353.02,10.43
(주)후성,93370,Dec-21,52.54,8.98,43.35,8.09,3.54,18.45,28.67,327.48,29.41,15.39,18.29,2.96,54.32,168.91,1.19,2219048.44,80598.4,27.53
한솔테크닉스(주),4710,Dec-21,52.14,1.58,0,0.62,15.04,2.73,-8.67,-60.49,9.8,1.18,3.06,0,106.97,190.99,2.59,325138.73,-1991.15,0
(주)엘지생활건강,51900,Dec-21,52.05,9.13,46.29,6.38,12.09,11.28,12.17,-1.81,61.84,12.25,15.15,33.13,21.11,163.68,1.24,18298324.42,1097709.47,16.67
제이더블유홀딩스(주),96760,Dec-21,51.18,2.36,34.29,5.09,-1.18,-2.85,-5.36,-61.12,0,9.95,4.36,71.81,107.54,33.64,0.44,372632.11,17479.97,21.32
(주)유한양행,100,Dec-21,50.62,3.32,54.36,3.55,2.88,5.75,3.58,-41.1,29.54,7.01,6.32,22.9,18.94,336.05,0.9,4184905.23,95444.11,43.85
네이버(주),35420,Dec-21,50.09,8.3,55.92,15.22,46.91,28.51,21.62,27.39,0,30.38,18.38,5,38.9,133.37,0.6,63152389.84,1612519.63,39.16
(주)오리온홀딩스,1800,Dec-21,49.72,0.64,49.08,42.63,0.89,-0.06,5.77,75.23,0,85.74,1.25,140.13,3.27,81.47,0.01,1032755.77,16059.55,64.31
CS홀딩스(주),590,Dec-21,49.38,0.69,55.45,31.24,0.99,0.7,9.73,148.17,0,63.27,1.39,24.44,4.88,3566.59,0.02,58411.18,1727.1,33.82
(주)이노션,214320,Dec-21,48.44,2.5,32.36,3.16,0.42,-2.23,37.17,57.58,33.35,6.53,4.7,92.88,52.79,182.34,0.72,1031216.07,34628.36,29.78
(주)이아이디,93230,Dec-21,47.91,2.53,0,5.55,185.01,81.81,56.85,0,0.53,11.59,6.82,0,66.19,90.22,0.59,438819.59,-3556.55,0
고려산업(주),2140,Dec-21,47.8,1.44,8.66,0.66,10.53,2.17,10.64,-52.17,12.75,1.38,2.96,35.16,130.84,69.92,2.15,144991.78,6482.19,22.37
씨제이대한통운(주),120,Dec-21,47.31,1.34,18.26,0.57,-1.82,4.62,11.43,-1.85,9.84,1.21,2.81,0,107.48,77.13,2.31,4944117.55,588374.31,8.4
HD현대(주),267250,Dec-21,47.2,4.43,738.43,93.39,4.99,1.99,-32.5,480.9,98.27,197.87,8.99,52.08,43.78,14.36,0.05,6347172.28,234805.28,27.03
유니온머티리얼(주),47400,Dec-21,46.76,2.58,47.46,1.9,3.18,5.51,25.72,0,12.93,4.07,5.5,30.71,90.05,156.82,1.35,160961.56,7521.01,21.4
동일고무벨트(주),163560,Dec-21,46.73,0.81,0,0.59,10.62,0.51,14.29,-54.9,16.77,1.26,1.72,32.37,51.51,181.35,1.36,119554.08,5699.85,20.97
범양건영(주),2410,Dec-21,46.64,3.88,22.48,2.99,13.56,9.4,-27.53,-50.75,11.08,6.4,8.69,0,70.13,173.41,1.36,149790.69,3924.01,38.17
삼영화학공업(주),3720,Dec-21,46.49,3.32,21.66,1.5,7.17,10.45,11.19,1521.19,14.56,3.23,7.5,0,66.15,166.72,2.32,110128.63,7386.19,14.91
호전실업(주),111110,Dec-21,46.35,1.42,6.23,0.47,-0.56,0.74,22.89,0,14.81,1.01,2.96,69.63,90.86,222.87,2.93,154829.47,16248.29,9.53
영풍제지(주),6740,Dec-21,45.79,2.24,24.68,2.43,3.74,4.39,22.88,-25.43,14.2,5.31,4.95,10.98,58.77,440.82,0.93,215551.59,13802.08,15.62
(주)화인베스틸,133820,Dec-21,45.68,1.37,9.7,0.87,3.07,4.16,25.78,0,9.39,1.91,3.05,0,130.5,80.44,1.59,163810.59,13509.92,12.13
(주)녹십자,6280,Dec-21,44.46,5.73,53.42,5.37,3.39,11.39,-4.68,165.31,34.1,12.08,12.16,16.14,57.14,224.13,1.01,2899418.37,99794.11,29.05
케이지케미칼(주),1390,Dec-21,44.43,3.14,42.87,3.94,13.54,27.2,11.64,0,22.14,8.87,7.63,48.59,57.48,55.84,0.86,506634.41,16021.36,31.62
세종공업(주),33530,Dec-21,44.43,1.03,20.28,0.9,-1.68,4.28,21.52,0,15.1,2.02,2.3,33.23,79.4,117.88,1.14,373092.24,21900.44,17.04
씨제이(주),1040,Dec-21,44.31,1.57,36.61,20.59,0.05,0.96,24.25,82.77,0,46.48,3.42,80.98,13.8,50.41,0.07,3190738.36,116819.42,27.31
(주)한국카본,17960,Dec-21,43.48,1.64,22.33,1.79,1.59,1.69,-11.77,-74.27,16.47,4.13,3.72,43.27,21.77,315.47,0.9,444083.69,41510.96,10.7
(주)세아제강지주,3030,Dec-21,43.34,0.92,122.2,45.14,4.46,1.4,0.72,-1.35,0,104.15,2.1,50.68,11.89,57.13,0.02,496019.27,4639.31,106.92
써니전자(주),4770,Dec-21,43.33,2.85,122.02,12.12,14.3,6.76,-0.1,-16.23,34.18,27.98,6.8,0,9.62,512.77,0.24,161442.75,2420.82,66.69
대영포장(주),14160,Dec-21,43.3,2.62,43.31,1.35,18.33,8.67,23.74,203.29,13.47,3.12,6.26,0,47.14,237.61,2.01,314022.6,20618.54,15.23
(주)광명전기,17040,Dec-21,42.87,1.95,0,1.6,0.71,4.14,9.08,-6.2,6.55,3.74,4.55,9.44,46.27,230.44,1.22,89096.28,3823.22,23.3
동아쏘시오홀딩스(주),640,Dec-21,42.54,1.44,23.41,15.36,7.88,5.22,6.14,-71.34,0,36.12,3.29,29.92,51.53,38.76,0.09,989478.77,35123.17,28.17
(주)서원,21050,Dec-21,42.45,2.11,0,0.69,26.49,14.87,34.39,0,9.68,1.62,5.2,16.84,156.56,126.71,3.22,203826.68,16963.57,12.02
조광피혁(주),4700,Dec-21,42.14,1.26,0,4.53,28.48,19.72,7.12,-42.99,21.58,10.75,3.24,9.51,16.96,677.26,0.3,376864.26,13523.22,27.87
한국유나이티드제약(주),33270,Dec-21,42.13,4.19,27.38,5.46,7.53,8.6,2.36,7.65,55.49,12.96,9.92,19.17,26.38,335.81,0.77,741354.7,40897.92,18.13
(주)노루홀딩스,320,Dec-21,41.87,0.8,25.64,10.75,0.49,0.34,14.03,79.36,0,25.68,1.85,83.97,20.61,153.17,0.07,222500.85,9717.6,22.9
태림포장(주),11280,Dec-21,41.73,1.58,23.24,0.72,5.18,3.38,27.2,1404.14,13.35,1.71,3.78,30.51,80.26,65.08,2.2,446969.26,36078.02,12.39
코스맥스비티아이(주),44820,Dec-21,41.59,0.79,25.27,2.31,10.66,1.41,24.66,27.52,50.77,5.55,1.87,49.93,76.38,47.11,0.34,269603.41,17377.89,15.51
(주)원림,5820,Dec-21,41.31,0.86,0,1.55,-2.81,1.01,26.76,-89.91,4.98,3.75,2.05,28.18,26,199.6,0.55,56925.09,1525.57,37.31
삼아알미늄(주),6110,Dec-21,41.27,4.19,32.29,2.35,9.49,10.54,37.31,246.08,13.15,5.69,10.46,18.1,86,106.18,1.84,356352.54,25720.65,13.85
자화전자(주),33240,Dec-21,40.97,1.79,26.68,1.72,21.44,5.29,18.16,0,20.24,4.19,4.45,0,47.26,186.13,1.06,460471.38,21834.7,21.09
코오롱플라스틱(주),138490,Dec-21,40.87,4.26,64.8,2.23,15.78,11.28,38,0,18.51,5.46,10.46,24.9,65.55,143.6,1.92,529302.28,41655.82,12.71
동화약품(주),20,Dec-21,40.85,1.81,19.71,2.21,2.7,3.96,1.79,-48.2,49.41,5.41,4.36,33.81,20.92,345.23,0.81,356655.75,29185.79,12.22
(주)한독,2390,Dec-21,40.8,1.31,12.9,0.9,4.03,2.17,2.8,29.05,32.15,2.22,2.97,42.5,114.91,115.99,1.34,544697.84,48207.6,11.3
(주)유니켐,11330,Dec-21,40.63,1.33,6.12,1.15,6.76,11.9,-3.78,-70.35,18.14,2.83,3.37,67.37,107.63,111.46,1.19,177878.79,12785.84,13.91
대원강업(주),430,Dec-21,40.42,0.79,23.99,0.52,-1.42,2.01,2.77,-1.61,7.37,1.29,1.92,77.89,54.25,82.39,1.49,306776.12,27479.7,11.16
(주)휠라홀딩스,81660,Dec-21,39.97,8.5,54.2,34.19,16.87,20.2,28139.38,0,0,85.55,20.24,66.11,57.94,32.57,0.24,2384355.22,96504.54,24.71
하이트진로(주),80,Dec-21,39.89,3.14,4.7,1.46,10.65,2.01,-3.52,39.18,41.14,3.67,6.6,77.04,208.93,67.74,1.8,2731428.25,285887.73,9.55
(주)동서,26960,Dec-21,39.14,3.26,54.53,8.93,3.86,3.75,12.62,-3,14.17,22.82,8.05,60.93,8.91,1440.13,0.35,3073196.12,35515.37,86.53
(주)하이스틸,71090,Dec-21,38.87,4.4,705.62,2.59,13.37,12.73,52.43,0,14.2,6.66,11.82,5.03,90.44,135.29,1.77,117053.77,25587.37,4.57
(주)엠씨넥스,97520,Dec-21,38.79,3.31,15.52,1.27,5.85,8.38,-29.82,-27.65,8.89,3.26,8.54,33.42,51.98,189.51,2.62,1073960.66,22833.32,47.03
퍼스텍(주),10820,Dec-21,38.39,3.48,0,1.09,2.75,-2.93,3.5,-45.67,7.59,2.83,8.79,0,327.64,85.59,3.1,115471.61,5889.49,19.61
케이씨그린홀딩스(주),9440,Dec-21,38.17,1.25,22.47,12.07,7.5,2.33,-10.67,0,0,31.61,3.25,38.24,25.21,113.15,0.1,95662.87,9237.61,10.36
에스케이디스커버리(주),6120,Dec-21,37.87,1.59,252.03,41.47,28.69,-1.13,68.07,137.34,0,109.51,4.02,76.93,63.3,40.77,0.04,1490926.96,22441.28,66.44
남해화학(주),25860,Dec-21,37.61,1.76,0,0.56,21.28,3.2,43.77,-13.5,8.32,1.49,4.71,13.28,52.95,210.79,3.16,573872.49,36213.08,15.85
KISCO홀딩스(주),1940,Dec-21,37.6,0.8,41.2,29.84,-1.81,-1.94,2.78,-7.62,0,79.37,2.07,47.58,0.23,15522.88,0.03,268534.64,11739.8,22.87
(주)지투알,35000,Dec-21,36.87,1.83,0,6.53,-1.38,-1.64,-39.39,72.7,99.99,17.7,4.17,165.69,18.57,202.97,0.24,110985.32,2501.5,44.37
태평양물산(주),7980,Dec-21,36.72,0.8,0,0.28,17.64,6.27,11.92,17.07,10.69,0.76,2.23,0,217.26,96.64,2.96,441167.68,8572.46,51.46
(주)용평리조트,70960,Dec-21,36.31,0.85,0,1.35,-7.71,2.28,85.71,0,21.6,3.72,2.3,0,117.77,49.98,0.62,407965.19,49555.53,8.23
사조산업(주),7160,Dec-21,36.18,1.29,18.88,0.95,1.12,4.61,5.34,0,8.66,2.63,3.59,14.17,79.42,140.63,1.37,371275.72,27297.13,13.6
(주)에이플러스에셋어드바이저,244920,Dec-21,35.88,3.53,27.39,1.42,1.65,0.77,-10.52,-60.65,0,3.97,8.97,39.14,68.7,121.45,2.26,221526.24,25522.52,8.68
현대로템(주),64350,Dec-21,35.84,2.61,129.35,1.07,-0.99,-4.93,5.1,126.11,8.69,2.98,6.65,0,228.86,127.66,2.24,3190609.57,209826.47,15.21
한세예스24홀딩스(주),16450,Dec-21,35.62,5.78,58.44,29.26,-2.81,5.95,-2.91,33.72,0,82.15,15.16,62.21,69.55,5.53,0.18,364272.94,13376.07,27.23
(주)현대리바트,79430,Dec-21,35.4,0.93,0,0.32,7.42,1.38,1.72,-50.15,18.17,0.9,2.57,16.2,75.77,134.16,2.87,388622.18,54786.77,7.09
롯데제과(주),280360,Dec-21,34.87,0.87,7.09,0.68,-0.75,1.71,0.99,-16.89,36.93,1.96,2.45,33.79,86.79,92.6,1.25,1320721.99,153896.79,8.58
신송홀딩스(주),6880,Dec-21,34.67,0.76,31.81,18.13,-0.59,-0.7,172.63,0,0,52.3,2.14,55.49,14.8,521.44,0.04,60188.63,2448.25,24.58
(주)노루페인트,90350,Dec-21,34.53,1.16,18.33,0.53,0.31,1.34,16.57,-11.58,15.4,1.54,3.22,56.37,92.47,141.08,2.09,368173.11,27542.64,13.37
(주)영흥,12160,Dec-21,34.15,0.85,19.58,0.69,9.12,16.4,12.81,0,9.43,2.02,2.66,0,100.72,98.16,1.31,227152.22,11570.73,19.63
(주)한솔케미칼,14680,Dec-21,34.13,7.64,37.47,7.79,18.84,22.74,24.65,23.85,37.83,22.83,23.55,17.95,55.51,187.93,1.03,3660010.37,194861.49,18.78
(주)화승인더스트리,6060,Dec-21,33.97,3.38,31.87,0.63,0.5,2.07,-10.24,-0.37,3.23,1.87,8.05,63.55,102.23,74.6,4.31,410623.44,18811.73,21.83
(주)대덕,8060,Dec-21,33.7,0.67,38.1,25.69,-0.45,0.02,139.42,-86.99,0,76.24,1.96,99.65,0.31,9891.45,0.03,284140.04,7853.1,36.18
한국콜마홀딩스(주),24720,Dec-21,33.44,1.81,0,19.03,-9.65,4.03,-3.24,-85.17,57.36,56.92,5.32,23.33,42.86,9.2,0.09,485450.87,6700.6,72.45
LS일렉트릭(주),10120,Dec-21,33.42,1.83,17.49,1.26,5.45,3.37,1.23,-33.14,19.63,3.78,5.13,41.3,76.35,225.91,1.36,1707823.31,200165.59,8.53
인천도시가스(주),34590,Dec-21,33.41,0.75,3.45,0.28,6.05,0.11,-0.13,-65.09,12.27,0.83,2.17,122.98,87.34,189.46,2.61,90225.13,19472.95,4.63
한신기계공업(주),11700,Dec-21,33.39,1.93,128.49,3.15,5.85,5.12,6.71,45.44,19.14,9.43,5.81,27.52,14.42,589.89,0.62,108719.63,5984.2,18.17
(주)종근당홀딩스,1630,Dec-21,33.33,1.92,29.34,19.19,10.35,2.25,49.56,42.46,96.98,57.58,5.67,34.13,19.89,318.36,0.1,403005.07,25063.12,16.08
(주)엘지화학,51910,Dec-21,32.69,4.88,20.34,4.02,19.65,10.74,-1.72,0,27.9,12.28,14.07,37.2,64.65,151.63,1.15,51719495.55,4256634,12.15
(주)제일기획,30000,Dec-21,32.27,4.97,31.82,3,2.91,1.08,16.81,-20.11,32.38,9.29,12.87,106.12,74.65,159.2,1.39,2534683.63,92578.09,27.38
경인전자(주),9140,Dec-21,32.12,1.28,0,4.32,7.18,3.53,46.29,0,22.79,13.45,4.02,15.73,9.24,816.57,0.3,51505.17,1302,39.56
삼화콘덴서공업(주),1820,Dec-21,32.03,4.7,22.35,4.02,13.67,15.81,11.87,22.08,23.36,12.56,15.25,19.32,28.8,253.78,1.21,604178.17,44673.1,13.52
(주)위스컴,24070,Dec-21,31.86,0.89,0,0.99,3.13,2.79,12.85,0,4.96,3.11,2.79,23.09,10.76,517.71,0.9,51356.77,3844.56,13.36
일진하이솔루스(주),271940,Dec-21,31.76,0.93,18.73,2.42,322.55,477.17,3.67,-42.46,26.2,7.62,4.97,0,11.85,968.82,0.65,1902132.49,14401.93,132.07
(주)영원무역홀딩스,9970,Dec-21,31.73,1.44,82.99,23.77,-1.37,1.03,29.93,55.64,0,74.93,4.37,98.36,5.5,1634.78,0.06,579345.52,24485.54,23.66
삼성엔지니어링(주),28050,Dec-21,31.59,4.21,29.14,1.1,10.57,14.59,1.3,-23.67,12.28,3.48,13.66,0,205.5,100.82,3.92,4255752.87,322754.26,13.19
(주)농심홀딩스,72710,Dec-21,31.27,0.75,33.96,21.25,0.53,0.54,0,-10.61,0,67.96,2.35,70.75,0.78,2540.3,0.03,351173.69,13204.32,26.6
피아이첨단소재(주),178920,Dec-21,31.11,7.1,22.48,6.6,17.06,15.2,15.31,53.39,34.48,21.2,21.03,50.01,45.13,180.75,0.99,1590741.16,99559.58,15.98
한국앤컴퍼니(주),240,Dec-21,30.92,0.84,44.41,3.65,27.85,19.21,843.01,103.54,27.56,11.82,2.89,79.68,10.06,316.71,0.24,1546379.2,108661.46,14.23
(주)금비,8870,Sep-21,30.86,1.2,7.04,1.2,4.65,3.13,3.7,0,24.14,3.88,3.83,27.9,92.75,81.96,0.99,102578.88,6829.19,15.02
(주)모토닉,9680,Dec-21,30.57,1.25,22.63,2.63,2.32,2.14,9.82,12.43,14.04,8.59,4.04,51.9,6.92,1476.41,0.47,330209.89,21958.14,15.04
에스케이렌터카(주),68400,Dec-21,30.36,1.6,0,0.72,28.55,5.33,20.09,58.57,79.98,2.37,5.2,0,488.98,32.8,2.19,2368150.4,494846.41,4.79
(주)주연테크,44380,Dec-21,30.29,2.54,0,1.27,4.96,22.12,40.84,0,6.42,4.18,8.97,0,31.75,575.42,2.15,69122.02,-254.02,0
(주)신세계인터내셔날,31430,Dec-21,30.26,2.93,12.76,1.28,-0.64,8.71,9.34,-8.86,58.52,4.24,9.3,19.07,67.47,201.76,2.19,1290879.81,138380.91,9.33
(주)태경비케이,14580,Dec-21,30.05,1.71,8.76,1.44,7.17,7.36,19.28,149.7,23.11,4.79,5.18,44.85,54.66,110.87,1.08,153681,14140.21,10.87
한국콜마(주),161890,Dec-21,29.91,2.35,126.02,2.27,-8.14,6.29,3.88,-60.24,15.81,7.59,7.83,19.77,57.07,104.36,1.03,1091107.99,79221.46,13.77
(주)나이스홀딩스,34310,Dec-21,29.9,2.46,35.46,17.43,-1.16,3.34,10.96,0,0,58.29,7.94,55.44,44.9,24.35,0.14,718237.41,24863.34,28.89
대성에너지(주),117580,Dec-21,29.88,1.2,6.87,0.49,5.78,1.12,3.7,-13.4,15.87,1.63,3.94,54.32,133,92.04,2.42,353886.07,40018.21,8.84
넷마블(주),251270,Dec-21,29.59,2.34,23.08,9.83,39.93,10.2,-4.27,323.99,0,33.23,8.1,9.87,60.67,35.12,0.24,12350072.22,85938.44,143.71
(주)삼양사,145990,Dec-21,29.57,0.75,0,0.48,9.52,7.62,17.03,-28.32,14.37,1.62,2.54,43.47,85.62,131.08,1.57,1277319.73,64050.22,19.94
(주)농심,4370,Dec-21,29.46,1.05,15.15,1,2.03,2.64,-0.15,-23.35,26.13,3.38,3.54,32.52,25.05,168.23,1.05,1937847.71,134256.48,14.43
코오롱인더스트리(주),120110,Dec-21,29.35,1.62,14.57,1,12.26,9.31,16.84,-53.06,30.65,3.41,5.48,34.04,95.36,87.02,1.61,3516414.59,352994.83,9.96
(주)에스원,12750,Dec-21,29.34,2.77,10.7,1.5,2.7,3.24,4.02,-12.51,24.03,5.11,8.38,72.68,34.8,205.2,1.64,2685679.68,333345.09,8.06
삼익티에이치케이(주),4380,Dec-21,29.33,1.82,7.43,1.12,-2.43,3.9,17.67,164.95,14.02,3.8,6.1,52.57,91.6,131.55,1.6,368472.08,28266.43,13.04
한국내화(주),10040,Dec-21,29.14,0.79,24.15,0.9,56.99,75.25,7.04,356.97,14.1,3.09,3.4,18.39,26.02,208.92,1.1,172827.32,16570.32,10.43
(주)MH에탄올,23150,Dec-21,29.13,2.62,70.86,3.14,1.26,0.78,-10.5,327.07,17.77,10.76,8.54,46.13,70.07,82.43,0.79,110106.88,5398.09,20.4
그린케미칼(주),83420,Dec-21,29.08,3.95,29.59,1.62,19.71,8.97,18.08,54.05,11.14,5.57,13.46,21.97,71.56,132.95,2.42,242400.85,37861.06,6.4
현대위아(주),11210,Dec-21,28.71,1.04,18.42,0.49,-0.51,3.45,14.33,658.98,5.72,1.71,3.54,17.07,83.65,187.22,2.07,3575538.13,303518,11.78
에스케이네트웍스(주),1740,Dec-21,28.5,0.8,3.16,0.2,-2.99,3.91,1.11,1378.5,5.75,0.68,2.78,46.98,177.67,90.99,4.06,2609986.5,230365,11.33
(주)엘지헬로비전,37560,Dec-21,28.28,1.32,11.42,0.71,1.01,3.42,2.29,0,89.95,2.52,4.24,31.29,126.6,163.34,1.68,886555.41,212797.21,4.17
(주)갤럭시아에스엠,11420,Dec-21,28.25,3.28,64.52,3.6,43.24,59.51,47.9,274.19,27.25,12.74,13.69,0,23.75,222.91,1.07,82404.57,5139,16.04
(주)디아이,3160,Dec-21,28.2,3.13,0,1.82,8.95,9.67,82.46,195.06,25.35,6.46,10.55,43.14,62.15,142.9,1.63,332408.62,20190.58,16.46
(주)한화,880,Dec-21,28,1.07,12.42,0.94,10.41,2.72,-1.63,2.18,13.52,3.34,3.71,53.14,126.6,70.31,1.11,4982350.92,319774.07,15.58
(주)한솔홈데코,25750,Dec-21,27.67,1.28,53.63,0.81,5.5,4.91,3.78,231.91,18.04,2.93,4.66,21.36,79.6,109.68,1.59,213314.64,17709.38,12.05
영보화학(주),14440,Dec-21,27.67,0.81,7.58,1.48,2.29,2.49,-2.52,-55.51,23.35,5.34,2.89,43.3,9.48,327.98,0.54,65365.08,11887.63,5.5
(주)한진중공업홀딩스,3480,Dec-21,27.63,0.74,39.57,19.36,1.18,2.67,2.94,212.95,0,70.07,2.67,33.21,23.82,28.78,0.04,132035.67,7095,18.61
아남전자(주),8700,Dec-21,27.56,3.74,0,0.82,40.63,26.62,31.88,51.31,4.57,2.99,14.89,0,103.37,163.27,4.98,244632.44,3788.56,64.57
(주)인팩,23810,Dec-21,27.49,2.33,10.57,0.99,26.25,5.82,16.85,-1.11,12.32,3.61,8.12,23.97,126.39,91.36,2.25,176991.96,16251.56,10.89
한화시스템(주),272210,Dec-21,27.41,1.78,10.57,1.72,44.88,117.35,28.04,26.29,13.57,6.28,7.92,22.79,72.49,195.29,1.26,1555625.02,228787.86,6.8
(주)선진,136490,Dec-21,27.3,1.37,17.36,0.46,1.57,3.12,25.78,-11.87,11.9,1.69,5.02,12.03,104.87,77.35,2.97,584021.72,40150.56,14.55
엔피씨(주),4250,Dec-21,27.23,1.62,14.59,1.24,15.04,4.7,16.62,43.83,13.31,4.54,5.99,24.53,44.16,112.15,1.32,470713.39,47391.48,9.93
무림피앤피(주),9580,Dec-21,27.14,0.69,10.21,0.71,0.9,2.05,17.26,0,10.99,2.61,2.54,52.6,95.93,96.14,0.97,611044.4,65352.12,9.35
에이치디씨랩스(주),39570,Dec-21,27.09,1.09,11.68,0.97,89.02,62.55,5.48,-37.49,9.65,3.56,4.54,110.15,54.61,242.52,1.27,229754.64,11086.05,20.72
현대모비스(주),12330,Dec-21,26.92,1.59,16.83,1.41,4.27,2.02,19.06,22.41,13.39,5.22,5.86,19.15,32.54,241.13,1.12,24959251.42,1820833,13.71
씨제이제일제당(주),97950,Dec-21,26.86,1.73,16.55,1.2,11.25,4.28,13.63,-10.8,28.5,4.47,6.05,26.37,106.72,52.28,1.35,9620100.65,571891.14,16.82
신일전자(주),2700,Dec-21,26.67,2.71,29.65,1.1,10.39,9.75,12.22,-0.47,23.94,4.12,10.11,22.03,47.8,211.96,2.45,128797.34,10981.7,11.73
(주)신원,9270,Dec-21,26.41,1.68,0,0.39,22.48,14.48,26.07,0,21.52,1.49,6.51,31.21,140.17,160.88,4.35,440991.36,37726.61,11.69
하이트진로홀딩스(주),140,Dec-21,26.3,0.47,25.77,11.63,-0.14,0.84,12.29,35.29,0,44.22,1.76,55.39,60.14,0.14,0.04,896135.84,36454,24.58
유성기업(주),2920,Dec-21,26.28,0.57,21.24,0.41,-4.76,0.38,14.27,0,-0.38,1.57,2.14,71.09,41.31,273.47,1.36,73613.46,-846.6,0
지엠비코리아(주),13870,Dec-21,26.17,0.87,43.85,0.4,3.77,5.81,18.77,0,11.91,1.51,3.37,21.21,92.31,118.8,2.23,224714.34,23541.71,9.55
아세아(주),2030,Dec-21,26.13,0.93,35.1,17.25,1.17,2.31,4.6,50.67,68.35,66,3.53,39.51,7.71,247.63,0.05,261391.13,13270.54,19.7
한국지역난방공사,71320,Dec-21,26.01,0.32,1.35,0.22,7.3,1.08,20.86,-23.19,5.97,0.85,1.18,43,257.35,46.74,1.4,3440071.13,302232.12,11.38
(주)남성,4270,Dec-21,25.91,1.56,0,2.24,55.69,56.5,22.63,0,12.69,8.63,7.28,11.05,103.51,99.41,0.84,169717.02,5703.71,29.76
효성첨단소재(주),298050,Dec-21,25.81,7.79,27.5,4.08,12.61,36.49,33.32,219.96,13.9,15.8,31.27,29.35,128.37,73.4,1.98,3163640.53,109298.78,28.94
광전자(주),17900,Dec-21,25.77,1.1,353.51,1.42,0.1,4.41,11.15,0,15.53,5.51,4.32,28.42,13.01,566.81,0.78,170190.72,15970.16,10.66
케이씨코트렐(주),119650,Dec-21,25.75,4.71,3.34,0.59,36.69,387.28,8.9,0,6.58,2.28,28.79,0,718.48,120.03,12.61,78516.81,5026.58,15.62
(주)현대홈쇼핑,57050,Dec-21,25.63,0.78,12.8,1.06,-5.6,1.78,-0.42,-30.37,71.51,4.14,3.01,61.39,16.56,253.64,0.73,734980.48,147445.04,4.98
아주스틸(주),139990,Dec-21,25.63,3.8,0,1.52,54.17,91.13,74.55,139.82,11.05,5.93,19.31,0,109.9,128.62,3.26,597474.21,39302.83,15.2
한일시멘트(주),300720,Dec-21,25.38,1.41,19.3,1.89,-2.93,3.14,7.87,-5.37,22.01,7.46,5.42,53.21,48.07,117.86,0.73,1803781.96,128704.8,14.01
태경케미컬(주),6890,Dec-21,25,1.89,19.81,4.95,13,12.3,14.28,45.56,42.47,19.79,7.84,24.2,13.69,582.55,0.4,140593.33,14303.85,9.83
교촌에프앤비(주),339770,Dec-21,24.92,3.74,22.59,1.12,9.63,13.26,13.22,31.16,17.18,4.5,14.92,33.75,37.49,92.95,3.32,397673.87,32485.28,12.24
조일알미늄(주),18470,Dec-21,24.91,2.35,0,0.84,26.57,49.16,40.26,0,6.39,3.36,11.25,0,108.51,132.01,3.35,353839.25,23064.36,15.34
(주)진도,88790,Dec-21,24.6,0.89,8.39,1.52,6.31,3.82,8.17,0,45.57,6.19,3.68,13.67,34.77,239.5,0.59,44828.3,4670.77,9.6
쌍용씨앤이(주),3410,Dec-21,24.39,2.84,13.25,3.83,4.06,-2.47,15.07,33.61,24.61,15.7,10.86,30.82,86.67,123.33,0.69,4719934.52,375768.43,12.56
백광산업(주),1340,Dec-21,24.24,1.96,10.24,1.92,11.31,7.01,11.58,46.5,27.06,7.91,8.21,14.63,89.19,43.96,1.04,330849.81,38747.71,8.54
(주)세이브존아이앤씨,67830,Dec-21,24.2,0.39,12.79,1.47,0.87,1.3,-9.32,-25.21,55.09,6.07,1.63,15.29,23.22,158,0.27,114818.11,16062.54,7.15
현대건설(주),720,Dec-21,24.17,1.17,6.16,0.67,11.64,8.31,9.94,178.59,9.05,2.79,4.94,23.64,121.31,176.29,1.77,4923997.16,393285,12.52
한화에어로스페이스(주),12450,Dec-21,24.01,1.94,8.89,2.34,10.75,4.77,15.55,320.12,5.48,9.74,5.84,29.66,145.84,109.59,0.6,3984635.55,26766.17,148.87
세방전지(주),4490,Dec-21,23.99,1.76,0,1.65,10.58,7.29,15.5,40.62,14.49,6.87,7.49,9.41,25.13,333.01,1.09,1108770.64,128111.17,8.65
(주)테이팩스,55490,Dec-21,23.98,6.2,44.83,2.84,15.84,27.47,29.28,20.1,21.87,11.83,27.5,18.34,57.01,300.93,2.32,395676.67,23368.09,16.93
대동전자(주),8110,Mar-21,23.96,0.51,20.78,3.9,21.12,17.68,13.49,21,28.47,16.28,2.3,0,23.01,418.88,0.14,50402.13,3639.12,13.85
현대엘리베이터(주),17800,Dec-21,23.83,2.18,17.38,1.53,14.81,7.52,3.53,197.15,17.88,6.41,8.94,32.99,98.58,102.92,1.4,1876134.21,126678.76,14.81
세방(주),4360,Dec-21,23.72,0.76,8.86,0.67,1.2,1.77,7.58,82.2,8.63,2.84,3.13,25.13,40.11,145.1,1.1,300576.21,49587.62,6.06
(주)케이씨티시,9070,Dec-21,23.67,1.83,16.01,0.74,15.13,6.87,31.91,33.69,11.99,3.13,7.86,12.31,119.91,102.53,2.51,333436.67,35830.99,9.31
(주)SNT홀딩스,36530,Dec-21,23.61,0.93,23.29,20.66,0.41,0.32,-25.34,-27.93,0,87.53,3.9,34.97,0.16,7586.68,0.04,283885.96,16658.47,17.04
(주)제이에스코퍼레이션,194370,Dec-21,23.59,2.37,0,1.61,-0.73,9.74,47.41,0,10.89,6.83,10.08,31.08,64.33,163.97,1.48,341890.41,9955.09,34.34
디에스알(주),155660,Dec-21,23.58,1.28,23.05,1.08,13.64,5.11,18.87,37.42,14.32,4.6,5.52,8.93,43.13,191.98,1.2,117253.77,17602.42,6.66
가온전선(주),500,Dec-21,23.57,0.79,0,0.23,21.1,2.35,17.45,12.83,6.17,0.97,3.32,18.82,126.04,167.74,3.43,220691.04,20373.64,10.83
한전케이피에스(주),51600,Dec-21,23.3,2.18,17.17,1.66,5.56,5.69,5.89,14.22,15.28,7.13,9.09,54.98,28.1,299.6,1.27,1672879.49,168452.34,9.93
SK이노베이션(주),96770,Dec-21,23.3,2.09,29.28,7.7,4.17,10.23,4.67,-17.27,31.8,33.04,8.93,16.01,19.39,414.76,0.27,23752213.41,858368.39,27.67
OCI(주),10060,Dec-21,23.27,1.64,27.31,2.58,4.59,7.62,27.86,0,22.84,11.09,7.15,27.54,40.26,151.53,0.64,3090139.08,258233.57,11.97
일진전기(주),103590,Dec-21,23.07,1.05,56.75,0.35,6.04,4.18,31.99,195.74,8.35,1.51,4.48,26.51,160.5,96.24,2.97,396703.47,36218.49,10.95
(주)초록뱀헬스케어,118000,Dec-21,22.96,1.73,0,11.93,36.33,59.63,141.77,-15.08,25.79,51.94,8.63,0,45.15,133.48,0.17,93028.03,-935.98,0
제일연마공업(주),1560,Dec-21,22.88,1.29,72.2,1.45,3.93,3.37,8.05,82.16,17.45,6.34,5.53,45.73,14.82,376.48,0.87,78508.88,6086.97,12.9
(주)비지에프리테일,282330,Dec-21,22.81,4.77,6.35,0.49,9.3,16.48,9.64,16.14,17.33,2.16,20.12,35.44,222.57,79.04,9.3,3157291.62,571919.69,5.52
디에스알제강(주),69730,Dec-21,22.49,1.12,0,0.83,17.19,5.18,17.56,44.34,8.53,3.68,5.08,7.56,57.12,148.5,1.38,110762.32,10313.6,10.74
상신브레이크(주),41650,Dec-21,22.38,0.68,6.07,0.42,1.8,3.1,13.85,118.37,22.17,1.86,3.02,26.47,87.76,111.56,1.62,176812.85,25967.59,6.81
(주)동성케미컬,102260,Dec-21,22.34,1.02,71.25,0.87,31.95,43.08,76.67,0,9.19,3.9,5.14,67.65,38.39,112.43,1.32,273128.98,16829.05,16.23
(주)에넥스,11090,Dec-21,22.28,3.49,0,1.13,17.75,47.26,-13.39,0,6.92,5.07,18.36,0,100.67,122.8,3.62,159825.07,-7614.43,0
미원상사(주),2840,Dec-21,22.19,4.37,21.89,3.51,11.91,9.32,22.08,-1.95,24.19,15.82,20.24,4.54,24.61,382.44,1.28,990605.81,80745.73,12.27
(주)대동,490,Dec-21,22.11,1.45,24.45,0.4,23.58,6.36,39,19.86,15.2,1.82,6.35,10.3,210.89,98.02,3.5,478538.02,37342.28,12.81
한국단자공업(주),25540,Dec-21,22.11,1.56,47.45,1.27,9.71,9.09,19.01,12,12.07,5.76,7.24,8.88,29.76,247.57,1.26,772792.78,94257.8,8.2
(주)동남합성,23450,Dec-21,22.07,5.63,20.63,1.61,11.44,-5.63,28.31,17.88,14.31,7.32,24.61,0,95.85,115.6,3.36,247433.74,19123.1,12.94
효성아이티엑스(주),94280,Dec-21,22.05,3.24,9.63,0.65,49.6,109.19,-1.22,-8.61,10.45,2.96,18.56,25.39,134.34,61.03,6.26,283500.39,44014.7,6.44
(주)에스제이엠홀딩스,25530,Dec-21,22,0.62,18.46,13.02,3.46,3.61,69.46,72.48,87.28,59.2,2.84,55.72,9.12,132.16,0.05,60314.15,4290.68,14.06
제이더블유생명과학(주),234080,Dec-21,21.99,3.19,13.25,2.27,3.94,2.33,-8.08,3.04,28.18,10.31,13.31,45.76,67.94,70.75,1.29,262582.78,39950.33,6.57
(주)오뚜기,7310,Dec-21,21.9,1.66,17.86,0.92,14.16,5.75,4.74,-26.74,19.97,4.18,7.53,26.96,57.92,146.08,1.8,1886637.42,205477.84,9.18
(주)선앤엘,2820,Dec-21,21.89,0.46,54.72,0.3,11.3,10.85,64.99,0,11.07,1.37,2.08,22.11,108.9,84.41,1.52,224064.24,28927.62,7.75
(주)덴티움,145720,Dec-21,21.76,3.92,17.11,4.54,8.05,20.07,25.94,225.33,59.6,20.87,19.36,4.59,98.78,108.62,0.93,939605.95,63493.75,14.8
(주)다우기술,23590,Dec-21,21.7,2.38,18.95,4.88,8.05,7.41,10.86,58.7,25.66,22.5,10.66,42.28,76.34,303.97,0.47,1097671.76,54142.51,20.27
삼성전기(주),9150,Dec-21,21.37,3.47,20.26,2.4,14.87,14.57,28.62,126.62,26.35,11.25,16.4,19.61,26.82,244.49,1.46,14174813.04,1450591.15,9.77
한미반도체(주),42700,Dec-21,21.27,6.89,39.73,5.54,29.61,32.55,45.36,104.43,48.57,26.06,33.13,30.63,25.31,300.37,1.27,1824114.91,125936.78,14.48
(주)콤텍시스템,31820,Dec-21,21.23,0.85,41.51,0.58,28.5,47.12,4.1,431.13,16.84,2.73,4.63,0,42.43,224.18,1.7,64651.29,7640.27,8.46
삼성전자(주),5930,Dec-21,21.23,3.61,12.83,3.29,9.34,5.39,20.1,98.34,32,15.51,16.45,7.92,29.98,138.6,1.06,531909193.7,54549041,9.75
(주)백산,35150,Dec-21,21.17,2.01,13.26,1.47,5.15,13.89,-0.13,0,18.31,6.96,9.88,17,66.29,157.34,1.42,216004.93,28896.46,7.48
미원화학(주),134380,Dec-21,21.12,2.06,25.56,1.21,6.79,6.24,23.24,-17.62,14.04,5.75,9.75,27,11.58,1001.2,1.7,172844.64,24441.78,7.07
진양산업(주),3780,Dec-21,21.08,3.48,21.28,2.2,6.35,9.47,23.79,136.47,18.69,10.42,15.96,32.5,45.46,144.16,1.53,114231.9,6645.54,17.19
(주)삼원강재,23000,Dec-21,20.99,0.86,27.43,0.62,4.93,2.81,21.94,8.43,6.94,2.94,4.08,47.4,23.75,319.37,1.39,119062.68,16099.72,7.4
기신정기(주),92440,Mar-21,20.91,0.83,14.65,1.81,3.44,3.17,3.22,29.11,19.67,8.68,3.97,45.12,7.62,1054.18,0.46,143723.42,17163.15,8.37
(주)세진중공업,75580,Dec-21,20.79,3.08,0,2.05,20.27,6.67,-17.07,0,6.8,9.87,14.09,37.59,177.3,96.55,1.43,489838.36,9039.95,54.19
한화솔루션(주),9830,Dec-21,20.68,1.46,17.99,1.53,44.08,37.01,29.36,-23.31,19.49,7.4,8.07,0,95.22,88.09,1.09,10767443.26,947914,11.36
에스지씨에너지(주),5090,Dec-21,20.64,1.53,7.72,1.79,-5.29,2.1,565.53,742.37,17.91,8.66,7.17,53.59,174.25,44.68,0.83,1492380.87,151395.96,9.86
(주)한농화성,11500,Dec-21,20.64,2.83,0,1.51,26.61,12.89,29.07,51.67,11.92,7.33,14.14,17.86,46.89,212.92,1.93,288958.65,27906.78,10.35
삼화전기(주),9470,Dec-21,20.59,4.59,27.48,1.36,11.93,26.3,23.89,437.7,18.03,6.59,23.7,16.04,112.26,103.82,3.6,206998.81,19587.82,10.57
에스케이케미칼(주),285130,Dec-21,20.39,5.76,0,5.64,13.9,30.56,18.7,40.21,24.17,27.67,29.65,19.43,71.96,139.77,1.07,3092897.36,154701.72,19.99
(주)동방아그로,7590,Dec-21,20.3,1,9.55,1.06,4.31,3.76,3.47,4.25,28.06,5.23,4.86,44.45,39.24,336.58,0.93,45453.79,11066.77,4.11
태경산업(주),15890,Dec-21,20.06,1.45,11.32,1.81,9.04,3.11,27.25,645.89,24.48,9,6.98,63.81,16.96,198.5,0.78,190537.13,15930.15,11.96
(주)유니온,910,Dec-21,20.05,1.32,24.05,1.62,3.4,3.91,2.07,-66.21,19.21,8.09,6.55,24.69,62.49,80.34,0.81,150956.24,7158.18,21.09
(주)에스피씨삼립,5610,Dec-21,19.99,2.59,9.36,0.6,0.84,11.42,8.21,0,25.15,3.03,13.14,21.68,186.95,67.99,4.34,1032760.79,137008.97,7.54
부국철강(주),26940,Dec-21,19.97,1.48,0,0.9,13.99,6.32,40.89,988.86,6.75,4.49,7.53,17.06,25.13,378.26,1.68,71027.14,8296.4,8.56
극동유화(주),14530,Dec-21,19.94,1.43,0,0.25,12.29,5.15,54.88,70.05,5.35,1.25,7.02,45.05,69.53,129.45,5.61,205049.85,24664.32,8.31
롯데쇼핑(주),23530,Dec-21,19.91,0.4,2.63,0.45,-2.8,1.63,-3.44,0,50.36,2.28,1.98,41.26,148.33,62.45,0.87,11497338.06,999484.69,11.5
에이케이홀딩스(주),6840,Dec-21,19.59,0.97,14.04,9.72,14.01,3.99,13.95,173.02,0,49.62,4.88,10.14,43.12,2.04,0.1,481161.21,38366.67,12.54
한솔피엔에스(주),10420,Dec-21,19.57,1.6,0,0.27,-9.57,6.72,5.1,18.28,8.92,1.36,7.74,14.67,107.94,137.27,5.7,41142.11,7251.08,5.67
한일현대시멘트(주),6390,Dec-21,19.56,2.63,24.27,1.99,6.02,26.7,18.76,-35.67,23.04,10.17,13.92,52.81,84.08,130.64,1.37,705675.27,50817.47,13.89
아이에스동서(주),10780,Dec-21,19.54,1.81,12.61,1.7,-3.34,5.83,35.46,-11.91,28.57,8.69,9.23,33.36,148.35,141.29,1.06,2340403.45,269927.06,8.67
롯데정보통신(주),286940,Dec-21,19.53,1.74,7.72,0.75,15.26,4.89,9.18,16.75,7.93,3.84,8.31,30.19,72.07,162.54,2.16,518832.94,81367.97,6.38
(주)비상교육,100220,Dec-21,19.48,1.08,6.92,1.28,4.04,4.17,17.47,0,52.52,6.56,5.09,24.48,25.68,189.27,0.78,89665.52,28994.42,3.09
(주)현대그린푸드,5440,Dec-21,19.31,0.82,13.41,0.7,0.65,4.51,10.49,61.03,16.19,3.63,4.25,30.2,21.21,180.66,1.17,818019.27,63693.04,12.84
(주)혜인,3010,Dec-21,19.2,1.05,4.6,0.53,-6.13,4.51,-5.14,5.63,17.06,2.78,5.47,24.39,81.86,152.39,1.97,89744.78,14108.06,6.36
진양폴리우레탄(주),10640,Dec-21,19.09,2.56,14.87,1.4,6.95,9.25,43.8,156.1,17.58,7.33,13.27,40.15,61.13,129.29,1.81,74650.72,6405.33,11.65
삼화왕관(주),4450,Dec-21,19.06,0.73,10.23,0.89,0.5,2.27,7.12,0,17.21,4.66,3.74,25.72,56.38,180.52,0.8,140236.5,14415.91,9.73
신성통상(주),5390,Jun-21,19,2.2,3.12,0.47,5.09,12.41,17.54,559.25,39.41,2.45,12.21,0,242.52,119.69,4.98,916032.47,138293.21,6.62
코웨이(주),21240,Dec-21,18.97,4.26,20.46,2.34,19.53,19.69,8.57,23.53,60.34,12.31,22.76,26.17,95.35,85.34,1.85,6291725.63,858583.7,7.33
대덕전자(주),353200,Dec-21,18.96,1.98,6.51,1.32,0,0,0,0,11.89,6.96,10.03,22.37,37.27,200.86,1.44,1188215.98,169850.89,7
대한유화(주),6650,Dec-21,18.71,1.38,8.7,1.06,17.35,6.82,33.58,18.91,8.94,5.65,7.49,15.34,19.2,332.64,1.33,964715.24,327928.96,2.94
광동제약(주),9290,Dec-21,18.7,1.19,14.87,0.69,4.99,5.35,7.97,0.39,30.31,3.69,6.42,13.51,47.59,189.61,1.74,488409.84,54222.01,9.01
(주)도화엔지니어링,2150,Dec-21,18.62,1.33,12.02,0.59,8.81,4.28,-4.04,-15.72,0,3.17,6.92,50.23,72.37,113.06,2.18,191815.02,26103.98,7.35
(주)서흥,8490,Dec-21,18.57,2.35,18.74,1.65,1.16,9.19,7.14,6.64,17.47,8.87,12.72,15.15,61.44,148.32,1.43,676436.86,63490.41,10.65
기아(주),270,Dec-21,18.53,1.91,9.49,1.01,8.65,8.45,19.26,191.55,18.98,5.44,9.08,53.91,76.68,136.8,1.67,37134300.12,4401431,8.44
(주)경방,50,Dec-21,18.47,0.56,0,1.58,0.15,0.95,20.2,-10.4,39.32,8.58,3.05,13.43,58.36,40.88,0.36,547412.49,55384.8,9.88
(주)크라운제과,264900,Dec-21,18.43,1.54,7,0.63,-0.76,5.16,-0.09,-19.18,32.26,3.44,8.36,24.42,102.16,118.53,2.43,151960.57,27848.71,5.46
(주)대양금속,9190,Dec-21,18.35,2.85,0,1.38,35.51,31.43,44.79,0,10.91,7.49,17.39,0,58.21,268.69,2.32,170006.6,18533.37,9.17
(주)두올,16740,Dec-21,18.31,1.45,14.72,1,0.83,5.77,-4.51,134.34,19.29,5.48,7.93,20.96,66.25,235.98,1.45,160775.46,19914.95,8.07
(주)엔케이,85310,Dec-21,18.26,1.31,9.32,1.88,-10.18,9.23,-0.53,0,16.6,10.32,7.49,0,27.98,248.04,0.73,48257.6,3864,12.49
미래산업(주),25560,Dec-21,18.2,1.44,23.73,2.5,21.99,30.91,20.59,0,33.05,13.77,8.86,0,38.99,238.86,0.64,41796.14,8134.71,5.14
(주)방림,3610,Sep-21,18.15,0.68,6.66,1.54,6.36,4.08,9.11,48.38,14.23,8.48,3.79,23.52,18.76,500.3,0.45,100183.63,7365.29,13.6
하나제약(주),293480,Dec-21,18.14,2.21,19.81,2.59,9.73,8.4,10.77,88.1,66.61,14.26,11.57,31.49,20.48,343.87,0.81,362284.44,41771.97,8.67
(주)경인양행,12610,Dec-21,18.09,1.62,242.45,1.18,19.69,8.73,28.85,0,25.38,6.52,9.01,11.51,121.84,104.5,1.38,422025.44,28713.56,14.7
엘지디스플레이(주),34220,Dec-21,17.89,1.1,3,0.35,10.38,3.7,24.41,0,10.64,1.95,5.28,42.12,176.98,65.15,2.71,15416737.22,3254819,4.74
(주)포스코인터내셔널,47050,Dec-21,17.47,1.83,0,0.12,26.9,4.01,58.79,-1.35,2.55,0.66,6.53,49.05,190.97,129.51,9.9,5623190.93,626279.27,8.98
(주)대한항공,3490,Dec-21,17.44,1.66,3.18,1.27,5.84,107.1,18.21,0,24.29,7.3,12.34,0,275.36,80.24,1.69,21317640.69,3081235.98,6.92
고려제강(주),2240,Dec-21,17.42,0.68,25.2,1.54,3.04,4.4,13.67,274.82,15.96,8.85,3.93,15.69,22.39,149.99,0.44,494441.27,52148.43,9.48
삼영전자공업(주),5680,Dec-21,17.39,0.64,17.72,1.42,3.19,2.53,17.39,51.51,13.05,8.19,3.67,35.85,4.98,1444.93,0.45,215658.97,18364.22,11.74
(주)퍼시스,16800,Dec-21,17.31,1.62,13.92,2.39,15.34,7.94,13.82,32.46,27.53,13.81,9.41,22.37,15.67,397.98,0.68,306253.84,37875.25,8.09
(주)코리아써키트,7810,Dec-21,17.26,2.27,22.21,1.4,22.1,15.77,14.94,1430.38,11.68,8.09,14.06,0,43.66,263.66,1.74,808925.84,71797.4,11.27
(주)경동나비엔,9450,Dec-21,17.21,3.13,15.76,1.13,24.65,28.24,27.44,229.72,26.03,6.55,19.39,10.44,84.94,131.33,2.96,801988.24,74619.97,10.75
금강공업(주),14280,Dec-21,17.19,1.18,0,1.08,13.71,13.37,18.89,0,18.35,6.26,7.05,14.71,107.74,83.55,1.13,415929.27,58668.51,7.09
한일홀딩스(주),3300,Dec-21,17.11,0.63,14.15,13.43,-11.58,1.19,86.15,205.58,0,78.49,3.59,60.53,45.92,177.63,0.05,707969.58,24012.6,29.48
조선선재(주),120030,Dec-21,17.08,1.99,24.73,3.64,10.79,8.1,14.51,58.16,29.7,21.34,11.95,10.46,10.39,923.8,0.56,66451.57,15605.92,4.26
에스케이(주),34730,Dec-21,17.05,1.93,79.9,9.3,15.36,6.46,-20.85,-12.6,0,54.55,9.8,24.56,72.37,37.73,0.18,28468064.28,942093,30.22
새론오토모티브(주),75180,Dec-21,17.03,0.79,9.93,1.62,3.5,4.03,-6.03,-32.18,7.67,9.49,4.63,28.22,9.95,458.55,0.49,70077.09,7846.26,8.93
티케이지휴켐스(주),69260,Dec-21,16.98,1.9,14.83,1.43,9.15,4.3,45.1,47.59,15.02,8.44,10.67,52.76,32.69,257.33,1.26,1014869.84,123340.52,8.23
(주)엘지,3550,Dec-21,16.97,2.34,30.32,21.16,-8.16,-8.37,-2.6,-7.31,0,124.68,12.54,36.38,3.17,1018.19,0.1,12708081.37,766340,16.58
(주)웅진,16880,Dec-21,16.89,1.32,22.42,2.34,5.97,9,-11.39,-48.76,35.75,13.85,7.97,0,66.87,38.2,0.58,241604.59,29834.73,8.1
미원홀딩스(주),107590,Dec-21,16.87,2.46,48.69,19.69,28.81,20.97,-6.1,16.45,48.95,116.72,15.86,4.46,48.39,26.63,0.14,413343.3,8281.96,49.91
신대양제지(주),16590,Dec-21,16.84,1.17,293.36,1.72,0.57,0.52,29.62,4.07,15.99,10.21,6.85,18.03,12.07,435.33,0.67,345190.07,33135.96,10.42
한솔제지(주),213500,Dec-21,16.78,0.65,3.86,0.27,9,8.88,9.77,-59.24,16.32,1.62,3.92,36.14,158.47,89.57,2.43,1026390.39,155741.21,6.59
환인제약(주),16580,Dec-21,16.63,1.41,11.81,2.47,7.14,6.92,3.42,11.28,52.51,14.87,8.59,17.38,11.33,780.5,0.58,270013.78,37409.92,7.22
(주)케이씨텍,281820,Dec-21,16.59,1.86,16.93,2.02,11.23,10.74,7.71,-1.51,30.97,12.17,11.45,10.94,17.62,502.45,0.94,458329.88,66628.74,6.88
에스케이텔레콤(주),17670,Dec-21,16.5,2.43,4.52,1.46,-17.5,-37.39,3.03,41.52,0,8.87,7.61,33.64,142.93,86.27,0.86,21384129.04,4028552,5.31
(주)SNT에너지,100840,Dec-21,16.42,0.88,7.6,1.28,-2.99,3.77,-28.06,37.53,17.17,7.82,5.37,20.37,31.22,336.67,0.69,56955.77,15370.62,3.71
(주)영원무역,111770,Dec-21,16.22,1.68,21.93,1.54,4.11,8.21,25.61,129.28,15.09,9.52,10.4,32.14,37.15,208.55,1.09,1700252.97,165229.92,10.29
(주)신영와코루,5800,Dec-21,16.09,0.38,12.19,0.62,1.9,1.43,6.4,143.67,60.1,3.85,2.32,18.56,18.01,332.96,0.6,115498.89,7343.81,15.73
(주)삼양패키징,272550,Dec-21,15.9,1.64,8.56,1.23,8.5,4.39,6.63,-6.18,21.63,7.73,9.64,46.89,90.66,103.11,1.25,553333.68,71840.48,7.7
삼양식품(주),3230,Dec-21,15.9,2.25,14.69,1.24,35.65,12.68,-0.93,-15.3,24.77,7.77,14.53,15.36,95.76,136.43,1.87,807594.33,68830.27,11.73
(주)지에스,78930,Dec-21,15.89,0.93,34.5,20.66,6.26,2.31,-24.72,0,0,130.05,5.72,63.18,19.42,111,0.04,4353508.19,159551,27.29
(주)동원에프앤비,49770,Dec-21,15.8,1.51,9.46,0.54,7.55,7.57,-0.59,15.15,28.8,3.44,9.52,22.2,101.01,115.12,2.77,1178701.01,131367.03,8.97
한솔홀딩스(주),4150,Dec-21,15.74,0.49,15.17,7.09,3.24,1.84,11.4,-63.5,0,45.05,3.07,38.16,3.86,689.61,0.07,128520.96,14838.14,8.66
삼성물산(주),28260,Dec-21,15.74,1.1,30.91,1.43,-0.59,1.48,10.64,498.6,10.57,9.08,6.8,36.14,55.52,106.72,0.75,22791217.92,463940.19,49.13
한세실업(주),105630,Dec-21,15.66,2.48,0,0.7,20.28,12.51,-2.23,66.9,14.53,4.48,16.09,27.05,118.01,145.74,3.59,1305355.49,112767.84,11.58
(주)디비아이엔씨,12030,Dec-21,15.65,0.65,16.18,1.06,26.06,36.05,23.8,240.11,16.41,6.76,4.77,0,34.31,136.85,0.71,252012.76,16391.71,15.37
고려아연(주),10130,Dec-21,15.62,1.74,15.62,1.64,10.72,7.48,26.72,34.33,14.12,10.53,10.91,46.88,16.21,411.97,1.04,9529385.76,1161047.47,8.21
샘표(주),7540,Dec-21,15.57,0.97,103.66,14.25,6.87,6.54,-29.35,-34.05,0,91.51,6.41,3.75,4.23,10010.64,0.07,122468.31,11489.54,10.66
(주)경농,2100,Dec-21,15.53,1.86,17.94,2.18,4.62,8.56,5.5,134,34.76,14,11.9,25.55,46.13,176.74,0.85,270758.37,19338.98,14
(주)화신,10690,Dec-21,15.34,1.23,21.59,0.55,5.96,3.26,2.28,0,5.06,3.59,8.02,8.84,105.7,115.3,2.23,547833.7,20465.65,26.77
엘아이지넥스원(주),79550,Dec-21,15.27,2.72,11.75,0.88,-0.92,13.5,13.79,81.5,12.68,5.77,14.63,24.89,236.57,100.46,2.54,1980593.56,154114.56,12.85
미원스페셜티케미칼(주),268280,Dec-21,15.17,3.86,36.63,2.3,29.11,25.07,43.77,132.83,25.66,15.18,27.5,8.65,27.76,382.06,1.81,1061393.86,113531.05,9.35
효성티앤씨(주),298020,Dec-21,15.1,7.86,20.38,0.91,30.66,51.36,45.1,342.63,10.45,6.05,43.97,78.19,113.5,97.94,7.27,2411339.76,361536.17,6.67
삼호개발(주),10960,Dec-21,14.99,0.85,0,0.59,-5.17,3.92,-12.67,-16.36,7.39,3.91,5.64,34.99,32.64,270.54,1.44,127430.94,13274,9.6
삼진제약(주),5500,Dec-21,14.93,1.98,17.69,1.7,23.59,9.7,6.34,1.88,47.12,11.36,12.69,34.65,41.99,282.49,1.12,407967.86,41271.89,9.88
(주)현대백화점,69960,Dec-21,14.91,0.58,5.54,1.5,3.51,3.02,21.44,49.24,81.12,10.06,3.85,15.81,66.25,81.45,0.38,3075964.03,389470.56,7.9
동원산업(주),6040,Dec-21,14.88,1.44,11.07,1.6,0.08,8.41,1.13,-3.14,16.06,10.77,9.73,22.3,100.03,114.2,0.9,1459909.75,119803.86,12.19
사조씨푸드(주),14710,Dec-21,14.8,0.64,11.21,0.83,8.12,9.09,-18.58,25.5,13.1,5.64,4.47,10.5,46.5,97.2,0.79,144498.75,18047.63,8.01
(주)비지에프,27410,Dec-21,14.77,0.52,38.29,18.29,3.67,2.82,-18.02,136.32,100,123.84,3.54,20.09,3.57,974.89,0.03,498389.38,20023,24.89
(주)신세계,4170,Dec-21,14.75,0.87,5.51,1.93,2.47,4.29,14.51,2.12,82.11,13.08,5.94,13.5,105.3,23.61,0.45,4528504.86,418079.58,10.83
SNT모티브(주),64960,Dec-21,14.6,1.45,19.31,1.33,5.65,12.42,2.53,52.72,15.89,9.09,10.18,17.02,33.73,277.94,1.12,453735.01,118522.88,3.83
(주)티에이치엔,19180,Dec-21,14.58,1.03,2.1,0.27,15.48,6.22,17.44,0,10.16,1.86,7.16,13.16,206.04,86.4,3.86,180100.52,28882.78,6.24
샘표식품(주),248170,Dec-21,14.3,1.54,10.42,0.92,18.03,10.99,10.39,-28.52,38.97,6.41,11.26,4.17,48.19,198.89,1.76,221479.34,35751.74,6.19
세하(주),27970,Dec-21,14.3,1.5,8.77,0.72,3.05,11.59,7.87,-22.88,13.16,5.01,11.03,0,99.43,86.74,2.2,124552.32,20419.33,6.1
롯데칠성음료(주),5300,Dec-21,14.17,1.31,5.73,0.74,2.22,9.22,8.47,0,42,5.23,9.01,24.26,143.57,101.85,1.72,2382900.51,321097.61,7.42
(주)예스코홀딩스,15360,Dec-21,14.09,0.56,19.08,12.75,-2.95,2.04,9.35,0,0,90.52,3.9,53.86,29.99,116.84,0.04,200370.21,2019.81,99.2
(주)케이티앤지,33780,Dec-21,13.99,1.63,10.81,3.42,-0.99,-0.67,1.6,-20.68,54.44,24.44,10.63,67.52,22.27,233.7,0.43,10278312.3,1224870.99,8.39
현대글로비스(주),86280,Dec-21,13.98,1.91,9.19,0.5,10.03,11.57,36.12,20.9,6.62,3.59,13.81,22.61,109.01,162.68,3.85,7436773.57,1238373.5,6.01
KG스틸(주),16380,Dec-21,13.96,2.27,0,0.78,20.97,17.36,52.87,324.77,12.06,5.62,17.34,5.55,139.96,135.66,3.09,2156204.29,348421.78,6.19
에스엘(주),5850,Dec-21,13.92,1.42,8.71,0.92,7.12,8.1,14.65,44.42,11.67,6.64,10.31,17.38,29.83,311.96,1.55,1271400.41,206735.23,6.15
자이에스앤디(주),317400,Dec-21,13.9,1.74,4.77,1.17,30.67,87.05,22.32,74.74,14.77,8.39,15.66,21.23,77.62,267.43,1.87,301727.34,58439.77,5.16
삼정펄프(주),9770,Dec-21,13.87,0.5,61.46,0.76,2.85,2.44,-5.6,-71.65,7.69,5.51,3.57,32.83,10.78,662.99,0.65,55830.45,6574.69,8.49
롯데케미칼(주),11170,Dec-21,13.84,1.02,14.68,0.84,14.83,6.38,49.81,624.2,12.34,6.09,6.99,33.99,41.24,183.21,1.15,9287767.6,1495132.14,6.21
(주)비와이씨,1460,Dec-21,13.84,0.96,13.45,2.8,1.28,7.16,1.48,86.36,44.12,20.26,7.17,3.82,41,106.19,0.35,335729.47,37921.15,8.85
(주)신흥,4080,Dec-21,13.82,1.9,28,1.45,-4.82,10.53,8.8,62.39,28.11,10.51,14.16,8.46,31.59,160.36,1.35,148365.2,14646.48,10.13
엔에이치엔(주),181710,Dec-21,13.75,1.15,11.93,6.1,18.28,14.25,11.61,417.11,0,44.33,8.87,0,10.4,217.36,0.2,848629.23,61317.27,13.84
(주)웅진씽크빅,95720,Dec-21,13.72,1.88,6.2,0.87,3.72,7.44,8.53,464.93,60.06,6.37,11.23,23.21,64.77,147.1,1.76,414565.46,79133.37,5.24
(주)에스제이엠,123700,Dec-21,13.71,0.76,37.73,1.58,8.08,6.18,13.73,0,8.12,11.52,5.56,30.25,15.72,337.05,0.48,68631.73,-4985.88,0
(주)시디즈,134790,Dec-21,13.7,2.94,0,0.7,-11.45,25.96,10.75,-25.42,23.92,5.13,23.47,5.19,38.01,250.04,4.57,120877.1,17082.77,7.08
인터지스(주),129260,Dec-21,13.57,0.89,54.63,0.3,1.91,8.92,29.83,900.86,5.7,2.2,6.63,23.61,85.68,114.24,3.01,169706.77,17577.13,9.65
(주)유니드,14830,Dec-21,13.52,1.99,58.35,2.09,10.78,15.38,19.53,131.28,19.87,15.44,15.35,14.2,37.38,157.03,0.99,1012400.68,94138.04,10.75
에이치디씨(주),12630,Dec-21,13.34,0.47,19.93,15.65,8.89,4.16,12.69,265.94,73.95,117.33,3.53,19.62,13.77,325.53,0.03,590741.59,43346.13,13.63
(주)이수화학,5950,Dec-21,13.23,1.03,7.49,0.39,13.54,7.96,39.77,0,10.08,2.94,7.82,35.07,91.59,114.57,2.66,581998.12,93926.28,6.2
지에스건설(주),6360,Dec-21,13.18,0.9,4.97,0.54,8.08,9.4,-12.32,-2.99,14.22,4.07,6.85,34.79,165.32,108.76,1.68,4118587.35,601416.41,6.85
(주)한미글로벌건축사사무소,53690,Dec-21,13.17,1.52,12.74,1.16,20.8,8.75,19.64,54.73,24.98,8.84,11.38,34.61,55.77,166.41,1.29,125328.6,12285.69,10.2
한국쉘석유(주),2960,Dec-21,13.16,4.58,15.49,1.58,11.51,11.66,20.49,38.24,34.85,12.03,27.97,85.04,51.26,262.37,2.32,307866.58,41860.56,7.35
(주)케이씨,29460,Dec-21,12.99,0.76,5287.65,2.57,9.96,11.15,5.58,4.9,34.19,19.78,6.01,11.47,17.83,622.26,0.3,251087.07,40178.4,6.25
디와이파워(주),210540,Dec-21,12.85,1.34,0,0.86,12.9,9.9,59.44,122.94,7.03,6.66,10.68,18.14,28.83,261.64,1.6,142224.56,18021.93,7.89
아시아나아이디티(주),267850,Dec-21,12.84,2.43,60.32,1.94,8.41,19.45,-10.79,0,9.24,15.09,18.45,21.05,42.78,298.64,1.22,199777.68,14805.08,13.49
(주)신세계아이앤씨,35510,Dec-21,12.7,1.91,15.54,0.94,24.84,30.74,9.53,-43.93,13.27,7.41,16,8.43,28.17,256.01,2.16,277646.24,50924.73,5.45
(주)더블유게임즈,192080,Dec-21,12.67,1.86,23.19,7.44,34.69,23.46,-10.68,-5.7,0,58.74,16.04,9.48,15.75,260.46,0.27,1165170.67,79420.38,14.67
현대코퍼레이션홀딩스(주),227840,Dec-21,12.62,0.89,11.14,1.38,12.79,12.37,-14.36,-31.83,22.6,10.93,6.47,36.51,19.65,386.38,0.59,75597.58,11486.4,6.58
(주)한창제지,9460,Dec-21,12.59,1.78,13.6,1.04,37.28,14.61,6.26,41.85,21.42,8.24,14.78,7.94,129.03,192.18,1.79,166021.48,25420.25,6.53
조선내화(주),480,Dec-21,12.57,0.8,15.32,1,7.07,8.47,-0.43,7.8,13.29,7.93,6.32,41.33,64.01,65.15,0.8,530954.7,29609.29,17.93
화천기계(주),10660,Dec-21,12.55,0.55,4.89,0.38,6.4,4.67,28.58,0,10.19,3.06,4.37,3.68,23.93,240.12,1.43,42477.25,6216.37,6.83
화천기공(주),850,Dec-21,12.46,0.32,35.79,0.5,11.22,3.44,33.32,116.21,11.69,4.02,2.56,30.55,34.35,277.47,0.64,92361.3,5949.55,15.52
해성디에스(주),195870,Dec-21,12.41,3.21,15.77,1.38,24.61,27.79,42.86,143.09,20.87,11.12,27.6,14,61.2,164.17,2.48,880769.49,119305.26,7.38
(주)한국종합기술,23350,Dec-21,12.4,0.99,9.22,0.51,2.2,3.48,-6.93,70.57,11.89,4.11,7.89,9.43,138.52,80.2,1.92,56518.57,9522.65,5.94
진흥기업(주),2780,Dec-21,12.34,3.86,12.83,1.48,18.27,43.84,17.76,161.87,14.95,12.02,36.86,0,95.74,191.63,3.07,306570.82,44505,6.89
케이카(주),381970,Dec-21,12.33,2.45,84,0.3,60.68,61.13,43.78,93.85,10.8,2.46,20.95,77.1,99.67,144.51,8.52,1805649.22,114705.37,15.74
현대건설기계(주),267270,Dec-21,12.07,1.23,0,0.63,9.71,11.65,25.64,0,12.3,5.19,9.93,20.55,99.13,148.75,1.91,1324575.64,107724.4,12.3
(주)넥센,5720,Dec-21,11.97,0.54,37.19,0.63,5.62,3.3,43.6,38.26,10.88,5.3,4.51,20.62,19.64,171.69,0.85,259874.83,34614.61,7.51
(주)모나미,5360,Dec-21,11.86,1.72,663.25,1.38,1.29,14.36,4.62,705.36,29.23,11.64,14.79,16.66,89.6,140.57,1.27,131053.93,4305.35,30.44
쿠쿠홈시스(주),284740,Dec-21,11.76,2.06,14.86,1.8,20.13,17.5,16.05,30.26,55.99,15.33,18.36,14.56,27.15,238.54,1.2,804656.05,144256.76,5.58
효성중공업(주),298040,Dec-21,11.74,0.91,8.45,0.38,3.57,7.08,-5.96,0,14.21,3.25,7.82,0,199.25,77.52,2.4,1181569.08,161691.7,7.31
유니퀘스트(주),77500,Dec-21,11.71,2.29,25.2,0.77,20.02,24.96,46.81,100.83,9.72,6.61,20.69,20.61,75.21,162.54,3.13,341683.04,35205.42,9.71
동아타이어공업(주),282690,Dec-21,11.68,0.55,24.53,1.09,2.88,0.48,24.49,23.61,12.23,9.35,4.52,82.26,10.43,258.17,0.48,153443.76,17024.9,9.01
효성화학(주),298000,Dec-21,11.65,2.57,5.21,0.72,4.94,27.68,28.33,203.92,13.41,6.17,24.29,0,173.54,59.39,3.94,1599498.6,333195.58,4.8
(주)케이티씨에스,58850,Dec-21,11.63,1.09,7.99,0.3,4.33,5.15,7.17,152.88,0,2.61,9.06,28.05,81.67,188.88,3.47,46573.3,31646.81,1.47
한솔로지스틱스(주),9180,Dec-21,11.61,3.25,6.44,0.31,16.77,25.68,50.17,140.96,7.8,2.64,26.26,12.11,215.83,93.41,9.93,141488.99,31478.1,4.49
(주)디아이씨,92200,Dec-21,11.55,6.06,8.62,0.73,2.39,542.85,16.49,0,11.48,6.3,90.8,0,697.66,42.37,14.42,370568.74,47053.97,7.88
에스케이하이닉스(주),660,Dec-21,11.45,1.99,6.17,2.64,32.62,18.48,36.14,126.83,43.03,23.02,17.67,11.07,44.66,140.9,0.77,108432513.8,20229799,5.36
(주)휴니드테크놀러지스,5870,Dec-21,11.44,1.14,0,0.65,6.74,11.63,14.96,127.84,13.42,5.72,10.31,0,100.73,151.09,1.8,89681.94,17472.04,5.13
(주)삼천리,4690,Dec-21,11.33,0.33,1.65,0.17,10.07,2.43,9.52,14.03,11.67,1.46,2.91,26.81,132.77,163.82,1.99,590272.77,112639.06,5.24
LG이노텍(주),11070,Dec-21,11.24,3.37,9.86,0.61,27.26,33.64,57.1,323.48,12.9,5.41,31.18,8.99,141.24,116.97,5.76,9203521.67,1689605.81,5.45
(주)케이티스카이라이프,53210,Dec-21,11.2,0.8,8.66,0.88,28.79,6.29,-0.76,-11.18,0,7.82,6.79,32.49,47.57,137.21,0.87,654407.64,118401.55,5.53
(주)DB하이텍,990,Dec-21,11.12,3.3,9.01,2.9,31.29,39.07,29.78,91.31,44.06,26.09,33.34,6.17,39.99,241.47,1.28,3229213.59,543726.58,5.94
(주)케이씨씨글라스,344820,Dec-21,11.11,0.99,5.73,1.11,0,0,0,0,25.22,10.02,8.48,18.95,34.13,202.95,0.85,1063059.52,255767.44,4.16
(주)대우건설,47040,Dec-21,11.11,1.49,2.68,0.49,9.45,14.95,5.87,101.75,12.88,4.41,14.01,0,237.4,131.53,3.17,3455766.91,667987.33,5.17
동일제강(주),2690,Dec-21,11.09,0.6,0,0.5,21.5,18.3,48.26,2616.41,8.01,4.53,5.82,4.8,17.56,446.16,1.29,39389.84,11974.98,3.29
대한해운(주),5880,Dec-21,10.94,1.26,5.19,2.48,7.44,61.69,-4.75,0,26.46,22.66,14.25,0,137.25,103.39,0.63,1876153.09,200294.74,9.37
현대두산인프라코어(주),42670,Dec-21,10.93,3.41,13.21,0.89,-32.38,-27.35,33.39,0,17.09,8.14,22.71,0,221.1,82.61,2.79,2457440.46,319237.09,7.7
(주)한섬,20000,Dec-21,10.82,1.12,6.99,0.91,8.32,10.47,15.9,34.7,60.04,8.41,9.83,11.31,25.04,361.45,1.17,828216.16,211755.73,3.91
아세아시멘트(주),183190,Dec-21,10.78,0.82,7.9,1.54,6.4,7.02,13.26,298.2,27.33,14.24,7.34,15.4,46.05,135.55,0.52,681347.51,78350.14,8.7
(주)아이마켓코리아,122900,Dec-21,10.77,1.35,12.93,0.2,0.88,1.76,13.16,80.37,3.72,1.89,11.95,10.63,108.85,134.82,6.34,345670.07,36872.02,9.37
아세아제지(주),2310,Dec-21,10.75,0.86,12.13,1.02,6.71,7.05,25.6,16.19,14.81,9.46,8.17,15.85,13.35,367.52,0.86,416730.42,69341.02,6.01
(주)우진플라임,49800,Dec-21,10.74,3,11.41,1.03,3.63,35.07,16.32,190.23,26.1,9.62,31.4,4.47,239.43,77.49,3.27,189575.16,27134.75,6.99
(주)서연이화,200880,Dec-21,10.49,0.45,2.51,0.27,0.87,10.51,5.29,0,13.94,2.6,4.43,14.43,68.18,95.31,1.7,363572.51,65836.49,5.52
삼영무역(주),2810,Dec-21,10.47,1.01,0,1.12,9.52,7.23,34.69,112.32,8.36,10.71,9.64,30.89,13.77,674.27,0.9,235087.12,13340.9,17.62
(주)에스비에스,34120,Dec-21,10.43,1.97,11.88,1.23,21.03,24.37,20.22,0,30.08,11.83,20.09,16.43,101.23,149.13,1.7,1191755.54,162550.66,7.33
(주)엘지유플러스,32640,Dec-21,10.41,1.21,2.11,0.55,5.67,3.49,3.65,50.07,0,5.3,9,22.15,137.49,97.25,1.7,11800714.51,3207422,3.68
(주)진양홀딩스,100250,Dec-21,10.29,1.13,11.91,11.49,7.09,6.98,69.86,84.53,89.42,111.68,10.97,26.83,12.12,207.96,0.1,217064.6,17709.69,12.26
금호석유화학(주),11780,Dec-21,10.13,3.59,8.73,1.82,34.69,44.13,57.64,127.25,28.01,17.94,37.86,28.46,51.01,134.02,2.11,5600000.98,1463736.4,3.83
일신방직(주),3200,Dec-21,10,0.63,0,0.76,11.68,5.64,41.07,0,9.85,7.56,6.38,21.68,26.02,234.78,0.84,301836.04,34503.74,8.75
에쓰-오일(주),10950,Dec-21,9.94,2.07,9.33,0.5,19.03,22.99,62.55,0,10.17,5.07,21.78,23.66,167.18,98.44,4.3,13776482.87,2790138,4.94
에스케이디앤디(주),210980,Dec-21,9.9,2.01,0,1.87,12.42,19.68,18.93,103.42,21.2,18.94,20.9,16.04,170.51,263.1,1.1,1653976.91,94865.07,17.44
(주)SIMPAC,9160,Dec-21,9.89,1.36,14.08,1.32,21.34,13.1,80.4,148.33,24.28,13.31,14.12,17.11,62.24,144.38,1.06,391265.98,90565.38,4.32
롯데정밀화학(주),4000,Dec-21,9.88,1.55,8.57,1.47,21.61,14.85,41.11,64.75,19.46,14.9,16.02,22.1,18.27,279.21,1.08,1732722.62,366784.59,4.72
대창단조(주),15230,Dec-21,9.77,0.9,0,0.54,12.03,8.54,46.61,91.48,9.97,5.49,9.35,22.45,16.24,501.16,1.7,101826.38,20398.44,4.99
송원산업(주),4430,Dec-21,9.68,1.14,0,0.69,25.85,13.4,35.47,259.37,14.05,7.1,12.26,8.07,98.48,119.76,1.73,779160,100668,7.74
신세계건설(주),34300,Dec-21,9.59,1.14,3.26,0.2,8.28,11.73,31.36,113.85,9.17,2.08,12.21,13,266.59,70.81,5.87,114241.31,60917.24,1.88
동일산업(주),4890,Dec-21,9.48,0.97,20.07,0.92,12.95,10.37,43.78,486.89,13.83,9.72,10.5,21.98,13.26,540.36,1.08,329989.65,47174.8,7
대한화섬(주),3830,Dec-21,9.34,0.31,0,1.94,25.68,22.21,35.05,50.44,9.43,20.77,3.61,3.46,22.34,294.72,0.17,127845.42,3685.5,34.69
(주)케이티,30200,Dec-21,9.28,0.82,1.85,0.5,4.76,5.01,2.84,48.84,0,5.39,7.32,45.47,111.77,102.85,1.36,13230961.33,4325724,3.06
(주)엘에스,6260,Dec-21,9.28,0.74,29.72,7.38,11.31,7.13,110.58,126.53,0,79.51,8.09,14.51,13.6,64.04,0.1,2098436,307563,6.82
(주)대창,12800,Dec-21,9.28,1.26,0,0.46,31.21,28.24,41.14,2909.57,10.57,4.98,14.86,7.73,155.1,121.11,2.99,432906.91,37370.54,11.58
한국수출포장공업(주),2200,Dec-21,9.25,0.55,8.52,0.44,7.16,4.05,20.61,89.16,14.49,4.81,5.96,17.74,26.06,241.34,1.24,81886.56,26749.95,3.06
에이치디씨현대산업개발(주),294870,Dec-21,9.17,0.75,12.89,0.64,3.82,7.45,-6.25,0.66,16.17,7,8.36,16.47,114.14,188.82,1.2,2712213.11,382963.65,7.08
(주)크래프톤,259960,Dec-21,9.15,1.08,7.33,2.71,232.44,282.42,1815.79,10425.12,0,29.65,18.72,0,19.36,629.31,0.63,19841086.87,749739.5,26.46
(주)신화다이나믹스,1770,Dec-21,9.09,1.3,0,0.5,10.65,17.33,35.49,1084.47,9.02,5.53,15.4,2.1,74.96,193.08,2.79,45196.35,6458.05,7
(주)대현,16090,Dec-21,9.09,0.81,5.7,0.61,10.74,8.59,13.7,113.38,56.71,6.68,9.06,20.71,26.72,311.17,1.36,91004.71,28801.33,3.16
팬오션(주),28670,Dec-21,9.05,1.37,6.22,1.17,39.65,27.56,93.51,479.2,15.65,12.94,16.67,10.15,79.07,111.75,1.29,4643276.06,931168,4.99
애경케미칼(주),161000,Dec-21,9.05,0.89,0,0.5,126.89,72.02,55.45,59.95,12.73,5.53,11.69,42.9,62.04,124.96,2.11,710116.16,105277,6.75
(주)세아베스틸지주,1430,Dec-21,9.04,0.87,15.74,0.61,3.2,10.41,54.44,0,10.82,6.71,9.73,33.67,65.46,136.09,1.45,1284579.68,180287.91,7.13
티와이엠(주),2900,Dec-21,8.95,1.71,26.5,0.92,18.99,48.62,14.26,639.11,15.34,10.24,22.04,6.45,106.3,94.32,2.15,406484.3,27344.32,14.87
남광토건(주),1260,Dec-21,8.89,2.24,0,0.54,34.31,32.34,49.92,57.54,11.52,6.08,28.15,0,212.09,120.31,4.63,116358.53,23146.69,5.03
일진다이아몬드(주),81000,Dec-21,8.83,3.25,0,12.75,61.9,50.95,23.09,0,19.71,144.43,43.2,6.38,21.3,494.18,0.3,385633.01,41.31,9335.01
동국제강(주),1230,Dec-21,8.82,1,78.68,0.39,13.4,15.35,48.73,1476.69,15.69,4.39,11.84,12.41,118.39,81.89,2.7,2981498.88,974255.37,3.06
이구산업(주),25820,Dec-21,8.77,1.54,0,0.55,19.24,19.99,64.76,1010.2,12.61,6.3,18.72,7.94,163.99,115.29,2.97,252283.84,40833.89,6.18
삼양통상(주),2170,Dec-21,8.69,0.68,16.61,1.39,8.02,7.38,-3.13,-38.57,21.08,15.98,8.01,11.61,12.93,838.2,0.5,189722.54,37264.57,5.09
(주)TCC스틸,2710,Dec-21,8.64,2.08,38.63,0.61,18.3,29.87,26.1,0,9.79,7.1,25.64,12.02,142.17,141.17,3.61,313640.11,29140.93,10.76
(주)엔아이스틸,8260,Dec-21,8.62,1.37,6.79,0.77,18.68,16.81,28.89,81.77,18.07,8.89,16.75,9.73,140.43,53.46,1.89,238581.9,49579.28,4.81
케이피엑스케미칼(주),25000,Dec-21,8.39,0.74,38.77,0.48,22.02,6.96,35.28,-26.14,11.7,5.76,8.85,23.92,33.93,234.56,1.54,292851.84,47117.48,6.22
(주)엘에스네트웍스,680,Dec-21,8.32,0.95,29.65,2.21,6.74,12.96,24.85,0,39.98,26.6,12.11,0,140.92,140.84,0.46,723340.98,14961.68,48.35
케이피엑스홀딩스(주),92230,Dec-21,8.3,0.71,0,2.68,-1.75,3.91,68.74,-55.4,17.14,32.28,8.55,20.85,4.25,919.56,0.26,246039.15,16995.78,14.48
(주)조흥,2600,Dec-21,8.27,0.95,4.15,0.53,7.75,9.39,12.69,113.86,13.97,6.41,11.52,24.26,83.59,114.34,1.8,182080.52,25015.91,7.28
(주)사조오양,6090,Dec-21,8.13,0.66,6.33,0.39,-0.88,6.45,0.38,-14.56,13.12,4.8,8.27,11.95,60.62,119.81,1.72,126278.18,29442.03,4.29
한국가스공사(주),36460,Dec-21,8.04,0.7,0,0.18,20.16,13.22,30.76,0,5.24,2.27,8.5,39.38,452.57,86.74,3.74,32085463.59,2144911.24,14.96
대상(주),1680,Dec-21,8.04,0.97,22.94,0.39,12.8,12.45,10.38,21.59,26.27,4.87,12.26,20.59,117.27,157.24,2.52,1187355.21,202672.91,5.86
현대코퍼레이션(주),11760,Dec-21,8.03,0.87,0,0.1,50.69,15.45,38.23,-22.69,2.09,1.3,11.16,19.27,230.31,113.6,8.59,678382.29,11632.68,58.32
(주)황금에스티,32560,Dec-21,7.84,0.86,4.78,1.41,0.69,11.32,15.98,127.86,28.36,18.04,11.37,12.96,16.14,340,0.63,128053.48,33718.29,3.8
(주)세아특수강,19440,Dec-21,7.73,0.55,0,0.27,14.1,5.77,34.51,0,7.99,3.55,7.12,44.51,50.26,237.62,2.01,226344.33,41164.39,5.5
(주)두산,150,Dec-21,7.71,1.07,0,3.28,-1.95,14.82,-37.56,127.96,27.49,42.46,14.42,8.71,74.25,67.39,0.34,3881215.07,117177.12,33.12
(주)한라,14790,Dec-21,7.6,0.94,0,0.27,12.28,-0.73,-6.54,-49.91,11.19,3.52,11.94,19.02,273.82,113.05,3.39,790959.5,94487.77,8.37
롯데렌탈(주),89860,Dec-21,7.57,0.72,0,0.32,15.89,93.65,7.71,373.26,0,4.23,11.84,34.82,408.43,37.46,2.8,4606549.49,1103894.22,4.17
에스케이가스(주),18670,Dec-21,7.52,0.96,0,0.34,13.4,10.07,37.63,22.63,6.72,4.55,12.74,20.14,150.26,153.05,2.8,3574968.23,205814.97,17.37
한국프랜지공업(주),10100,Dec-21,7.49,0.65,6.24,0.21,3.02,9.54,11.47,446.17,8.18,2.77,8.81,9.14,118.61,116.33,3.18,93791.29,34977.6,2.68
이화산업(주),760,Dec-21,7.45,0.97,0,1.37,0.96,14.94,19.73,0,16.6,18.4,13.94,0,37.53,177.77,0.76,58613.38,1241.6,47.21
디씨엠(주),24090,Dec-21,7.42,1.66,23.83,1.5,25.87,24.63,51.67,154.26,17.89,20.23,23.91,16.29,21.8,410.83,1.18,251587.06,36641.93,6.87
(주)경동도시가스,267290,Dec-21,7.4,0.46,1.19,0.11,29.35,5.3,34.1,17.99,7.72,1.52,6.09,23.22,141.35,116.9,4,-2969.32,52664.66,-0.06
(주)광주신세계,37710,Dec-21,7.37,0.53,4.98,2.27,8.65,6.81,15.23,21.39,91.02,30.82,7.26,25.82,14.28,234.16,0.24,120370.76,82159.92,1.47
(주)삼익악기,2450,Dec-21,7.27,0.97,0,1.24,-4.87,11.54,40.47,502.89,13.62,17.05,13.8,16.05,76.46,76.24,0.81,219359.05,13273.87,16.53
화성산업(주),2460,Dec-21,7.27,0.54,1.67,0.51,24.39,5.77,0.71,-10.04,12.98,7.08,7.37,40.54,57.49,235.65,1.04,-54539.82,34710.78,-1.57
(주)세원정공,21820,Jun-21,7.05,0.32,4.81,1.39,3.76,4.61,15.53,61.88,23.33,19.65,4.55,2.18,12.31,1207.6,0.23,73762.87,11416.29,6.46
동원수산(주),30720,Dec-21,7.05,0.92,6.16,0.51,0.71,18.67,4.04,0,14.17,7.26,14.09,0,59.41,179.89,1.94,59576.96,6922.11,8.61
(주)현대퓨처넷,126560,Dec-21,7.02,0.86,0,19.48,11.64,12.22,-85.07,0,17.56,277.43,12.71,10.54,16.01,315.1,0.05,437791.13,-351.62,0
포스코홀딩스(주),5490,Dec-21,6.96,0.75,7.54,0.9,13.11,8.69,50.59,436.43,19.5,12.98,11.01,7.3,31.01,329.41,0.85,30539219.99,9046571.62,3.38
(주)한국특강,7280,Dec-21,6.92,1.82,65.29,0.37,30.19,40.04,66.51,917.26,8.88,5.32,30.23,0,223.06,178.05,5.68,314084.05,47554.95,6.6
(주)한국전자홀딩스,6200,Dec-21,6.9,0.98,168.9,11.05,15.51,16.52,137.59,0,0,160.12,15.14,0,2.3,1135.51,0.09,102290.16,7467.87,13.7
(주)이마트,139480,Dec-21,6.89,0.57,12.58,0.35,22.88,3.62,5.91,38.17,26.17,5.15,8.35,7.17,102.59,32.46,1.62,10196478.85,783340.89,13.02
(주)휴스틸,5010,Dec-21,6.77,0.28,0,0.29,52.19,47.56,63.96,0,12.64,4.34,4.8,25.66,42.58,187.72,1.11,202161.56,59014.95,3.43
SNT중공업(주),3570,Dec-21,6.62,0.64,336.94,1.58,5.82,9.44,13.68,590.85,14.22,23.85,9.92,9.06,32.62,378.25,0.42,286836.58,26487.5,10.83
대한제강(주),84010,Dec-21,6.6,1.22,5.46,0.55,32.27,21.16,48.79,827.97,13.8,8.37,19.75,8.99,54.93,158.55,2.36,351480.11,134600.16,2.61
한국철강(주),104700,Dec-21,6.56,0.9,12.25,0.72,4.6,3.64,39.99,0,16.22,10.97,13.71,9.98,25.83,368.28,1.25,349051.94,115382.47,3.03
(주)케이에스에스해운,44450,Dec-21,6.55,1.11,3.82,1.17,33.85,27.9,41.79,331.17,21.97,17.81,18.65,13.78,316.44,16.87,1.05,1281825.22,117646.6,10.9
유엔젤(주),72130,Dec-21,6.48,1.6,33.15,2.78,27.39,40.28,7.63,797.25,49.97,42.87,27.7,0,16.3,585.88,0.65,64531.09,3993.66,16.16
코오롱글로벌(주),3070,Dec-21,6.3,1.43,4.98,0.2,4.33,23.4,11.2,54.71,11.07,3.22,22.45,7.48,256.15,81.36,6.97,1081555.98,281301.85,3.84
(주)효성,4800,Dec-21,6.25,1.09,16,2.57,17.23,17.06,256.38,0,49.09,41.15,17.6,29.87,17.3,265.22,0.43,1996802.56,463365.61,4.31
한신공영(주),4960,Dec-21,6.16,0.52,0,0.27,16.27,11.19,-13.89,-47.28,10.5,4.31,8.89,7.27,180.92,148.38,2.06,558095.39,61945.98,9.01
한국주철관공업(주),970,Dec-21,6.11,1.07,8.64,2.21,0,0,0,0,15.81,36.13,16.79,19.89,16.32,347.05,0.46,149012.12,13570.68,10.98
현대제철(주),4020,Dec-21,6.08,0.49,5.14,0.42,5.33,8.31,28.41,0,16.03,6.91,8.09,9.52,92.39,171.42,1.17,16014776.94,3788383.76,4.23
현대비앤지스틸(주),4560,Dec-21,6.07,0.88,22.91,0.49,18.48,16.04,25.73,196.62,15.68,8.1,14.98,2.2,53.89,281.23,1.85,350012.66,104954.52,3.33
에스디바이오센서(주),137310,Dec-21,6.03,3.16,5.22,2.26,116.32,199.96,92.65,82,54.23,37.44,73.88,12.01,34.67,341.12,1.97,4924084.88,1380103.39,3.57
(주)사조대림,3960,Dec-21,5.79,0.86,10.68,0.27,8.27,18.86,7.35,137.4,17.38,4.71,15.67,4.02,79.12,123.19,3.33,294919.86,87010.19,3.39
(주)풍산,103140,Dec-21,5.75,0.85,0,0.55,22.9,16.56,31.45,226.77,13.83,9.52,15.56,11.51,66.88,157.99,1.63,1542874.32,308624.53,5
(주)이원,17940,Dec-21,5.68,0.32,10.51,0.1,5.81,4.81,32.81,0.93,3.31,1.73,5.68,15.55,125.11,117.64,3.29,1510364.68,97365.71,15.51
미창석유공업(주),3650,Dec-21,5.62,0.61,11.31,0.43,13.4,10.46,46.37,63.4,12.28,7.58,11.16,12.28,14.96,664.69,1.47,102547.77,38709.41,2.65
포스코스틸리온(주),58430,Dec-21,5.51,1.72,15.11,0.4,22.33,40.42,52.72,2027.05,13.62,7.21,35.42,6.26,79.46,166.52,4.91,348022.31,155748.8,2.23
디엘건설(주),1880,Dec-21,5.44,1.04,11.89,0.48,11.43,19.46,15.89,17.57,15.16,8.73,19.95,10.27,74.3,226.06,2.28,174488.12,242276.33,0.72
(주)삼양홀딩스,70,Dec-21,5.43,0.77,61.71,3.71,22.28,18.82,208.52,225.02,88.7,68.44,15.06,9.64,20.29,288.4,0.22,1081072.08,250623.5,4.31
신라교역(주),4970,Dec-21,5.4,0.45,0,0.8,8.91,6.63,-4.86,670.61,10.58,14.73,8.27,17.77,20.13,239.1,0.56,252266.89,18753,13.45
문배철강(주),8420,Dec-21,5.33,0.98,54.94,0.66,11.8,20.08,34.19,194.66,13.38,12.39,19.37,5.79,46.75,144.19,1.56,115987.18,21465.81,5.4
디엘(주),210,Dec-21,5.32,0.76,166.43,48.33,-63.51,46.11,-94.63,-16.16,11.91,909.23,16.68,10.25,24.1,60.7,0.02,1876055.84,6593.8,284.52
(주)한진,2320,Dec-21,5.04,0.58,13.08,0.35,2.86,9.92,11.8,8451.45,3.63,6.99,11.83,5.76,110.96,73.66,1.69,1315681.31,99267.73,13.25
(주)케이티아이에스,58860,Dec-21,4.99,0.68,2.54,0.27,25.51,14.54,3.17,237.65,0,5.33,13.89,13.01,92.63,119.72,2.61,140660.62,36324.28,3.87
한일철강(주),2220,Dec-21,4.66,0.65,0,0.47,13.72,18.13,59.87,0,15.83,10.09,14.99,5.08,89.34,120.84,1.49,166953.01,35654.44,4.68
(주)태영건설,9410,Dec-21,4.65,0.71,2.7,0.24,2.32,17.48,13.48,-84.3,13,5.05,16,11.43,230.03,128.9,3.17,736839.72,199983.24,3.68
AJ네트웍스(주),95570,Dec-21,4.63,0.96,0,0.71,-0.49,24.91,7.05,332.6,100,15.25,22.07,16.32,221.42,32.78,1.45,990784.85,192593.34,5.14
(주)엘에프,93050,Dec-21,4.62,0.5,6.59,0.58,7.53,10.06,2.65,260.24,61.24,12.48,10.82,11.95,32.73,357.9,0.87,522455.22,124963.22,4.18
태광산업(주),3240,Dec-21,4.49,0.44,6.11,0.67,16.21,11.67,46.95,-31.92,17.99,14.87,10.24,0.45,21.17,387.23,0.69,966872.71,335504.38,2.88
(주)한라홀딩스,60980,Dec-21,4.38,0.64,9.41,0.87,19.01,18.27,25.17,167.91,24.4,19.77,15,14.11,87.53,115.29,0.76,1067353.56,148630.89,7.18
대한제분(주),1130,Dec-21,4.27,0.47,29.14,0.98,23.7,13.73,11.55,1352.77,16.84,23.03,11.55,5.12,20.67,254.75,0.5,287023.05,25179.52,11.4
(주)지에스리테일,7070,Dec-21,4.26,0.95,5.61,0.39,36.9,77.4,8.94,364.28,23.41,9.1,26.42,14.44,86.78,60.89,2.9,5358861.34,796335.77,6.73
(주)세아제강,306200,Dec-21,4.25,0.59,17.64,0.26,16.74,14.17,30.15,176.46,13.77,6.1,14.34,10.72,80.72,205.25,2.35,458641.92,159255.67,2.88
(주)엘엑스인터내셔널,1120,Dec-21,4.25,0.87,0,0.36,15.64,31.85,27.55,17.87,4.53,8.37,21.93,23.77,67.23,110.08,2.62,1502894.1,21808.72,68.91
국도화학(주),7690,Dec-21,4.17,0.99,0,0.47,57.72,53.08,77.58,714.38,24.23,11.19,27.62,11.42,66.09,177.62,2.47,746540.41,233871.51,3.19
동부건설(주),5960,Dec-21,4.11,0.71,389.09,0.36,29.93,15.25,-6.83,76.32,12.05,8.74,17.52,23.27,86.03,166.14,2,389737.81,65059.36,5.99
에이치엠엠(주),11200,Dec-21,3.87,2.08,2.8,1.52,103.98,553.44,119.55,8988.11,55.27,39.14,90.11,5.49,70.95,255.1,2.3,17498923.44,7981825,2.19
(주)에스지세계물산,4060,Dec-21,3.76,0.77,21.09,1.41,16.09,25.58,-20.02,0,40.41,37.51,22.57,0,24.81,204.21,0.6,163302.59,-848.41,0
(주)신도리코,29530,Dec-21,3.71,0.4,12.01,1.19,11.78,11.12,-4.17,0,21.87,32.02,11.1,14.41,7.79,1228.4,0.35,156541.21,15467.72,10.12
금호건설(주),2990,Dec-21,3.54,0.85,2.96,0.26,26.12,65.98,12.87,238.56,9.26,7.24,28.09,19.2,162.11,113.43,3.88,393714.89,119072.19,3.31
(주)인바이오젠,101140,Dec-21,3.1,1.64,0,27.8,183.31,128.51,2.58,0,18.69,898.07,73.56,0,54.18,41.02,0.08,230282.33,-6814.99,0
계룡건설산업(주),13580,Dec-21,2.68,0.62,3.01,0.21,11.88,27.13,19.06,47.03,13.85,8,25.56,4.73,162.72,135.54,3.19,408512.32,212563.51,1.92
(주)디엔오토모티브,7340,Dec-21,2.49,1.23,3.62,3.34,243.07,95.1,40.14,1501.61,16.25,134.17,63.5,2.73,90.64,194.26,0.47,715027.8,33687.6,21.23
(주)에프앤에프홀딩스,7700,Dec-21,2.12,2.07,47.91,1343.15,128.81,220.51,-99.64,1418.19,93.04,63267.75,147.93,0.36,0.93,570.5,0,1267459.75,8793.08,144.14
(주)한컴라이프케어,372910,Dec-21,0.6,0.06,0.21,0.06,41.46,369.19,-15.53,-24.96,27.36,10.04,17.31,0,84.03,115.19,1.72,190482.99,17740.37,10.74
(주)지에스글로벌,1250,Dec-21,0,1,0,0.08,58.34,1.46,48.81,0,3.35,-0.13,-1.58,0,278.69,126.81,12.46,694152.67,50957.73,13.62
(주)이엔플러스,74610,Dec-21,0,3.83,0,5.36,7.57,19.98,104.51,0,11.56,-47.06,-36.17,0,38.69,173.62,0.77,255628.39,-3970.28,0
세기상사(주),2420,Dec-21,0,1.35,0,1.4,14.49,-9.97,700.3,0,-0.69,-10.88,-9.91,0,149.55,21.8,0.91,62496.36,-838.38,0
(주)이월드,84680,Dec-21,0,3.14,31.66,4.79,-3.28,-34.13,-4.34,0,35.67,-10.98,-4.59,0,81.36,42.93,0.42,517488.53,10835.67,47.76
세원이앤씨(주),91090,Dec-21,0,2.78,26.97,6.01,-9.44,0.87,-28.16,0,3.98,-1.75,-0.81,0,71.57,102.63,0.46,231669.82,-5597.07,0
삼성제약(주),1360,Dec-21,0,7.15,0,16.45,-18.62,4.39,13.74,0,16.91,-73.36,-32.33,0,14.29,511.4,0.44,306795.79,-14936.38,0
(주)코아스,71950,Dec-21,0,3.15,27.18,0.49,7.97,-21.64,12.02,0,20.24,-4.94,-25.4,0,318.24,58.66,5.14,56899.02,-1512.88,0
현대일렉트릭앤에너지시스템(주),267260,Dec-21,0,1.72,13.26,0.66,-6.73,-6.34,-0.76,0,12.86,-2.12,-4.93,0,199.79,116.56,2.32,866332.61,33285,26.03
(주)티비에이치글로벌,84870,Dec-21,0,1.43,3.89,0.41,-16.07,-29.96,8.63,0,56.66,-10.43,-29.55,0,113.96,143.57,2.83,79174.05,12197.45,6.49
(주)유유제약,220,Dec-21,0,3.36,204.73,4.12,25.54,8.39,12.39,0,43.61,-3.25,-2.62,0,44.37,386.13,0.81,148137.56,2051.78,72.2
(주)유수홀딩스,700,Dec-21,0,1.01,0,36.16,-17.89,-9.53,-54.64,0,0,-44.07,-1.12,0,4.17,632.03,0.03,160766.22,-3450.67,0
현대약품(주),4310,Nov-21,0,4.87,68.59,2.52,4.04,-3.93,5.14,0,40.28,-2.27,-3.59,0,89.21,185.16,1.58,165976.7,2407.02,68.96
(주)티웨이항공,91810,Dec-21,0,16.02,19.96,3.29,4.42,-59.56,-20.36,0,-50.73,-71.97,-192.96,0,1494.59,42.03,2.68,658894.35,-56315.27,0
신풍제약(주),19170,Dec-21,0,22.66,0,42.67,-20.3,-6.56,-4.03,0,39.46,-10.3,-5.15,0,11.08,787.47,0.5,1759327.44,-4822.84,0
(주)윌비스,8600,Dec-21,0,1.42,49.58,0.93,3.45,6.24,24.71,0,15.13,-2.93,-4.31,0,87.1,110.6,1.47,202159.63,9795.28,20.64
삼성공조(주),6660,Dec-21,0,1.14,27.6,3.46,1.13,-0.95,26.88,0,13.47,-1.27,-0.41,0,13.62,563.25,0.33,126980.99,2517.48,50.44
쌍용자동차(주),3620,Dec-21,0,0,16.08,0.17,5.27,0,-17.49,0,1.86,-10.67,0,0,0,32.76,0,733242.67,-58887.49,0
신풍제지(주),2870,Dec-21,0,1.96,0,9.51,-11.88,-10.6,-26.11,0,11.4,-50.83,-9.69,0,3.9,2304.82,0.19,65846.79,-2502.73,0
(주)티웨이홀딩스,4870,Dec-21,0,2.2,0,11.54,9.96,49.6,60.59,0,19.35,-55.84,-12.78,0,45.28,125.35,0.23,80500.96,853.19,94.35
(주)팜스코,36580,Dec-21,0,1.17,293.37,0.27,9.54,-2.25,13.82,0,9.96,-0.36,-1.51,0,175.76,84.54,4.22,532898.92,38915.2,13.69
(주)우진아이엔에스,10400,Dec-21,0,0.81,0,0.86,-5.27,-4.28,-36.29,0,-0.06,-3.59,-3.23,0,18.09,485.43,0.9,44612.2,-4876.68,0
(주)우진,105840,Dec-21,0,2.02,104.32,4.8,-6.35,-7.08,31.53,0,32.9,-17.8,-6.93,0,39.55,374.98,0.39,165904.94,4744.01,34.97
(주)우신시스템,17370,Dec-21,0,1.65,5.37,1.07,-0.8,-10.59,16.32,0,9.86,-8.66,-12.51,0,122.59,127.26,1.44,65965.73,7825.11,8.43
(주)우성,6980,Dec-21,0,0.81,0,0.38,-36.9,-3.8,-5.08,0,15.2,-1.98,-4.12,0,15.62,217.84,2.08,77631.97,8486.64,9.15
두산밥캣(주),241560,Dec-21,0,2.02,0,199.59,21.04,-1.47,-85.37,0,0,-174.11,-1.68,0,27.02,125.78,0.01,4840925.87,-9457.46,0
아시아나항공(주),20560,Dec-21,0,4.43,1.64,0.53,-0.34,-39.6,15.19,0,17.54,-4.58,-27.36,0,2282.35,42.31,5.97,8628115.36,1521607.86,5.67
(주)인디에프,14990,Dec-21,0,3.39,0,0.83,-9.59,-7.92,-2.66,0,47.34,-13.55,-51.09,0,231.42,100.04,3.77,130120.11,-10772.83,0
(주)진에어,272450,Dec-21,0,6.88,0,4.73,8.05,75.99,-9.04,0,-58.7,-54.04,-98.62,0,248.25,96.78,1.82,1172473.34,-88084.91,0
(주)천일고속,650,Dec-21,0,4.22,0,4.52,-6.44,-5.3,-5.83,0,-14.35,-1.94,-1.54,0,74.53,240.1,0.79,95423.67,-6900.12,0
동원금속(주),18500,Mar-21,0,4.93,5.19,0.36,-11.9,-49.21,-20.78,0,11.24,-6.58,-41.31,0,1088.57,33.59,6.28,156257.5,14011.24,11.15
(주)오리엔트바이오,2630,Mar-21,0,7.25,115.26,11.72,-6.55,-16.07,-17.35,0,24.6,-80.65,-44.98,0,51.28,165.32,0.56,190869.91,-915.35,0
선도전기(주),7610,Dec-21,0,1.75,0,1.38,-7.97,-17.12,-5.67,0,-3.44,-14.21,-14.94,0,125.82,123.55,1.05,116115.79,-9256.04,0
씨제이씨지브이(주),79160,Dec-21,0,3.48,0,3.93,-18.49,37.12,0.88,0,0,-79.44,-76.05,0,408.72,137.28,0.96,2081884.94,-38232.08,0
한세엠케이(주),69640,Dec-21,0,3.42,27.7,1.35,-10.52,-16.8,-9.2,0,55.85,-8.46,-19.4,0,59.9,188.45,2.29,62190.82,-6785.7,0
(주)영풍,670,Dec-21,0,0.79,0,1.06,9.4,-1.54,8.2,0,-2.51,-0.98,-0.72,0,40.87,205.82,0.73,1304079.39,-28935.45,0
동양철관(주),8970,Dec-21,0,2.9,0,1.68,19.31,-5.51,-2.38,0,5.41,-3.44,-5.74,0,101.39,111.26,1.67,210346.94,2244.69,93.71
(주)하나투어,39130,Dec-21,0,14.33,0,121.92,-38.15,-24.32,-85.42,0,0,-359.32,-27.69,0,78.21,93.61,0.08,986299.5,-79004.24,0
에쓰씨엔지니어링(주),23960,Dec-21,0,7.72,118.27,3.26,45.19,75.37,10.7,0,11.04,-5.56,-16.45,0,188.66,111.19,2.96,99506.32,-3294.63,0
에어부산(주),298690,Dec-21,0,2.77,0,1.98,-2.39,18.38,-7.06,0,-99.29,-150.68,-220.9,0,673.56,31.29,1.47,969398.87,-56006.67,0
동성제약(주),2210,Dec-21,0,9.75,0,5.26,-16.81,-15.48,-3.86,0,39.74,-5.11,-8.51,0,125.2,132.98,1.67,244900.75,-3076.45,0
(주)일신석재,7110,Dec-21,0,4.96,0,3.34,-2.29,0.07,27.24,0,13.19,-0.08,-0.12,0,75.86,132.02,1.43,179642.34,1955.27,91.88
에이치에스디엔진(주),82740,Dec-21,0,2.79,0,0.96,10.27,9.09,-27.84,0,-1.59,-6.18,-18.5,0,279.44,80.96,2.99,545189.56,-21367.11,0
에이치엘비글로벌(주),3580,Dec-21,0,14.23,0,97.61,31.97,73,6.01,0,9.13,-42.25,-7.78,0,22.8,178.63,0.18,929051.71,-3924.95,0
(주)잇츠한불,226320,Dec-21,0,1.84,0,16.86,-4.69,-4.12,-24.8,0,21.58,-40.9,-4.27,0,2.54,2808.12,0.1,381974.06,-14435.5,0
서울식품공업(주),4410,Dec-21,0,7.84,123.17,3.67,-3.31,-8.28,-10.18,0,16.02,-10.45,-21.25,0,177.81,62.84,2.03,158676.43,938.22,169.12
(주)엘엑스하우시스,108670,Dec-21,0,1.52,11.7,0.38,2.78,-2.96,13.88,0,22.74,-0.79,-2.93,0,164.39,99.52,3.7,1072122.49,187228,5.73
삼화페인트공업(주),390,Dec-21,0,1.81,0,0.84,-1.04,-1.91,13.29,0,13.73,-1.23,-2.55,0,104.18,136.69,2.08,374751.46,11519.37,32.53
(주)체시스,33250,Jun-21,0,2.69,15.19,2.38,-1.11,52.14,-3.07,0,10.83,-3.57,-4.63,0,121.67,61.95,1.29,80346.88,5229.08,15.37
(주)한국화장품제조,3350,Dec-21,0,4.35,14.23,2.64,-1.43,-2.9,9.39,0,13.73,-1.77,-2.75,0,78.06,194.11,1.55,117449.81,1956.79,60.02
비케이탑스(주),30790,Dec-21,0,111.59,0,29.84,54.43,-60.36,8.01,0,7.59,-357.46,-186.59,0,920.51,63.08,0.52,105858.95,-4520.97,0
(주)종근당바이오,63160,Dec-21,0,3.25,0,3.58,3.87,-6.51,14.26,0,9.3,-7.37,-6.33,0,85.46,233.26,0.86,332962.37,8119.27,41.01
부산주공(주),5030,Dec-21,0,2.09,0,0.25,-4.05,-13.03,22.33,0,3.69,-6.29,-47.16,0,934.45,43.94,7.5,176227.1,1269.28,138.84
(주)한익스프레스,14130,Dec-21,0,1.64,5.74,0.14,21.08,-1.98,17.74,0,2.79,-0.21,-2.26,0,466.74,50.25,10.9,276798.05,20907.25,13.24
삼화전자공업(주),11230,Dec-21,0,3.05,0,1.39,24.25,47.15,14.22,0,9.66,-5.43,-14.14,0,226.52,62.65,2.61,62434.68,-393.02,0
엘지전자(주),66570,Dec-21,0,5,33.67,1.26,-0.36,-10.4,-2.31,0,26.79,-3.29,-9.71,0,232.88,77.71,2.95,29439732.81,1572436,18.72
영진약품(주),3520,Dec-21,0,14.89,184.03,7.85,3.19,-8.34,-5.95,0,29.55,-5.91,-10.56,0,85.05,185.58,1.79,980097.28,-6499.66,0
(주)에이프로젠메디신,7460,Dec-21,0,1.64,0,7.05,-1.69,7.85,11.78,0,5.74,-14.85,-3.57,0,64.24,73.5,0.24,508706.34,2371.74,214.49
(주)제주항공,89590,Dec-21,0,7.58,0,4.22,8.36,-16.43,-27.61,0,-84.16,-101.64,-137.27,0,586.67,78.89,1.35,1268638.3,-191222.87,0
(주)에이블씨엔씨,78520,Dec-21,0,3.18,62.77,1.76,-30.03,-31.73,-11.58,0,49.51,-22.56,-30.65,0,44.97,230.74,1.36,181422.06,-6389.36,0
영화금속(주),12280,Dec-21,0,2.77,0,0.71,7.07,-17.41,31.29,0,-3.5,-7.86,-27.53,0,247.65,97.58,3.5,180687.71,-8147.2,0
삼일제약(주),520,Dec-21,0,4.76,112.56,2.23,16.11,0.52,9.19,0,36.37,-3.54,-7.3,0,243.6,57.35,2.06,236545.58,5454.43,43.37
(주)토니모리,214420,Dec-21,0,1.77,48.89,2.33,-6.17,21.61,-8.32,0,56.74,-10.54,-8.54,0,49.72,138.71,0.81,123882.74,-386.45,0
웰바이오텍(주),10600,Dec-21,0,9.5,0,12.14,18.59,45.16,33.96,0,-0.35,-104.34,-95.63,0,155.6,120.66,0.92,124472.96,-6360.2,0
부산산업(주),11390,Dec-21,0,4.87,619.33,6.52,-2.17,-2.21,16.23,0,15.19,0,0,0,20.35,152.2,0.73,107998.77,277.13,389.7
(주)카카오페이,377300,Dec-21,0,3.2,19.46,13.69,255.23,818.31,64.29,0,0,-2.66,-1.11,0,55.33,272.59,0.42,22080245.42,10360.74,2131.15
(주)와이투솔루션,11690,Dec-21,0,4,0,3.43,4.13,174.76,-5.62,0,5.04,-9.53,-16.17,0,34.5,290.88,1.7,369329.74,-1759.48,0
(주)플레이그램,9810,Dec-21,0,4.31,0,5.88,87.59,-13.53,43.96,0,7.38,-41.66,-28.33,0,139.13,152.92,0.68,207178.68,-978.1,0
(주)한진칼,180640,Dec-21,0,2.75,242.54,160.72,3.07,-2.65,-19.77,0,0,-242.59,-4.09,0,59.1,12.25,0.02,5015590.44,17660.76,284
현대중공업(주),329180,Dec-21,0,1.73,12.54,1.15,9.27,4.35,-0.07,0,-2.53,-9.8,-14.86,0,169.55,111.87,1.52,9798633.42,-561260.32,0
(주)아이에이치큐,3560,Dec-21,0,3.89,25.23,7.31,60.92,0.61,-26.03,0,0,-10.41,-5.17,0,96.12,99.45,0.5,304655.99,16126.35,18.89
(주)한창,5110,Dec-21,0,7.47,0,11.22,29.14,-18.59,91.28,0,1.23,-47.05,-28.11,0,285.86,93.71,0.6,96425.41,-5120.51,0
(주)아센디오,12170,Dec-21,0,6.16,0,12.61,140.98,109.68,43.7,0,19.41,-38.35,-24.91,0,50.27,202.13,0.65,97351.66,-1941.77,0
한국화장품(주),123690,Dec-21,0,8.92,0,15.26,-22.37,-13.11,-15.57,0,54.57,-23.64,-12.14,0,24.72,308.99,0.51,138361.31,-2533.62,0
해태제과식품(주),101530,Dec-21,0,1.38,5.74,0.63,5.81,-2.51,-2.29,0,34.92,-0.53,-1.11,0,141.62,51.47,2.09,401716.6,48621.74,8.26
(주)씨아이테크,4920,Dec-21,0,2.3,0,4.87,17.96,44.11,2.63,0,29.69,-51.5,-28.68,0,45.55,112.65,0.56,64915.12,-1041.6,0
(주)쎌마테라퓨틱스,15540,Dec-21,0,49.89,0,14.34,-16.55,1782.3,-0.62,0,0.89,-63.69,-81.98,0,91.32,37.49,1.29,94642.11,-4309.05,0
(주)쌍방울,102280,Dec-21,0,1.69,0,4.13,14.56,7.22,2.66,0,29.54,-9.46,-3.99,0,72.05,191.68,0.42,221252.09,248.8,889.27
(주)하이트론씨스템즈,19490,Dec-21,0,4.38,0,3.28,-22.69,44.27,0.74,0,-23.88,-48.66,-76.24,0,129,189.06,1.57,50357.86,-13867.26,0
대우조선해양(주),42660,Dec-21,0,2.06,9.18,0.97,2.83,-43.52,-36.3,0,-34.3,-37.3,-56.77,0,390.72,87.03,1.52,3439727.41,-1621869.02,0
대우전자부품(주),9320,Dec-21,0,5.49,41.56,1.75,2.61,0.11,30.59,0,13.14,-0.04,-0.12,0,169.98,82.37,2.84,150595.96,6090.54,24.73
일동제약(주),249420,Dec-21,0,10.72,0,1.75,14.44,-40.04,-0.32,0,39.07,-17.69,-48.78,0,353.97,77.79,2.76,900941.79,-25412.3,0
일성신약(주),3120,Dec-21,0,0.72,43.51,5.9,0.04,-0.45,3.67,0,38.33,-3.25,-0.39,0,7.36,1350.73,0.12,145644.89,1276.43,114.1
핸즈코퍼레이션(주),143210,Dec-21,0,0.96,0,0.49,14.27,-12.08,-11.89,0,0.59,-8.73,-15.87,0,155.04,78.65,1.82,331786.23,-15971.13,0
일정실업(주),8500,Dec-21,0,1.73,0,1.45,-10.24,-17.3,0.52,0,-4.84,-17.72,-18.85,0,79.74,86.31,1.06,57036.21,-5104.8,0
(주)현대미포조선,10620,Dec-21,0,1.8,84.38,1.36,8.56,-7.19,2.77,0,-4.82,-5.59,-7.14,0,78.92,131.05,1.28,2522959.35,-186114.32,0
일진디스플레이(주),20760,Dec-21,0,15.06,0,2.54,4.99,-49.36,37.93,0,-24.65,-44.88,-176.49,0,667.88,42.41,3.93,156335.19,-27677.27,0
(주)신성이엔지,11930,Dec-21,0,4.28,0,2.31,9.98,2.92,-10.2,0,10.41,-6.91,-12.73,0,122.16,98.8,1.84,545058.37,1872.68,291.06
한성기업(주),3680,Dec-21,0,1.38,0,0.24,2.13,-11.75,-5.49,0,16.91,-2.98,-15.8,0,348.72,92.32,5.29,136145.75,-3194.96,0
현대에너지솔루션(주),322000,Dec-21,0,1.64,13.74,0.92,31.76,-3.27,33.51,0,11.7,-1.6,-2.76,0,89.01,173.81,1.72,196121.16,14820.87,13.23
(주)형지엘리트,93240,Jun-21,0,3.3,17.99,3.38,11.98,-7.22,-5.86,0,20.22,-4.43,-4.15,0,66.82,317.75,0.94,166357.48,2444.66,68.05
제이준코스메틱(주),25620,Dec-21,0,2.44,247.72,10.16,-22.61,-14.83,-43.95,0,6.57,-309.92,-67.64,0,17.37,198.47,0.22,73032.2,-13114.12,0
보해양조(주),890,Dec-21,0,2.8,18.79,2.79,2.69,7.28,6.6,0,34.9,-0.99,-1.02,0,81.36,135.36,1.03,144911.28,9565.43,15.15
대림통상(주),6570,Dec-21,0,1.24,0,0.85,0.85,0.25,-7.61,0,15.79,-0.69,-1,0,83.93,113.25,1.45,95754.53,1782.07,53.73
(주)센트럴인사이트,12600,Dec-21,0,7.37,0,8.96,57.69,142.37,-36.72,0,19.03,-38.4,-44.64,0,47.18,118.94,1.16,38807.73,-4518.9,0
(주)센트랄모텍,308170,Dec-21,0,4.27,180.82,1.27,0.24,-9.42,18.99,0,5.66,-0.24,-0.75,0,175.06,77.92,3.1,289183.69,11062.35,26.14
한국주강(주),25890,Dec-21,0,3.46,0,2.14,8.04,-6.5,33.71,0,3.99,-4.01,-6.26,0,78.87,97.31,1.56,77306.37,1165.82,66.31
조광페인트(주),4910,Dec-21,0,0.8,0,0.59,2.51,-9.05,18.7,0,10.82,-5.75,-7.23,0,97.05,112.59,1.26,222681.42,-1195.85,0
(주)호텔신라,8770,Dec-21,0,7.58,0,1.22,-9.06,-13.31,20.06,0,0,-0.29,-1.54,0,278.48,96.21,5.35,4091408.99,169270.33,24.17
진양화학(주),51630,Dec-21,0,3.31,0,2.41,-12.03,-8.02,-19.64,0,2.09,-6.36,-8.35,0,32.54,170.98,1.31,61933.15,-3232.72,0
(주)세아홀딩스,58650,Dec-21,0,0.57,12.75,9.7,-5.31,-5.36,-25.59,0,0,-71.11,-3.99,0,13.69,1066,0.06,519666.81,39859.65,13.04
다스코(주),58730,Dec-21,0,1.08,0,0.48,13.07,1.47,30.3,0,9.29,-2.03,-4.37,0,127.12,116.75,2.15,169418.21,3967.39,42.7
진원생명과학(주),11000,Dec-21,0,12.86,0,77.5,76.36,110.02,-4.34,0,6.61,-39.93,-8.98,0,12.65,664.9,0.22,1251325.04,-24953.24,0
삼성중공업(주),10140,Dec-21,0,3.94,20.27,2.53,-6.22,14.52,-4.14,0,-11.71,-19.42,-32.13,0,181.62,79.95,1.65,6651866.28,-1030621.65,0
넥센타이어(주),2350,Dec-21,0,0.77,9.29,0.84,5.38,-0.53,17.08,0,16.31,-1.45,-1.3,0,80.07,184.18,0.9,1142750.05,64266.86,17.78
(주)성안,11300,Dec-21,0,2.69,0,2.53,-23.8,-58.97,5.01,0,8.07,-7.57,-4.67,0,290.03,45.27,0.62,94751.09,-5689.78,0
참엔지니어링(주),9310,Dec-21,0,2.37,0,1.19,-20.32,-1.6,-16.37,0,24.02,-0.98,-1.9,0,141.51,60.86,1.94,106228.68,-1328.64,0
컨버즈(주),109070,Dec-21,0,6.24,0,1.93,71.47,57.65,89.29,0,11.2,-6.35,-23.54,0,200.95,131.26,3.71,76218.9,-1683.22,0
케이비아이동국실업(주),1620,Dec-21,0,0.77,16.58,0.34,2.59,11.21,13.91,0,6.12,-0.8,-1.77,0,129.15,64.95,2.22,162982.35,4196.87,38.83
케이알모터스(주),40,Dec-21,0,4.16,0,9.07,1.45,6.9,-16.08,0,17.39,-42.64,-19.95,0,147.15,19.25,0.47,106983.93,-617.31,0
(주)화승코퍼레이션,13520,Dec-21,0,1.52,0,2.78,-58.91,-32.3,-87.62,0,-23.81,-47.35,-19.57,0,91.71,34.57,0.41,218216.06,-39776.09,0
남양유업(주),3920,Dec-21,0,0.91,18.72,0.77,-5.87,-5.61,0.39,0,15.99,-6.29,-7.14,0,24.26,454.95,1.13,328096.41,-22669.71,0
롯데관광개발(주),32350,Dec-21,0,18.07,0,17.3,9.8,-61.59,573.08,0,0,-191.59,-104.33,0,1271.78,43.75,0.54,2278146.2,-51374.13,0
금호타이어(주),73240,Dec-21,0,3.61,0,1.16,-0.54,-10.74,20.53,0,10.74,-3.4,-9.93,0,283.95,113.44,2.92,2212983.23,34537.43,64.07
(주)삼일씨엔에스,4440,Dec-21,0,0.82,0,0.99,5.99,-1.06,20.42,0,16.55,-1.43,-1.16,0,26.06,239.27,0.81,113091.59,22521.11,5.02
금호전기(주),1210,Dec-21,0,4.94,0,1.7,65.26,627.6,-6.82,0,22.05,-27.44,-129.21,0,418.34,101.74,4.71,112242.92,-6114.43,0
무림페이퍼(주),9200,Dec-21,0,0.61,0,0.39,4.39,-6.08,12.62,0,4.98,-3.78,-5.75,0,208.11,94.65,1.52,534854.86,-1560.76,0
(주)케이에이치필룩스,33180,Dec-21,0,3.25,0,19.88,39,54.88,-8.09,0,27.3,-15.12,-2.98,0,23.38,216.85,0.2,413573.09,-11049.98,0
명문제약(주),17180,Dec-21,0,4.1,0,2.67,-11.79,-7.96,2.27,0,41.1,-5.46,-8.03,0,119.53,78.1,1.47,206594.38,-4271.51,0
한국전력공사(주),15760,Dec-21,0,0.38,0,0.3,2.19,-11.78,2.88,0,-9.2,-9.4,-11.17,0,145.67,38.65,1.19,53770996.1,-3435112,0
(주)큐로,15590,Dec-21,0,1.65,165.27,2.01,-16.11,-8.7,-35.41,0,9.47,-16.13,-12.68,0,69.22,150.16,0.79,114982.88,-12679.59,0
(주)에이엔피,15260,Dec-21,0,2.17,0,0.93,-21.05,-26.33,-15.59,0,-10.79,-17.24,-33.82,0,173.69,77.91,1.96,77595.72,-7945.33,0
(주)콘텐트리중앙,36420,Dec-21,0,4.38,0,108.09,-8.96,-25.74,-52.72,0,36.7,-1622.29,-55.77,0,68.43,313.28,0.03,1104893.32,-378.43,0
(주)빙그레,5180,Dec-21,0,1.2,14.15,0.67,1.78,-4.16,8.43,0,24.57,-1.08,-1.84,0,28.52,186.42,1.7,464123.24,68040.1,6.82
그랜드코리아레저(주),114090,Dec-21,0,3.18,0,13.99,-25.5,-21.37,-53.87,0,-141.74,-134.22,-26.36,0,37.92,236.92,0.2,778457.45,-110867.96,0
국제약품(주),2720,Dec-21,0,3.16,22.1,1.81,-4.08,-2.78,-8.51,0,46.19,-1.34,-2.26,0,104.65,87.46,1.69,146453.73,2529.99,57.89
(주)코오롱,2020,Dec-21,0,1.29,42.8,10.1,5.17,-1.5,17.24,0,0,-2.94,-0.36,0,139.57,4.18,0.12,1109089.8,38267.5,28.98
태양금속공업(주),4100,Dec-21,0,1.13,0,0.36,-2.36,-10.84,9.64,0,11.95,-4.69,-13.62,0,268.24,58.24,2.9,204549.26,6577.12,31.1
(주)비비안,2070,Dec-21,0,1.9,0,1.12,4.68,14.91,2.51,0,56.65,-1.52,-2.74,0,89.98,344.42,1.8,152812.44,5862.78,26.06
(주)에스지글로벌,1380,Dec-21,0,1.88,0,3.97,-1.92,-1.58,-29.5,0,14.88,-6.27,-2.94,0,50.91,278.8,0.47,118379.11,3974.38,29.79
팜젠사이언스(주),4720,Dec-21,0,3.74,34.58,2.49,28.51,3.39,13.72,0,55.34,-3.83,-5.51,0,110.2,108.69,1.44,174416.07,-1788.18,0
(주)벽산,7210,Dec-21,0,1.74,53.84,1.26,6.43,-2.74,9.71,0,15.1,-2.23,-3.01,0,78.91,104.78,1.35,367835.07,15286.72,24.06
계양전기(주),12200,Dec-21,0,1.21,0,0.57,-3.52,-5.49,3.59,0,14.97,-1.97,-3.96,0,47.12,171.43,2.01,167703.2,12031.36,13.94
페이퍼코리아(주),1020,Dec-21,0,5.14,0,0.5,1.18,11.06,-10.26,0,9.31,-2.73,-29.2,0,1504.19,119.81,10.69,340968.44,9077.47,37.56
(주)미래아이앤지,7120,Dec-21,0,1.4,49.36,12.77,8.51,-20.14,35.26,0,52.74,-231.58,-22.59,0,40.22,1118.9,0.1,50020.82,1934.41,25.86
(주)무학,33920,Dec-21,0,0.83,8.58,3.31,7.5,-5.22,-10.39,0,36.56,-13.49,-3.24,0,29.22,28.74,0.24,299051.99,20416.62,14.65
평화산업(주),90080,Dec-21,0,5.93,15.26,0.36,7.55,-0.2,24.78,0,6.81,-0.05,-0.86,0,708.07,87.88,15.71,188847.45,15454.58,12.22
(주)에스엠벡셀,10580,Dec-21,0,3.08,0,1.35,-24.77,240.22,3.35,0,-1.76,-22.72,-79.32,0,47.84,90.93,3.49,98732.01,-4481.64,0
평화홀딩스(주),10770,Dec-21,0,1.04,33.85,6.74,-6.21,-8.34,-7.37,0,0,-47.31,-6.8,0,50.58,64.66,0.14,104888.3,5574.51,18.82
(주)메타랩스,90370,Dec-21,0,1.74,2265.12,5.99,-1.47,-8.81,-32.54,0,53.81,-96.62,-26.63,0,31.47,68.08,0.28,76409.5,-1225.54,0
롯데하이마트(주),71840,Dec-21,0,0.6,7.29,0.28,-12.11,-5.12,-4.49,0,24.1,-1.48,-3.06,0,61.08,118.65,2.06,1303978.58,247828.93,5.26
강남제비스코(주),860,Dec-21,0,0.76,0,0.78,1.47,-10.3,14.21,0,2.38,-12.15,-11.11,0,38.76,177.59,0.91,154267.43,-12908.85,0
(주)마니커,27740,Dec-21,0,9.28,0,1.72,2.06,-33.74,17.61,0,4.46,-19.6,-83.61,0,307.23,80.61,4.27,132364.1,-3565.61,0
프레스티지바이오파마,950210,Jun-21,0,1.05,0,0,0,0,0,0,0,0,-1.1,0,4.95,2789.25,0,-436920.36,-15869.94,0
STX중공업(주),71970,Dec-21,0,2.63,25.35,2.95,-8.65,-12.04,-41.06,0,10.37,-6.33,-5.27,0,163.44,76.57,0.83,202851.66,-7410.18,0
대원화성(주),24890,Dec-21,0,4.12,0,2.71,3.76,-6.87,4.64,0,5.67,-6.51,-9.52,0,84.71,87.9,1.46,202096.07,-10733.26,0
(주)디알비동일,4840,Dec-21,0,0.86,0,1.8,-7.23,-7.54,-12,0,22.81,-17.16,-7.81,0,50.81,81.37,0.46,160606.72,4684.24,34.29
롯데지주(주),4990,Dec-21,0,0.96,38.87,18.39,4.64,-2.1,-13.47,0,0,-14.46,-0.73,0,68.47,67.26,0.05,5997684.18,127234.33,47.14
STX엔진(주),77970,Dec-21,0,2.03,29.16,1.17,2.97,5.48,-17.84,0,6.48,-0.44,-0.76,0,199.21,83.66,1.71,377615.29,13341,28.3
(주)대교,19680,Dec-21,0,1.25,13.45,1.06,-6.95,-7.58,1.11,0,11.71,-7.87,-8.55,0,40.52,116.87,1.09,415357.21,31326.34,13.26
(주)대구백화점,6370,Dec-21,0,0.68,0,2.56,-3.83,-1.82,-10.8,0,55.84,-3.72,-0.98,0,42.27,210.65,0.26,202096.19,-13852.65,0
(주)강원랜드,35250,Dec-21,0,1.95,29.49,8.06,5,0.14,64.9,0,7.7,-1.51,-0.37,0,17.49,325.09,0.24,5004935.65,26102.41,191.74
(주)국보,1140,Dec-21,0,5.12,108.07,2.86,8.75,9.74,0.24,0,0.24,-28.65,-46.78,0,135.58,64.26,1.63,122229.87,-4700.2,0
(주)까뮤이앤씨,13700,Dec-21,0,1.78,0,1.06,17.35,19.39,1.21,0,5.87,-1.84,-3.32,0,97.4,96.7,1.8,173563.48,-1386.46,0
(주)동양고속,84670,Dec-21,0,1.04,0,1.08,0.55,-21.11,-2.86,0,-16.18,-29.53,-25.08,0,100.11,26.16,0.85,99156.51,-16255.6,0
(주)대유에이텍,2880,Dec-21,0,2.39,25.83,0.62,10.21,-3.58,13.09,0,11.11,-2.21,-7.89,0,292.97,51.81,3.58,223653.08,20947.12,10.68
(주)남선알미늄,8350,Dec-21,0,3.23,44.84,2.37,-0.45,-2.84,-14.2,0,6.24,-2.73,-3.66,0,63.01,181.37,1.34,277346,-1648.25,0
(주)STX,11810,Dec-21,0,6.68,0,0.6,7.25,132.36,-17.84,0,4.06,-2.49,-37.55,0,547.76,56.55,15.08,337725.96,14752,22.89
(주)대유플러스,300,Dec-21,0,2.08,49.76,1.46,18.69,-9.51,54.07,0,8.78,-10.1,-13.59,0,181.26,85.01,1.34,246770.89,4880.49,50.56
(주)경보제약,214390,Dec-21,0,3.17,24.88,2.62,-6.42,-6.64,-20.73,0,20.72,-4.39,-4.97,0,62.65,125.17,1.13,309294.97,6131.85,50.44
(주)동방,4140,Dec-21,0,5.53,24.78,0.98,-0.08,8.93,2.74,0,9.13,-1.27,-6.75,0,343.69,78.3,5.3,434779.43,47843.49,9.09
(주)금호에이치티,214330,Dec-21,0,1.65,0,2.79,25.84,46.61,8.91,0,6.48,-14.87,-10.49,0,26.15,186.2,0.71,393291.37,-1559.43,0
(주)대호에이엘,69460,Dec-21,0,3,0,1.43,43.34,151.76,18.1,0,6.07,-2.12,-6.31,0,110.1,130.98,2.97,196659.64,4654.98,42.25
(주)국동,5320,Dec-21,0,3.52,0,2.5,-17.87,22.23,-33.14,0,11.33,-1.72,-2.67,0,36.63,218.65,1.55,161084.59,-2031.51,0
(주)다이나믹디자인,145210,Dec-21,0,4.05,0,6.04,-16.49,-20.69,-35.27,0,-11.51,-56.16,-33.27,0,140.24,104.31,0.59,74001.3,-11890.41,0
(주)HJ중공업,97230,Dec-21,0,2.03,0,0.51,8.77,34.89,0.66,0,-1.22,-8.21,-37.2,0,450.92,100.15,4.53,1422451.22,-90240,0
(주)한국토지신탁,34830,Dec-21,,,,,,,,,,,,,,,,,,
(주)카카오뱅크,323410,Dec-21,,,,,,,,,,,,,,,,,,
(주)우리금융지주,316140,Dec-21,,,,,,,,,,,,,,,,,,
(주)하나금융지주,86790,Dec-21,,,,,,,,,,,,,,,,,,
(주)화승알앤에이,378850,Dec-21,,,,,,,,,,,,,,,,,,
(주)제주은행,6220,Dec-21,,,,,,,,,,,,,,,,,,
현대차증권(주),1500,Dec-21,,,,,,,,,,,,,,,,,,
(주)엘지에너지솔루션,373220,2021,,,,,,,,,,,,,,,,,,
현대해상화재보험(주),1450,Dec-21,,,,,,,,,,,,,,,,,,
DB금융투자(주),16610,Dec-21,,,,,,,,,,,,,,,,,,
(주)에프앤에프,383220,Dec-21,,,,,,,,,,,,,,,,,,
한화손해보험(주),370,Dec-21,,,,,,,,,,,,,,,,,,
디엘이앤씨(주),375500,Dec-21,,,,,,,,,,,,,,,,,,
(주)메리츠금융지주,138040,Dec-21,,,,,,,,,,,,,,,,,,
DB손해보험(주),5830,Dec-21,,,,,,,,,,,,,,,,,,
(주)엘엑스홀딩스,383800,Dec-21,,,,,,,,,,,,,,,,,,
롯데손해보험(주),400,Dec-21,,,,,,,,,,,,,,,,,,
한화생명보험(주),88350,Dec-21,,,,,,,,,,,,,,,,,,
교보증권(주),30610,Dec-21,,,,,,,,,,,,,,,,,,
(주)신한금융지주회사,55550,Dec-21,,,,,,,,,,,,,,,,,,
미래에셋생명보험(주),85620,Dec-21,,,,,,,,,,,,,,,,,,
미래에셋증권(주),6800,Dec-21,,,,,,,,,,,,,,,,,,
부국증권(주),1270,Dec-21,,,,,,,,,,,,,,,,,,
삼성생명보험(주),32830,Dec-21,,,,,,,,,,,,,,,,,,
삼성증권(주),16360,Dec-21,,,,,,,,,,,,,,,,,,
(주)수산인더스트리,126720,2021,,,,,,,,,,,,,,,,,,
삼성카드(주),29780,Dec-21,,,,,,,,,,,,,,,,,,
다올투자증권(주),30210,Dec-21,,,,,,,,,,,,,,,,,,
한화투자증권(주),3530,Dec-21,,,,,,,,,,,,,,,,,,
삼성화재해상보험(주),810,Dec-21,,,,,,,,,,,,,,,,,,
한양증권(주),1750,Dec-21,,,,,,,,,,,,,,,,,,
대신증권(주),3540,Dec-21,,,,,,,,,,,,,,,,,,
동양생명보험(주),82640,Dec-21,,,,,,,,,,,,,,,,,,
신영증권(주),1720,Mar-21,,,,,,,,,,,,,,,,,,
에스케이스퀘어(주),402340,Dec-21,,,,,,,,,,,,,,,,,,
에스케이증권(주),1510,Dec-21,,,,,,,,,,,,,,,,,,
(주)상상인증권,1290,Dec-21,,,,,,,,,,,,,,,,,,
엔에이치기업인수목적19호(주),380440,Dec-21,,,,,,,,,,,,,,,,,,
엔에이치투자증권(주),5940,Dec-21,,,,,,,,,,,,,,,,,,
엘브이엠씨홀딩스(주),900140,Dec-21,,,,,,,,,,,,,,,,,,
우리종합금융(주),10050,Dec-21,,,,,,,,,,,,,,,,,,
유안타증권(주),3470,Dec-21,,,,,,,,,,,,,,,,,,
유진투자증권(주),1200,Dec-21,,,,,,,,,,,,,,,,,,
(주)디지비금융지주,139130,Dec-21,,,,,,,,,,,,,,,,,,
유화증권(주),3460,Dec-21,,,,,,,,,,,,,,,,,,
메리츠증권(주),8560,Dec-21,,,,,,,,,,,,,,,,,,
한국투자금융지주(주),71050,Dec-21,,,,,,,,,,,,,,,,,,
중소기업은행,24110,Dec-21,,,,,,,,,,,,,,,,,,
코리안리재보험(주),3690,Dec-21,,,,,,,,,,,,,,,,,,
흥국화재해상보험(주),540,Dec-21,,,,,,,,,,,,,,,,,,
한국자산신탁(주),123890,Dec-21,,,,,,,,,,,,,,,,,,
(주)KB금융지주,105560,Dec-21,,,,,,,,,,,,,,,,,,
(주)JB금융지주,175330,Dec-21,,,,,,,,,,,,,,,,,,
메리츠화재해상보험(주),60,Dec-21,,,,,,,,,,,,,,,,,,
키움증권(주),39490,Dec-21,,,,,,,,,,,,,,,,,,
(주)BNK금융지주,138930,Dec-21,,,,,,,,,,,,,,,,,,
