종목코드,종목명,증권구분,수량_공매도거래량_전체,수량_공매도거래량_업틱룰적용,수량_공매도거래량_업틱룰예외,수량_거래량,수량_비중,금액_공매도거래대금_전체,금액_공매도거래대금_업틱룰적용,금액_공매도거래대금_업틱룰예외,금액_거래대금,금액_비중
"095570","AJ네트웍스","주권","1","0","1","45932","0.00","6550","0","6550","298342290","0.00"
"006840","AK홀딩스","주권","0","0","0","5267","0.00","0","0","0","85340750","0.00"
"027410","BGF","주권","4025","0","4025","95837","4.20","16812770","0","16812770","398187520","4.22"
"282330","BGF리테일","주권","1270","1256","14","35456","3.58","241253500","238642500","2611000","6729561500","3.58"
"138930","BNK금융지주","주권","112665","110592","2073","867677","12.98","747812930","734085270","13727660","5756804960","12.99"
"001460","BYC","주권","0","0","0","24","0.00","0","0","0","9664500","0.00"
"001465","BYC우","주권","0","0","0","46","0.00","0","0","0","7176500","0.00"
"001040","CJ","주권","4721","4359","362","26912","17.54","366411200","338301500","28109700","2087747700","17.55"
"079160","CJ CGV","주권","7379","0","7379","197111","3.74","161610700","0","161610700","4323849750","3.74"
"00104K","CJ4우(전환)","주권","5","0","5","7711","0.06","352000","0","352000","537378800","0.07"
"000120","CJ대한통운","주권","3288","3144","144","42152","7.80","397848000","380370000","17478000","5084075000","7.83"
"011150","CJ씨푸드","주권","0","0","0","70568","0.00","0","0","0","224560055","0.00"
"011155","CJ씨푸드1우","주권","0","0","0","318","0.00","0","0","0","9466350","0.00"
"001045","CJ우","주권","0","0","0","1420","0.00","0","0","0","68615500","0.00"
"097950","CJ제일제당","주권","721","499","222","26223","2.75","282278000","195173500","87104500","10238513500","2.76"
"097955","CJ제일제당 우","주권","0","0","0","748","0.00","0","0","0","123445000","0.00"
"000590","CS홀딩스","주권","0","0","0","5231","0.00","0","0","0","312647100","0.00"
"012030","DB","주권","4","0","4","166312","0.00","3192","0","3192","132612596","0.00"
"016610","DB금융투자","주권","0","0","0","21780","0.00","0","0","0","109601845","0.00"
"005830","DB손해보험","주권","5435","5097","338","89988","6.04","316126400","296508000","19618400","5215837900","6.06"
"000990","DB하이텍","주권","37789","37734","55","851784","4.44","1881079200","1878268700","2810500","42488415800","4.43"
"000995","DB하이텍1우","주권","0","0","0","448","0.00","0","0","0","41986900","0.00"
"139130","DGB금융지주","주권","5869","0","5869","212378","2.76","45838100","0","45838100","1660670160","2.76"
"001530","DI동일","주권","2","0","2","58641","0.00","32200","0","32200","953349350","0.00"
"000210","DL","주권","7972","7775","197","76954","10.36","535390400","522136000","13254400","5148492100","10.40"
"001880","DL건설","주권","64","0","64","9673","0.66","1324900","0","1324900","201740050","0.66"
"000215","DL우","주권","0","0","0","881","0.00","0","0","0","34322700","0.00"
"375500","DL이앤씨","주권","15730","15313","417","235758","6.67","638868500","622050600","16817900","9581569850","6.67"
"37550L","DL이앤씨2우(전환)","주권","0","0","0","2450","0.00","0","0","0","84008300","0.00"
"37550K","DL이앤씨우","주권","0","0","0","3809","0.00","0","0","0","108852350","0.00"
"007340","DN오토모티브","주권","2","0","2","18316","0.01","106000","0","106000","976025500","0.01"
"004840","DRB동일","주권","0","0","0","19148","0.00","0","0","0","86127680","0.00"
"155660","DSR","주권","0","0","0","19968","0.00","0","0","0","108571140","0.00"
"069730","DSR제강","주권","0","0","0","35495","0.00","0","0","0","171634140","0.00"
"017940","E1","주권","3","0","3","10419","0.03","134850","0","134850","467202250","0.03"
"365550","ESR켄달스퀘어리츠","부동산투자회사","3877","0","3877","208195","1.86","21235480","0","21235480","1143452690","1.86"
"383220","F&F","주권","8616","8579","37","61154","14.09","1191001000","1185845000","5156000","8465789500","14.07"
"007700","F&F홀딩스","주권","0","0","0","25935","0.00","0","0","0","486314350","0.00"
"73501BB4","GB국민참여정책형뉴딜A","수익증권","0","0","0","0","0.00","0","0","0","0","0.00"
"73502BB4","GB국민참여정책형뉴딜C","수익증권","0","0","0","0","0.00","0","0","0","0","0.00"
"73503BB4","GB국민참여정책형뉴딜I","수익증권","0","0","0","0","0.00","0","0","0","0","0.00"
"73501BBC","GB뉴딜기업2호A","수익증권","0","0","0","0","0.00","0","0","0","0","0.00"
"73502BBC","GB뉴딜기업2호Ae","수익증권","0","0","0","0","0.00","0","0","0","0","0.00"
"73501BA2","GB중소성장기업A","수익증권","0","0","0","0","0.00","0","0","0","0","0.00"
"73502BA2","GB중소성장기업C","수익증권","0","0","0","0","0.00","0","0","0","0","0.00"
"73503BA2","GB중소성장기업I","수익증권","0","0","0","0","0.00","0","0","0","0","0.00"
"114090","GKL","주권","21051","19755","1296","190735","11.04","291123450","273165250","17958200","2637128200","11.04"
"078930","GS","주권","24364","24245","119","135373","18.00","972289300","967563750","4725550","5398481550","18.01"
"006360","GS건설","주권","9699","9329","370","680599","1.43","289213800","278237850","10975950","20340199950","1.42"
"001250","GS글로벌","주권","1","0","1","3714993","0.00","3215","0","3215","12165925180","0.00"
"007070","GS리테일","주권","7953","6984","969","176296","4.51","203133650","178383950","24749700","4503842150","4.51"
"078935","GS우","주권","0","0","0","1582","0.00","0","0","0","54507850","0.00"
"012630","HDC","주권","14","0","14","47490","0.03","91560","0","91560","310348060","0.03"
"039570","HDC랩스","주권","0","0","0","3819","0.00","0","0","0","32010800","0.00"
"089470","HDC현대EP","주권","0","0","0","17426","0.00","0","0","0","67468445","0.00"
"294870","HDC현대산업개발","주권","30617","29583","1034","306791","9.98","355062400","343212650","11849750","3564592000","9.96"
"267250","HD현대","주권","18030","17777","253","197543","9.13","958690600","945314000","13376600","10507791000","9.12"
"097230","HJ중공업","주권","6","0","6","14486","0.04","40800","0","40800","99118300","0.04"
"003580","HLB글로벌","주권","26","0","26","2469215","0.00","261700","0","261700","24642004610","0.00"
"011200","HMM","주권","509144","507161","1983","2356848","21.60","12901627800","12851376600","50251200","59708386800","21.61"
"082740","HSD엔진","주권","6","0","6","259307","0.00","52680","0","52680","2286103370","0.00"
"75801BB4","IBK 국민참여정책형뉴딜 혼합자산 A","수익증권","0","0","0","0","0.00","0","0","0","0","0.00"
"75802BB4","IBK 국민참여정책형뉴딜 혼합자산 C","수익증권","0","0","0","0","0.00","0","0","0","0","0.00"
"75801BBC","IBK국민참여정책형뉴딜혼합자산2호A","수익증권","0","0","0","0","0.00","0","0","0","0","0.00"
"75802BBC","IBK국민참여정책형뉴딜혼합자산2호C","수익증권","0","0","0","0","0.00","0","0","0","0","0.00"
"003560","IHQ","주권","35","0","35","396093","0.01","25159","0","25159","285316843","0.01"
"175330","JB금융지주","주권","6775","0","6775","244083","2.78","48381820","0","48381820","1742601450","2.78"
"234080","JW생명과학","주권","0","0","0","11450","0.00","0","0","0","152090300","0.00"
"001060","JW중외제약","주권","969","0","969","44061","2.20","23232250","0","23232250","1059514250","2.19"
"001067","JW중외제약2우B","주권","0","0","0","35","0.00","0","0","0","2460000","0.00"
"001065","JW중외제약우","주권","0","0","0","402","0.00","0","0","0","14586700","0.00"
"096760","JW홀딩스","주권","1","0","1","21327","0.00","3355","0","3355","71494115","0.00"
"71901B96","KB 와이즈 스타 부동산 자 2 A","수익증권","0","0","0","0","0.00","0","0","0","0","0.00"
"71902B96","KB 와이즈 스타 부동산 자 2 C-F","수익증권","0","0","0","0","0.00","0","0","0","0","0.00"
"71903B96","KB 와이즈 스타 부동산 자 2 C-I","수익증권","0","0","0","0","0.00","0","0","0","0","0.00"
"71901BB4","KB국민참여뉴딜","수익증권","0","0","0","0","0.00","0","0","0","0","0.00"
"71901BBC","KB국민참여뉴딜2A","수익증권","0","0","0","0","0.00","0","0","0","0","0.00"
"71902BBC","KB국민참여뉴딜2C","수익증권","0","0","0","0","0.00","0","0","0","0","0.00"
"105560","KB금융","주권","52459","51473","986","1302116","4.03","2472681300","2426796500","45884800","61016237950","4.05"
"71901B92","KB와이즈스타부동산1A","수익증권","0","0","0","0","0.00","0","0","0","0","0.00"
"71903B92","KB와이즈스타부동산1C-F","수익증권","0","0","0","0","0.00","0","0","0","0","0.00"
"71902B92","KB와이즈스타부동산1C-퇴직","수익증권","0","0","0","0","0.00","0","0","0","0","0.00"
"71901B9B","KB와이즈스타부동산3A","수익증권","0","0","0","0","0.00","0","0","0","0","0.00"
"71902B9B","KB와이즈스타부동산3C-F","수익증권","0","0","0","0","0.00","0","0","0","0","0.00"
"002380","KCC","주권","1092","1085","7","17113","6.38","319562000","317525000","2037000","4988184500","6.41"
"344820","KCC글라스","주권","44","0","44","26336","0.17","1977050","0","1977050","1188549550","0.17"
"009070","KCTC","주권","0","0","0","56654","0.00","0","0","0","252138630","0.00"
"009440","KC그린홀딩스","주권","0","0","0","152069","0.00","0","0","0","778766290","0.00"
"119650","KC코트렐","주권","0","0","0","21250","0.00","0","0","0","90393015","0.00"
"092220","KEC","주권","3","0","3","1555571","0.00","7650","0","7650","3989356745","0.00"
"016380","KG스틸","주권","49853","49483","370","2018109","2.47","677922800","673056500","4866300","27014862250","2.51"
"016385","KG스틸우","주권","0","0","0","28709","0.00","0","0","0","1366077600","0.00"
"001390","KG케미칼","주권","0","0","0","407917","0.00","0","0","0","10639744850","0.00"
"033180","KH 필룩스","주권","15","0","15","352374","0.00","22905","0","22905","536749965","0.00"
"75901BB7","KIAMCO 뉴딜인프라","수익증권","0","0","0","0","0.00","0","0","0","0","0.00"
"001940","KISCO홀딩스","주권","0","0","0","13091","0.00","0","0","0","184916500","0.00"
"025000","KPX케미칼","주권","0","0","0","1178","0.00","0","0","0","56355700","0.00"
"092230","KPX홀딩스","주권","0","0","0","398","0.00","0","0","0","23678700","0.00"
"000040","KR모터스","주권","0","0","0","172423","0.00","0","0","0","108861971","0.00"
"044450","KSS해운","주권","0","0","0","17124","0.00","0","0","0","165891910","0.00"
"030200","KT","주권","40810","21527","19283","729650","5.59","1506144400","793618950","712525450","26879866200","5.60"
"033780","KT&G","주권","17064","16747","317","187046","9.12","1380069700","1354482200","25587500","15122069400","9.13"
"058850","KTcs","주권","15","0","15","135484","0.01","30220","0","30220","273367245","0.01"
"058860","KTis","주권","0","0","0","77585","0.00","0","0","0","201019865","0.00"
"093050","LF","주권","9","0","9","23486","0.04","144950","0","144950","377985600","0.04"
"003550","LG","주권","6180","6034","146","201762","3.06","487169100","475751900","11417200","15901728900","3.06"
"034220","LG디스플레이","주권","508498","507927","571","2354284","21.60","7793738500","7784918250","8820250","36098176350","21.59"
"051900","LG생활건강","주권","4548","4461","87","53579","8.49","3252112000","3189439000","62673000","38313575000","8.49"
"051905","LG생활건강우","주권","0","0","0","4444","0.00","0","0","0","1465601500","0.00"
"373220","LG에너지솔루션","주권","79098","78279","819","397140","19.92","30401386500","30091320500","310066000","152494371000","19.94"
"003555","LG우","주권","0","0","0","2013","0.00","0","0","0","124210800","0.00"
"032640","LG유플러스","주권","1604","1","1603","878079","0.18","19756800","12400","19744400","10861939400","0.18"
"011070","LG이노텍","주권","13536","8845","4691","199666","6.78","4585439500","2993963500","1591476000","67751569000","6.77"
"066570","LG전자","주권","111972","111794","178","1494419","7.49","10464129100","10447004800","17124300","140554588700","7.44"
"066575","LG전자우","주권","0","0","0","30629","0.00","0","0","0","1390365800","0.00"
"037560","LG헬로비전","주권","420","0","420","1831244","0.02","2359030","0","2359030","10330723280","0.02"
"051910","LG화학","주권","9243","9113","130","272655","3.39","5046550000","4975456000","71094000","149121964000","3.38"
"051915","LG화학우","주권","0","0","0","18287","0.00","0","0","0","4608540500","0.00"
"079550","LIG넥스원","주권","3001","2984","17","75099","4.00","209956000","208762600","1193400","5260266800","3.99"
"006260","LS","주권","12288","11967","321","269526","4.56","683759000","665991200","17767800","15000852700","4.56"
"010120","LS ELECTRIC","주권","18646","18589","57","190384","9.79","1000365500","997329000","3036500","10240404300","9.77"
"000680","LS네트웍스","주권","1","0","1","52785","0.00","2665","0","2665","141344065","0.00"
"229640","LS전선아시아","주권","12","0","12","78359","0.02","83040","0","83040","541790250","0.02"
"001120","LX인터내셔널","주권","3769","3329","440","344668","1.09","111845250","98833450","13011800","10236644050","1.09"
"108670","LX하우시스","주권","17","0","17","11729","0.14","715700","0","715700","497922850","0.14"
"108675","LX하우시스우","주권","0","0","0","1782","0.00","0","0","0","36271000","0.00"
"383800","LX홀딩스","주권","0","0","0","118405","0.00","0","0","0","1061116170","0.00"
"38380K","LX홀딩스1우","주권","0","0","0","1405","0.00","0","0","0","17066000","0.00"
"023150","MH에탄올","주권","0","0","0","23029","0.00","0","0","0","195657700","0.00"
"035420","NAVER","주권","21033","20809","224","652395","3.22","5234302500","5178965500","55337000","162485327500","3.22"
"181710","NHN","주권","639","0","639","352261","0.18","17670750","0","17670750","9751411100","0.18"
"400760","NH올원리츠","부동산투자회사","665","0","665","41398","1.61","3005800","0","3005800","187319285","1.60"
"005940","NH투자증권","주권","29529","28755","774","504325","5.86","272249410","265135210","7114200","4636778220","5.87"
"005945","NH투자증권우","주권","0","0","0","23921","0.00","0","0","0","220307170","0.00"
"338100","NH프라임리츠","부동산투자회사","0","0","0","23560","0.00","0","0","0","109220260","0.00"
"034310","NICE","주권","0","0","0","101282","0.00","0","0","0","1477235650","0.00"
"008260","NI스틸","주권","0","0","0","85633","0.00","0","0","0","413060800","0.00"
"004250","NPC","주권","0","0","0","7028373","0.00","0","0","0","63200805660","0.00"
"004255","NPC우","주권","0","0","0","1731404","0.00","0","0","0","8845663835","0.00"
"010060","OCI","주권","72087","53123","18964","571932","12.60","9452456000","6969449000","2483007000","74731511500","12.65"
"178920","PI첨단소재","주권","9457","9436","21","100773","9.38","322231700","321516650","715050","3431191800","9.39"
"005490","POSCO홀딩스","주권","8955","8691","264","209419","4.28","2094772500","2033418000","61354500","48764407000","4.30"
"010950","S-Oil","주권","4841","3696","1145","336332","1.44","456067000","348394000","107673000","31583639600","1.44"
"010955","S-Oil우","주권","0","0","0","25777","0.00","0","0","0","1503383900","0.00"
"034120","SBS","주권","131","0","131","59876","0.22","5580750","0","5580750","2516602200","0.22"
"005090","SGC에너지","주권","6","0","6","30207","0.02","201700","0","201700","1022427500","0.02"
"001380","SG글로벌","주권","1","0","1","98191","0.00","1365","0","1365","133974050","0.00"
"004060","SG세계물산","주권","15","0","15","660563","0.00","8396","0","8396","370486141","0.00"
"001770","SHD","주권","0","0","0","9899","0.00","0","0","0","293078350","0.00"
"002360","SH에너지화학","주권","2","0","2","2080175","0.00","2010","0","2010","2084294479","0.00"
"009160","SIMPAC","주권","15","0","15","161401","0.01","93780","0","93780","1010358420","0.01"
"123700","SJM","주권","11","0","11","2169","0.51","38500","0","38500","7581750","0.51"
"025530","SJM홀딩스","주권","0","0","0","4211","0.00","0","0","0","12726305","0.00"
"034730","SK","주권","207","131","76","111719","0.19","43449500","27546500","15903000","23472492500","0.19"
"011790","SKC","주권","28578","22815","5763","177663","16.09","3820263500","3048261000","772002500","23834226500","16.03"
"018670","SK가스","주권","282","0","282","11271","2.50","31603500","0","31603500","1275121000","2.48"
"001740","SK네트웍스","주권","12952","3950","9002","295770","4.38","55068890","16807285","38261605","1257228325","4.38"
"001745","SK네트웍스우","주권","0","0","0","460","0.00","0","0","0","26450800","0.00"
"006120","SK디스커버리","주권","5","0","5","22833","0.02","174050","0","174050","800393250","0.02"
"006125","SK디스커버리우","주권","0","0","0","1161","0.00","0","0","0","35237800","0.00"
"210980","SK디앤디","주권","78","0","78","12303","0.63","1934400","0","1934400","306339850","0.63"
"068400","SK렌터카","주권","404","0","404","20626","1.96","3334800","0","3334800","170285600","1.96"
"395400","SK리츠","부동산투자회사","2760","0","2760","139870","1.97","15816750","0","15816750","801424000","1.97"
"302440","SK바이오사이언스","주권","109777","109409","368","2174989","5.05","15511924000","15460380000","51544000","307187718500","5.05"
"326030","SK바이오팜","주권","15347","15076","271","82746","18.55","1216787300","1195161900","21625400","6568625000","18.52"
"402340","SK스퀘어","주권","33161","33008","153","577243","5.74","1320701150","1314588800","6112350","23105832450","5.72"
"361610","SK아이이테크놀로지","주권","36496","35580","916","716351","5.09","3018044000","2942325400","75718600","59015235400","5.11"
"03473K","SK우","주권","0","0","0","331","0.00","0","0","0","61196000","0.00"
"096770","SK이노베이션","주권","35003","34109","894","441380","7.93","6067160500","5911329500","155831000","76858837000","7.89"
"096775","SK이노베이션우","주권","0","0","0","1775","0.00","0","0","0","194785500","0.00"
"001510","SK증권","주권","0","0","0","699368","0.00","0","0","0","508131347","0.00"
"001515","SK증권우","주권","0","0","0","3275","0.00","0","0","0","9817705","0.00"
"285130","SK케미칼","주권","8681","8663","18","83072","10.45","888225000","886389000","1836000","8502400200","10.45"
"28513K","SK케미칼우","주권","0","0","0","13775","0.00","0","0","0","723206500","0.00"
"017670","SK텔레콤","주권","27350","14818","12532","608044","4.50","1481112500","802331000","678781500","32909767400","4.50"
"000660","SK하이닉스","주권","256138","254593","1545","2814478","9.10","24465679400","24317952000","147727400","269081541900","9.09"
"064960","SNT모티브","주권","77","0","77","15652","0.49","3157000","0","3157000","641546700","0.49"
"100840","SNT에너지","주권","7","0","7","73917","0.01","116100","0","116100","1255627100","0.01"
"003570","SNT중공업","주권","0","0","0","23866","0.00","0","0","0","162210690","0.00"
"036530","SNT홀딩스","주권","0","0","0","4000","0.00","0","0","0","61996150","0.00"
"005610","SPC삼립","주권","2","0","2","11840","0.02","161800","0","161800","959024300","0.02"
"011810","STX","주권","0","0","0","79829","0.00","0","0","0","266303205","0.00"
"077970","STX엔진","주권","0","0","0","52291","0.00","0","0","0","695293700","0.00"
"071970","STX중공업","주권","0","0","0","48210","0.00","0","0","0","205827360","0.00"
"002820","SUN&L","주권","0","0","0","4799","0.00","0","0","0","21760775","0.00"
"084870","TBH글로벌","주권","0","0","0","18899","0.00","0","0","0","37243860","0.00"
"002710","TCC스틸","주권","0","0","0","335266","0.00","0","0","0","4228651050","0.00"
"069260","TKG휴켐스","주권","5353","4646","707","174310","3.07","106762250","92691650","14070600","3463401550","3.08"
"002900","TYM","주권","50","0","50","2811848","0.00","125500","0","125500","7046588410","0.00"
"024070","WISCOM","주권","0","0","0","16108","0.00","0","0","0","52886155","0.00"
"037270","YG PLUS","주권","0","0","0","851921","0.00","0","0","0","4648205250","0.00"
"000500","가온전선","주권","0","0","0","11530","0.00","0","0","0","268133400","0.00"
"000860","강남제비스코","주권","0","0","0","2957","0.00","0","0","0","62391200","0.00"
"035250","강원랜드","주권","20778","20572","206","466676","4.45","529985800","524693150","5292650","11915457200","4.45"
"011420","갤럭시아에스엠","주권","0","0","0","68173","0.00","0","0","0","127589575","0.00"
"002100","경농","주권","0","0","0","33476","0.00","0","0","0","364463500","0.00"
"009450","경동나비엔","주권","80","0","80","18510","0.43","3076000","0","3076000","714957400","0.43"
"267290","경동도시가스","주권","0","0","0","10247","0.00","0","0","0","210698500","0.00"
"012320","경동인베스트","주권","0","0","0","961","0.00","0","0","0","32507650","0.00"
"000050","경방","주권","0","0","0","663","0.00","0","0","0","8135600","0.00"
"214390","경보제약","주권","0","0","0","15630","0.00","0","0","0","112131250","0.00"
"012610","경인양행","주권","0","0","0","109948","0.00","0","0","0","602565950","0.00"
"009140","경인전자","주권","0","0","0","2007","0.00","0","0","0","51518250","0.00"
"013580","계룡건설","주권","4","0","4","29650","0.01","100000","0","100000","748749150","0.01"
"012200","계양전기","주권","0","0","0","0","0.00","0","0","0","0","0.00"
"012205","계양전기우","주권","0","0","0","0","0.00","0","0","0","0","0.00"
"002140","고려산업","주권","0","0","0","5371768","0.00","0","0","0","36919671680","0.00"
"010130","고려아연","주권","1945","1102","843","35500","5.48","907731500","513586500","394145000","16592616000","5.47"
"002240","고려제강","주권","763","0","763","18855","4.05","15589950","0","15589950","387587250","4.02"
"009290","광동제약","주권","4","0","4","47682","0.01","25400","0","25400","302810170","0.01"
"017040","광명전기","주권","1","0","1","2057061","0.00","3200","0","3200","6571157145","0.00"
"017900","광전자","주권","0","0","0","43313","0.00","0","0","0","98566220","0.00"
"037710","광주신세계","주권","1","0","1","6828","0.01","33300","0","33300","227197450","0.01"
"030610","교보증권","주권","0","0","0","21718","0.00","0","0","0","137647410","0.00"
"339770","교촌에프앤비","주권","0","0","0","16599","0.00","0","0","0","195284150","0.00"
"007690","국도화학","주권","312","0","312","30382","1.03","15246500","0","15246500","1499112900","1.02"
"005320","국동","주권","1","0","1","2256032","0.00","1815","0","1815","4118510815","0.00"
"00532219","국동 9WR","신주인수권증권","0","0","0","258","0.00","0","0","0","290415","0.00"
"001140","국보","주권","0","0","0","954935","0.00","0","0","0","1148571965","0.00"
"002720","국제약품","주권","0","0","0","2610189","0.00","0","0","0","15313065620","0.00"
"083420","그린케미칼","주권","0","0","0","57785","0.00","0","0","0","411372080","0.00"
"014530","극동유화","주권","0","0","0","108307","0.00","0","0","0","391186565","0.00"
"014280","금강공업","주권","0","0","0","172939","0.00","0","0","0","1234770910","0.00"
"014285","금강공업우","주권","0","0","0","1428","0.00","0","0","0","18360600","0.00"
"008870","금비","주권","1","0","1","758","0.13","71100","0","71100","53844800","0.13"
"001570","금양","주권","1","0","1","1793487","0.00","5190","0","5190","9231043285","0.00"
"002990","금호건설","주권","1568","0","1568","44480","3.53","12561800","0","12561800","357246320","3.52"
"002995","금호건설우","주권","0","0","0","10","0.00","0","0","0","265600","0.00"
"011780","금호석유","주권","23235","23070","165","80721","28.78","3212300500","3189516500","22784000","11181050500","28.73"
"011785","금호석유우","주권","0","0","0","6480","0.00","0","0","0","567889500","0.00"
"214330","금호에이치티","주권","1206","0","1206","792673","0.15","1560600","0","1560600","1028002715","0.15"
"21433218","금호에이치티 1WR","신주인수권증권","0","0","0","38","0.00","0","0","0","115400","0.00"
"001210","금호전기","주권","4","0","4","501197","0.00","5600","0","5600","696776795","0.00"
"00121218","금호전기 31WR","신주인수권증권","0","0","0","1811","0.00","0","0","0","530836","0.00"
"073240","금호타이어","주권","21029","19405","1624","256432","8.20","73726845","68078255","5648590","899275130","8.20"
"092440","기신정기","주권","2","0","2","15282","0.01","6970","0","6970","53375790","0.01"
"000270","기아","주권","16923","6514","10409","1079764","1.57","1304145100","501922100","802223000","83160992300","1.57"
"024110","기업은행","주권","90991","82769","8222","993708","9.16","840067150","764101520","75965630","9161783210","9.17"
"013700","까뮤이앤씨","주권","1","0","1","1206276","0.00","1920","0","1920","2339615100","0.00"
"004540","깨끗한나라","주권","0","0","0","227486","0.00","0","0","0","789957025","0.00"
"004545","깨끗한나라우","주권","0","0","0","854","0.00","0","0","0","16343600","0.00"
"72501773","나인트리부동산(종A1)","수익증권","0","0","0","0","0.00","0","0","0","0","0.00"
"72502773","나인트리부동산(종C-i)","수익증권","0","0","0","0","0.00","0","0","0","0","0.00"
"001260","남광토건","주권","0","0","0","133191","0.00","0","0","0","1535005900","0.00"
"008350","남선알미늄","주권","1191","0","1191","777999","0.15","2536830","0","2536830","1659674150","0.15"
"008355","남선알미우","주권","0","0","0","3965","0.00","0","0","0","87502500","0.00"
"004270","남성","주권","0","0","0","66682","0.00","0","0","0","151743135","0.00"
"003920","남양유업","주권","0","0","0","631","0.00","0","0","0","233392500","0.00"
"003925","남양유업우","주권","0","0","0","76","0.00","0","0","0","15068000","0.00"
"025860","남해화학","주권","11","0","11","459397","0.00","106150","0","106150","4430881090","0.00"
"005720","넥센","주권","1","0","1","3563","0.03","3480","0","3480","12436890","0.03"
"005725","넥센우","주권","0","0","0","362","0.00","0","0","0","1109825","0.00"
"002350","넥센타이어","주권","7337","0","7337","53502","13.71","40450110","0","40450110","295504960","13.69"
"002355","넥센타이어1우B","주권","0","0","0","2494","0.00","0","0","0","6835655","0.00"
"251270","넷마블","주권","22875","22617","258","151270","15.12","1578939600","1561188800","17750800","10445557700","15.12"
"090350","노루페인트","주권","279","0","279","49568","0.56","2332720","0","2332720","416750900","0.56"
"090355","노루페인트우","주권","0","0","0","825","0.00","0","0","0","12353300","0.00"
"000320","노루홀딩스","주권","0","0","0","3702","0.00","0","0","0","39848750","0.00"
"000325","노루홀딩스우","주권","0","0","0","664","0.00","0","0","0","16977550","0.00"
"006280","녹십자","주권","2540","2470","70","26078","9.74","454300500","441694500","12606000","4660546000","9.75"
"005250","녹십자홀딩스","주권","568","453","115","36706","1.55","11428300","9095600","2332700","738737000","1.55"
"005257","녹십자홀딩스2우","주권","0","0","0","3568","0.00","0","0","0","203785000","0.00"
"004370","농심","주권","1200","1128","72","23999","5.00","340221500","319796500","20425000","6798669000","5.00"
"072710","농심홀딩스","주권","0","0","0","1523","0.00","0","0","0","104106100","0.00"
"058730","다스코","주권","0","0","0","964785","0.00","0","0","0","5401162550","0.00"
"030210","다올투자증권","주권","1459","0","1459","79101","1.84","6251830","0","6251830","340863505","1.83"
"023590","다우기술","주권","170","0","170","29460","0.58","3026000","0","3026000","525165350","0.58"
"145210","다이나믹디자인","주권","0","0","0","7178","0.00","0","0","0","33931150","0.00"
"019680","대교","주권","2","0","2","25938","0.01","5850","0","5850","75574360","0.01"
"019685","대교우B","주권","0","0","0","18307","0.00","0","0","0","40232575","0.00"
"006370","대구백화점","주권","0","0","0","572","0.00","0","0","0","6385550","0.00"
"008060","대덕","주권","0","0","0","69018","0.00","0","0","0","431115270","0.00"
"00806K","대덕1우","주권","0","0","0","877","0.00","0","0","0","8086640","0.00"
"353200","대덕전자","주권","214","0","214","639395","0.03","6026100","0","6026100","18173319550","0.03"
"35320K","대덕전자1우","주권","0","0","0","5198","0.00","0","0","0","63992800","0.00"
"000490","대동","주권","56","0","56","336095","0.02","641200","0","641200","3913079350","0.02"
"008110","대동전자","주권","0","0","0","17340","0.00","0","0","0","111500510","0.00"
"005750","대림B&Co","주권","1","0","1","20394","0.00","5000","0","5000","102038790","0.00"
"006570","대림통상","주권","0","0","0","858","0.00","0","0","0","3336470","0.00"
"001680","대상","주권","4281","1179","3102","54096","7.91","92112700","25392300","66720400","1166473900","7.90"
"001685","대상우","주권","0","0","0","2383","0.00","0","0","0","38020400","0.00"
"084690","대상홀딩스","주권","775","0","775","34369","2.25","6189880","0","6189880","273909040","2.26"
"084695","대상홀딩스우","주권","0","0","0","9031","0.00","0","0","0","89105370","0.00"
"128820","대성산업","주권","1","0","1","357936","0.00","5130","0","5130","1834984560","0.00"
"117580","대성에너지","주권","0","0","0","498856","0.00","0","0","0","5433351900","0.00"
"016710","대성홀딩스","주권","0","0","0","58556","0.00","0","0","0","4402772500","0.00"
"003540","대신증권","주권","1568","0","1568","34379","4.56","23363200","0","23363200","513642850","4.55"
"003547","대신증권2우B","주권","0","0","0","7728","0.00","0","0","0","102235050","0.00"
"003545","대신증권우","주권","0","0","0","40420","0.00","0","0","0","549414950","0.00"
"009190","대양금속","주권","0","0","0","263778","0.00","0","0","0","930774400","0.00"
"014160","대영포장","주권","2","0","2","408453","0.00","3300","0","3300","675676395","0.00"
"047040","대우건설","주권","105089","103313","1776","1088101","9.66","597685040","587667850","10017190","6193593420","9.65"
"009320","대우부품","주권","89","0","89","60015","0.15","161090","0","161090","109422335","0.15"
"042660","대우조선해양","주권","37479","37407","72","350601","10.69","769101900","767625900","1476000","7202846600","10.68"
"003090","대웅","주권","186","86","100","27691","0.67","5104250","2362750","2741500","760509000","0.67"
"069620","대웅제약","주권","687","582","105","39560","1.74","122803000","104023500","18779500","7041009500","1.74"
"000430","대원강업","주권","1","0","1","24107","0.00","2840","0","2840","68294255","0.00"
"006340","대원전선","주권","1","0","1","507269","0.00","1500","0","1500","763527460","0.00"
"006345","대원전선우","주권","0","0","0","6665","0.00","0","0","0","17511715","0.00"
"003220","대원제약","주권","285","0","285","233934","0.12","4959150","0","4959150","4079116750","0.12"
"024890","대원화성","주권","0","0","0","153661","0.00","0","0","0","379104330","0.00"
"002880","대유에이텍","주권","2","0","2","457086","0.00","1678","0","1678","385607139","0.00"
"000300","대유플러스","주권","2","0","2","193545","0.00","1738","0","1738","168141854","0.00"
"0003021C","대유플러스 12WR","신주인수권증권","0","0","0","90271","0.00","0","0","0","23968293","0.00"
"012800","대창","주권","2","0","2","391215","0.00","2790","0","2790","550054735","0.00"
"015230","대창단조","주권","16","0","16","211232","0.01","83840","0","83840","1118029290","0.01"
"001070","대한방직","주권","0","0","0","2335","0.00","0","0","0","115376700","0.00"
"006650","대한유화","주권","1991","1326","665","25721","7.74","258150000","171535000","86615000","3329965000","7.75"
"001440","대한전선","주권","91579","90270","1309","7923199","1.16","167806040","165399535","2406505","14489176425","1.16"
"084010","대한제강","주권","1","0","1","27451","0.00","15300","0","15300","420417400","0.00"
"001790","대한제당","주권","606","0","606","1262633","0.05","1999800","0","1999800","4137967035","0.05"
"001795","대한제당우","주권","0","0","0","174698","0.00","0","0","0","558527650","0.00"
"001130","대한제분","주권","1","0","1","12370","0.01","145000","0","145000","1754578000","0.01"
"003490","대한항공","주권","62074","8295","53779","1091128","5.69","1578680150","211138400","1367541750","27751281450","5.69"
"003495","대한항공우","주권","0","0","0","2918","0.00","0","0","0","97283900","0.00"
"005880","대한해운","주권","201","0","201","900530","0.02","492015","0","492015","2221886645","0.02"
"003830","대한화섬","주권","0","0","0","380","0.00","0","0","0","40436000","0.00"
"016090","대현","주권","10","0","10","152435","0.01","21005","0","21005","321218815","0.01"
"069460","대호에이엘","주권","1","0","1","11473402","0.00","2540","0","2540","30991409330","0.00"
"192080","더블유게임즈","주권","1403","1054","349","54964","2.55","57592800","43295500","14297300","2270251200","2.54"
"012510","더존비즈온","주권","108","0","108","116076","0.09","3898800","0","3898800","4186049950","0.09"
"004830","덕성","주권","0","0","0","82958","0.00","0","0","0","520525340","0.00"
"004835","덕성우","주권","0","0","0","21850","0.00","0","0","0","158934950","0.00"
"024900","덕양산업","주권","0","0","0","33448","0.00","0","0","0","82998105","0.00"
"145720","덴티움","주권","66","0","66","95459","0.07","5530800","0","5530800","7960571900","0.07"
"70101781","도쿄중소형오피스1","수익증권","0","0","0","0","0.00","0","0","0","0","0.00"
"002150","도화엔지니어링","주권","0","0","0","467686","0.00","0","0","0","4435358650","0.00"
"001230","동국제강","주권","6485","5475","1010","376438","1.72","83641100","70636000","13005100","4843253300","1.73"
"023450","동남합성","주권","0","0","0","630","0.00","0","0","0","37123300","0.00"
"004140","동방","주권","1","0","1","176684","0.00","2765","0","2765","490950020","0.00"
"007590","동방아그로","주권","5","0","5","16635","0.03","34500","0","34500","115238020","0.03"
"005960","동부건설","주권","379","0","379","48515","0.78","4112150","0","4112150","529796750","0.78"
"005965","동부건설우","주권","0","0","0","91","0.00","0","0","0","2312050","0.00"
"026960","동서","주권","883","833","50","33899","2.60","22804250","21521650","1282600","875648400","2.60"
"002210","동성제약","주권","0","0","0","16115","0.00","0","0","0","126752000","0.00"
"102260","동성케미컬","주권","1","0","1","48020","0.00","3975","0","3975","190953225","0.00"
"000640","동아쏘시오홀딩스","주권","8","0","8","2420","0.33","820000","0","820000","247669000","0.33"
"170900","동아에스티","주권","15","0","15","3864","0.39","881900","0","881900","227215500","0.39"
"028100","동아지질","주권","0","0","0","19279","0.00","0","0","0","323471300","0.00"
"282690","동아타이어","주권","0","0","0","5596","0.00","0","0","0","64739450","0.00"
"001520","동양","주권","149","0","149","252281","0.06","171350","0","171350","290747800","0.06"
"001527","동양2우B","주권","0","0","0","2323","0.00","0","0","0","28754500","0.00"
"001529","동양3우B","주권","0","0","0","95242","0.00","0","0","0","1560210800","0.00"
"084670","동양고속","주권","0","0","0","311","0.00","0","0","0","4867000","0.00"
"082640","동양생명","주권","912","0","912","32257","2.83","5115360","0","5115360","181514380","2.82"
"001525","동양우","주권","0","0","0","773","0.00","0","0","0","4824270","0.00"
"008970","동양철관","주권","2","0","2","1978188","0.00","2210","0","2210","2199010005","0.00"
"092780","동양피스톤","주권","0","0","0","37718","0.00","0","0","0","184798990","0.00"
"049770","동원F&B","주권","0","0","0","2675","0.00","0","0","0","408137500","0.00"
"018500","동원금속","주권","0","0","0","23185","0.00","0","0","0","20007503","0.00"
"006040","동원산업","주권","49","1","48","2033","2.41","10488500","211500","10277000","434673000","2.41"
"030720","동원수산","주권","0","0","0","24698","0.00","0","0","0","229294900","0.00"
"014820","동원시스템즈","주권","2625","2616","9","19847","13.23","137502900","137024100","478800","1045493500","13.15"
"014825","동원시스템즈우","주권","0","0","0","85","0.00","0","0","0","2681250","0.00"
"163560","동일고무벨트","주권","2","0","2","809153","0.00","15860","0","15860","6613589200","0.00"
"004890","동일산업","주권","0","0","0","5992","0.00","0","0","0","1011312500","0.00"
"002690","동일제강","주권","0","0","0","53458","0.00","0","0","0","173637790","0.00"
"000020","동화약품","주권","363","0","363","85747","0.42","3811500","0","3811500","902724300","0.42"
"000150","두산","주권","3646","3634","12","60359","6.04","251605300","250773800","831500","4168288000","6.04"
"000157","두산2우B","주권","0","0","0","2821","0.00","0","0","0","264822200","0.00"
"241560","두산밥캣","주권","2289","2210","79","330452","0.69","68038700","65736600","2302100","9731863000","0.70"
"034020","두산에너빌리티","주권","248747","248069","678","4196993","5.93","4670128000","4657212250","12915750","78678706200","5.94"
"000155","두산우","주권","0","0","0","2763","0.00","0","0","0","126559650","0.00"
"336260","두산퓨얼셀","주권","7924","7505","419","210007","3.77","240435850","227855050","12580800","6375578350","3.77"
"33626K","두산퓨얼셀1우","주권","0","0","0","7874","0.00","0","0","0","74796990","0.00"
"33626L","두산퓨얼셀2우B","주권","0","0","0","3822","0.00","0","0","0","47429900","0.00"
"016740","두올","주권","0","0","0","136522","0.00","0","0","0","381031260","0.00"
"192650","드림텍","주권","19","0","19","99272","0.02","181830","0","181830","952003370","0.02"
"024090","디씨엠","주권","0","0","0","44050","0.00","0","0","0","981422900","0.00"
"003160","디아이","주권","0","0","0","64717","0.00","0","0","0","382458970","0.00"
"092200","디아이씨","주권","0","0","0","41604","0.00","0","0","0","172488325","0.00"
"377190","디앤디플랫폼리츠","부동산투자회사","1057","0","1057","181538","0.58","4636020","0","4636020","797993695","0.58"
"013570","디와이","주권","0","0","0","291962","0.00","0","0","0","2009173340","0.00"
"210540","디와이파워","주권","0","0","0","94663","0.00","0","0","0","1215411000","0.00"
"115390","락앤락","주권","3","0","3","43090","0.01","23400","0","23400","337109230","0.01"
"032350","롯데관광개발","주권","12615","11153","1462","351301","3.59","151511950","133886050","17625900","4242489250","3.57"
"089860","롯데렌탈","주권","351","0","351","37578","0.93","12878100","0","12878100","1382533500","0.93"
"330590","롯데리츠","부동산투자회사","4459","0","4459","107819","4.14","23664870","0","23664870","573743550","4.12"
"000400","롯데손해보험","주권","119","0","119","174735","0.07","192220","0","192220","283807235","0.07"
"023530","롯데쇼핑","주권","9553","5785","3768","86853","11.00","947931600","573175600","374756000","8620453300","11.00"
"004000","롯데정밀화학","주권","30201","30156","45","173545","17.40","2105850300","2102788800","3061500","12064113100","17.46"
"286940","롯데정보통신","주권","1","0","1","11561","0.01","26450","0","26450","305225250","0.01"
"280360","롯데제과","주권","0","0","0","8692","0.00","0","0","0","1013859500","0.00"
"004990","롯데지주","주권","11018","10979","39","171357","6.43","387663650","386260600","1403050","6046805700","6.41"
"00499K","롯데지주우","주권","0","0","0","341","0.00","0","0","0","16284100","0.00"
"005300","롯데칠성","주권","2121","2115","6","26164","8.11","369915500","368874000","1041500","4548855000","8.13"
"005305","롯데칠성우","주권","0","0","0","440","0.00","0","0","0","31298100","0.00"
"011170","롯데케미칼","주권","5176","4711","465","115230","4.49","934734000","850901500","83832500","20847283500","4.48"
"002270","롯데푸드","주권","0","0","0","0","0.00","0","0","0","0","0.00"
"071840","롯데하이마트","주권","0","0","0","23142","0.00","0","0","0","388216750","0.00"
"70102B96","룩셈부르크코어오피스(파생형)(A)","수익증권","0","0","0","0","0.00","0","0","0","0","0.00"
"70103B96","룩셈부르크코어오피스(파생형)(C-I)","수익증권","0","0","0","0","0.00","0","0","0","0","0.00"
"027740","마니커","주권","1","0","1","574126","0.00","1580","0","1580","905252065","0.00"
"357430","마스턴프리미어리츠","부동산투자회사","1","0","1","18411","0.01","5010","0","5010","91672215","0.01"
"204320","만도","주권","40336","40230","106","355229","11.35","1962636700","1957572200","5064500","17224182000","11.39"
"001080","만호제강","주권","0","0","0","8156","0.00","0","0","0","186733850","0.00"
"088980","맥쿼리인프라","사회간접자본투융자회사","2067","0","2067","911341","0.23","25311200","0","25311200","11162038750","0.23"
"094800","맵스리얼티1","투자회사","1461","0","1461","34719","4.21","6603880","0","6603880","157093005","4.20"
"74401777","맵스미국11호","수익증권","0","0","0","95028","0.00","0","0","0","98853180","0.00"
"74401BAA","맵스미국16호 종류A","수익증권","0","0","0","9831","0.00","0","0","0","10184910","0.00"
"74401769","맵스미국9-2호","수익증권","0","0","0","250914","0.00","0","0","0","259250990","0.00"
"138040","메리츠금융지주","주권","14312","14256","56","72408","19.77","382583950","381091400","1492550","1937315950","19.75"
"74601669","메리츠베트남주식혼합","수익증권","0","0","0","904","0.00","0","0","0","890440","0.00"
"008560","메리츠증권","주권","55868","55419","449","764861","7.30","260581605","258503020","2078585","3569789860","7.30"
"000060","메리츠화재","주권","23944","23633","311","126897","18.87","780695250","770558950","10136300","4146476650","18.83"
"090370","메타랩스","주권","1","0","1","2033219","0.00","850","0","850","1716567811","0.00"
"017180","명문제약","주권","0","0","0","43886","0.00","0","0","0","143970190","0.00"
"009900","명신산업","주권","4787","4507","280","213635","2.24","80501800","75832350","4669450","3593142950","2.24"
"012690","모나리자","주권","0","0","0","7385994","0.00","0","0","0","26992532085","0.00"
"005360","모나미","주권","0","0","0","12068360","0.00","0","0","0","49949943165","0.00"
"204210","모두투어리츠","부동산투자회사","0","0","0","6955","0.00","0","0","0","32045690","0.00"
"009680","모토닉","주권","0","0","0","6213","0.00","0","0","0","52473770","0.00"
"009580","무림P&P","주권","1","0","1","85936","0.00","3990","0","3990","341906510","0.00"
"009200","무림페이퍼","주권","0","0","0","966658","0.00","0","0","0","2537321440","0.00"
"033920","무학","주권","0","0","0","36093","0.00","0","0","0","240930600","0.00"
"008420","문배철강","주권","0","0","0","92209","0.00","0","0","0","335454810","0.00"
"025560","미래산업","주권","1","0","1","12637","0.01","10100","0","10100","127570400","0.01"
"007120","미래아이앤지","주권","3","0","3","581115","0.00","948","0","948","183587751","0.00"
"396690","미래에셋글로벌리츠","부동산투자회사","0","0","0","28112","0.00","0","0","0","133313695","0.00"
"357250","미래에셋맵스리츠","부동산투자회사","0","0","0","17903","0.00","0","0","0","76100025","0.00"
"085620","미래에셋생명","주권","0","0","0","32997","0.00","0","0","0","102706400","0.00"
"006800","미래에셋증권","주권","146222","145583","639","838951","17.43","947469390","943342060","4127330","5437034500","17.43"
"00680K","미래에셋증권2우B","주권","0","0","0","84185","0.00","0","0","0","318513420","0.00"
"006805","미래에셋증권우","주권","0","0","0","6919","0.00","0","0","0","30285820","0.00"
"002840","미원상사","주권","0","0","0","2097","0.00","0","0","0","366010500","0.00"
"268280","미원에스씨","주권","0","0","0","1026","0.00","0","0","0","201247500","0.00"
"107590","미원홀딩스","주권","0","0","0","157","0.00","0","0","0","20832500","0.00"
"134380","미원화학","주권","0","0","0","222","0.00","0","0","0","14683700","0.00"
"003650","미창석유","주권","0","0","0","310","0.00","0","0","0","25005700","0.00"
"70101B95","밀라노부동산","수익증권","0","0","0","0","0.00","0","0","0","0","0.00"
"155900","바다로19호","선박투자회사","0","0","0","10235","0.00","0","0","0","34209570","0.00"
"003610","방림","주권","0","0","0","34699","0.00","0","0","0","100706965","0.00"
"001340","백광산업","주권","1","0","1","226497","0.00","4320","0","4320","983276640","0.00"
"035150","백산","주권","0","0","0","152866","0.00","0","0","0","1418751940","0.00"
"002410","범양건영","주권","0","0","0","1252302","0.00","0","0","0","5962847930","0.00"
"096300","베트남개발1","투자회사","0","0","0","33993","0.00","0","0","0","6939093","0.00"
"70101B96","벨기에코어오피스2호","수익증권","0","0","0","0","0.00","0","0","0","0","0.00"
"70101786","벨기에코어오피스부동산(A)","수익증권","0","0","0","249","0.00","0","0","0","238387","0.00"
"70102786","벨기에코어오피스부동산(C-I)","수익증권","0","0","0","0","0.00","0","0","0","0","0.00"
"007210","벽산","주권","1","0","1","202175","0.00","2740","0","2740","556255295","0.00"
"002760","보락","주권","1","0","1","359258","0.00","1695","0","1695","609316895","0.00"
"003850","보령","주권","1851","1609","242","61552","3.01","19418000","16865350","2552650","645092850","3.01"
"000890","보해양조","주권","2","0","2","208152","0.00","1452","0","1452","151011671","0.00"
"003000","부광약품","주권","579","0","579","220643","0.26","5089340","0","5089340","1923912970","0.26"
"001270","부국증권","주권","0","0","0","4196","0.00","0","0","0","89034250","0.00"
"001275","부국증권우","주권","0","0","0","578","0.00","0","0","0","11568850","0.00"
"026940","부국철강","주권","0","0","0","47957","0.00","0","0","0","172996380","0.00"
"011390","부산산업","주권","0","0","0","38648","0.00","0","0","0","3478781600","0.00"
"005030","부산주공","주권","0","0","0","47379466","0.00","0","0","0","46270716433","0.00"
"002070","비비안","주권","0","0","0","259988","0.00","0","0","0","449651320","0.00"
"100220","비상교육","주권","0","0","0","30027","0.00","0","0","0","182305630","0.00"
"030790","비케이탑스","주권","0","0","0","0","0.00","0","0","0","0","0.00"
"005180","빙그레","주권","0","0","0","6797","0.00","0","0","0","318809500","0.00"
"003960","사조대림","주권","0","0","0","11155","0.00","0","0","0","273720700","0.00"
"008040","사조동아원","주권","3","0","3","14727759","0.00","4800","0","4800","23652260590","0.00"
"007160","사조산업","주권","0","0","0","2208","0.00","0","0","0","99122800","0.00"
"014710","사조씨푸드","주권","0","0","0","88592","0.00","0","0","0","452271990","0.00"
"006090","사조오양","주권","4","0","4","7691","0.05","36480","0","36480","70545250","0.05"
"001470","삼부토건","주권","3","0","3","8013401","0.00","6495","0","6495","17614323100","0.00"
"006400","삼성SDI","주권","13756","13290","466","236160","5.82","7417321000","7163587000","253734000","127951692000","5.80"
"006405","삼성SDI우","주권","0","0","0","1189","0.00","0","0","0","328262500","0.00"
"006660","삼성공조","주권","0","0","0","5348","0.00","0","0","0","56346500","0.00"
"028260","삼성물산","주권","16447","13642","2805","316439","5.20","1885104500","1565613000","319491500","36255245000","5.20"
"02826K","삼성물산우B","주권","0","0","0","1343","0.00","0","0","0","139883000","0.00"
"207940","삼성바이오로직스","주권","982","729","253","48501","2.02","802790000","596146000","206644000","39635849000","2.03"
"032830","삼성생명","주권","5272","4977","295","190868","2.76","315266900","297653100","17613800","11428727300","2.76"
"018260","삼성에스디에스","주권","5946","5884","62","85622","6.94","795857000","787476000","8381000","11445192500","6.95"
"028050","삼성엔지니어링","주권","55709","55083","626","1241192","4.49","1153395850","1140514450","12881400","25818714750","4.47"
"009150","삼성전기","주권","32120","31879","241","602772","5.33","4315508000","4282821500","32686500","81077110000","5.32"
"009155","삼성전기우","주권","0","0","0","3583","0.00","0","0","0","267113400","0.00"
"005930","삼성전자","주권","124958","105886","19072","15339271","0.81","7356385000","6236879800","1119505200","902198939736","0.82"
"005935","삼성전자우","주권","1030","0","1030","790298","0.13","55619600","0","55619600","42485789200","0.13"
"001360","삼성제약","주권","126","0","126","203892","0.06","420190","0","420190","677526770","0.06"
"010140","삼성중공업","주권","109043","89090","19953","4341690","2.51","605335060","494242610","111092450","24081645620","2.51"
"010145","삼성중공우","주권","0","0","0","547","0.00","0","0","0","124756000","0.00"
"016360","삼성증권","주권","9316","8871","445","234062","3.98","313375450","298402700","14972750","7879595200","3.98"
"068290","삼성출판사","주권","0","0","0","382123","0.00","0","0","0","10106149700","0.00"
"029780","삼성카드","주권","1947","1905","42","51335","3.79","59519550","58244850","1274700","1565692800","3.80"
"000810","삼성화재","주권","19439","16743","2696","136612","14.23","3812784000","3285247500","527536500","26654805500","14.30"
"000815","삼성화재우","주권","0","0","0","3490","0.00","0","0","0","539738500","0.00"
"006110","삼아알미늄","주권","0","0","0","22773","0.00","0","0","0","389761900","0.00"
"145990","삼양사","주권","1","0","1","14052","0.01","41250","0","41250","578615000","0.01"
"145995","삼양사우","주권","0","0","0","59","0.00","0","0","0","1935700","0.00"
"003230","삼양식품","주권","41","0","41","125502","0.03","4202500","0","4202500","12784796500","0.03"
"002170","삼양통상","주권","0","0","0","1048","0.00","0","0","0","55287100","0.00"
"272550","삼양패키징","주권","0","0","0","7072","0.00","0","0","0","121463150","0.00"
"000070","삼양홀딩스","주권","1208","1201","7","14178","8.52","89202600","88690500","512100","1045503700","8.53"
"000075","삼양홀딩스우","주권","0","0","0","41","0.00","0","0","0","2457200","0.00"
"002810","삼영무역","주권","0","0","0","3467","0.00","0","0","0","46231200","0.00"
"005680","삼영전자","주권","6","0","6","17223","0.03","62100","0","62100","179262550","0.03"
"003720","삼영화학","주권","0","0","0","58665","0.00","0","0","0","145206090","0.00"
"023000","삼원강재","주권","0","0","0","12108","0.00","0","0","0","30998720","0.00"
"004380","삼익THK","주권","0","0","0","58660","0.00","0","0","0","716473100","0.00"
"002450","삼익악기","주권","2","0","2","110011","0.00","2810","0","2810","155069145","0.00"
"004440","삼일씨엔에스","주권","0","0","0","11704","0.00","0","0","0","87931220","0.00"
"000520","삼일제약","주권","0","0","0","56584","0.00","0","0","0","442637170","0.00"
"009770","삼정펄프","주권","0","0","0","4335","0.00","0","0","0","113211750","0.00"
"005500","삼진제약","주권","3","0","3","21174","0.01","73650","0","73650","520947000","0.01"
"004690","삼천리","주권","109","0","109","32495","0.34","19840000","0","19840000","5956004000","0.33"
"010960","삼호개발","주권","0","0","0","48699","0.00","0","0","0","194199665","0.00"
"004450","삼화왕관","주권","0","0","0","6313","0.00","0","0","0","233563800","0.00"
"009470","삼화전기","주권","0","0","0","7238","0.00","0","0","0","133751950","0.00"
"011230","삼화전자","주권","0","0","0","46600","0.00","0","0","0","139100465","0.00"
"001820","삼화콘덴서","주권","41","0","41","15169","0.27","1627900","0","1627900","605428000","0.27"
"000390","삼화페인트","주권","0","0","0","14178","0.00","0","0","0","94790290","0.00"
"001290","상상인증권","주권","0","0","0","63978","0.00","0","0","0","61284424","0.00"
"041650","상신브레이크","주권","10","0","10","9612","0.10","32600","0","32600","31442825","0.10"
"075180","새론오토모티브","주권","0","0","0","1883","0.00","0","0","0","9026910","0.00"
"007540","샘표","주권","0","0","0","70434","0.00","0","0","0","4046844100","0.00"
"248170","샘표식품","주권","0","0","0","11627","0.00","0","0","0","418368200","0.00"
"007860","서연","주권","88","0","88","82061","0.11","642260","0","642260","596344030","0.11"
"200880","서연이화","주권","1","0","1","166695","0.00","8130","0","8130","1368414660","0.00"
"017390","서울가스","주권","0","0","0","5569","0.00","0","0","0","1350031500","0.00"
"004410","서울식품","주권","57","0","57","2306233","0.00","14680","0","14680","595122989","0.00"
"004415","서울식품우","주권","0","0","0","8748","0.00","0","0","0","28332445","0.00"
"021050","서원","주권","1","0","1","132902","0.00","1390","0","1390","186954935","0.00"
"008490","서흥","주권","11","0","11","16535","0.07","349800","0","349800","528876150","0.07"
"007610","선도전기","주권","0","0","0","0","0.00","0","0","0","0","0.00"
"136490","선진","주권","5","0","5","117145","0.00","50750","0","50750","1174884300","0.00"
"014910","성문전자","주권","0","0","0","96311","0.00","0","0","0","171774495","0.00"
"014915","성문전자우","주권","0","0","0","92","0.00","0","0","0","759660","0.00"
"003080","성보화학","주권","0","0","0","167143","0.00","0","0","0","602998595","0.00"
"004980","성신양회","주권","0","0","0","147641","0.00","0","0","0","1397760090","0.00"
"004985","성신양회우","주권","0","0","0","11292","0.00","0","0","0","150390900","0.00"
"011300","성안","주권","0","0","0","1551004","0.00","0","0","0","918741204","0.00"
"000180","성창기업지주","주권","1","0","1","85380","0.00","2000","0","2000","170941790","0.00"
"002420","세기상사","주권","0","0","0","4366","0.00","0","0","0","36567570","0.00"
"004360","세방","주권","0","0","0","20578","0.00","0","0","0","212193200","0.00"
"004365","세방우","주권","0","0","0","88","0.00","0","0","0","595880","0.00"
"004490","세방전지","주권","3394","3313","81","30393","11.17","173600700","169465500","4135200","1562575400","11.11"
"001430","세아베스틸지주","주권","1129","0","1129","46051","2.45","17138250","0","17138250","707936400","2.42"
"306200","세아제강","주권","0","0","0","14766","0.00","0","0","0","2252057000","0.00"
"003030","세아제강지주","주권","1","0","1","22481","0.00","128000","0","128000","2927258500","0.00"
"019440","세아특수강","주권","0","0","0","5696","0.00","0","0","0","79809900","0.00"
"058650","세아홀딩스","주권","0","0","0","43","0.00","0","0","0","4085600","0.00"
"013000","세우글로벌","주권","0","0","0","462221","0.00","0","0","0","759279285","0.00"
"091090","세원이앤씨","주권","3","0","3","1049805","0.00","1911","0","1911","663573540","0.00"
"021820","세원정공","주권","0","0","0","0","0.00","0","0","0","0","0.00"
"067830","세이브존I&C","주권","5","0","5","26176","0.02","14475","0","14475","75092860","0.02"
"033530","세종공업","주권","78","0","78","25520","0.31","420420","0","420420","137780620","0.31"
"075580","세진중공업","주권","1","0","1","203728","0.00","5790","0","5790","1184513080","0.00"
"027970","세하","주권","0","0","0","48784","0.00","0","0","0","64145495","0.00"
"308170","센트랄모텍","주권","0","0","0","28655","0.00","0","0","0","368282750","0.00"
"012600","센트럴인사이트","주권","0","0","0","0","0.00","0","0","0","0","0.00"
"068270","셀트리온","주권","77995","22784","55211","755595","10.32","14122253500","4149849500","9972404000","137186065500","10.29"
"336370","솔루스첨단소재","주권","418","0","418","121541","0.34","18297200","0","18297200","5288954050","0.35"
"33637K","솔루스첨단소재1우","주권","0","0","0","7170","0.00","0","0","0","75759050","0.00"
"33637L","솔루스첨단소재2우B","주권","0","0","0","1316","0.00","0","0","0","18056050","0.00"
"248070","솔루엠","주권","10","0","10","58073","0.02","194000","0","194000","1130938800","0.02"
"004430","송원산업","주권","14","0","14","219196","0.01","277600","0","277600","4400364250","0.01"
"017550","수산중공업","주권","1","0","1","1475847","0.00","3205","0","3205","4776553725","0.00"
"053210","스카이라이프","주권","227","0","227","239611","0.09","2057580","0","2057580","2136584900","0.10"
"026890","스틱인베스트먼트","주권","478","0","478","171349","0.28","3495590","0","3495590","1257053680","0.28"
"134790","시디즈","주권","0","0","0","285362","0.00","0","0","0","15951941400","0.00"
"016590","신대양제지","주권","0","0","0","414","0.00","0","0","0","35991900","0.00"
"029530","신도리코","주권","0","0","0","3956","0.00","0","0","0","123766000","0.00"
"004970","신라교역","주권","0","0","0","9040","0.00","0","0","0","94089100","0.00"
"011930","신성이엔지","주권","177","0","177","1289127","0.01","342495","0","342495","2491060350","0.01"
"005390","신성통상","주권","64","0","64","6650484","0.00","188480","0","188480","19892138520","0.00"
"004170","신세계","주권","530","328","202","31949","1.66","115863000","71628000","44235000","6992916000","1.66"
"035510","신세계 I&C","주권","0","0","0","48039","0.00","0","0","0","665980450","0.00"
"034300","신세계건설","주권","0","0","0","4186","0.00","0","0","0","106958850","0.00"
"031430","신세계인터내셔날","주권","2267","2145","122","93660","2.42","68122750","64465350","3657400","2809547100","2.42"
"031440","신세계푸드","주권","0","0","0","2910","0.00","0","0","0","168917300","0.00"
"006880","신송홀딩스","주권","0","0","0","1368692","0.00","0","0","0","17739262250","0.00"
"005800","신영와코루","주권","7","0","7","2384","0.29","81200","0","81200","27431650","0.30"
"001720","신영증권","주권","0","0","0","6132","0.00","0","0","0","338788300","0.00"
"001725","신영증권우","주권","0","0","0","242","0.00","0","0","0","13667500","0.00"
"009270","신원","주권","0","0","0","687228","0.00","0","0","0","1139402235","0.00"
"009275","신원우","주권","0","0","0","55897","0.00","0","0","0","804629750","0.00"
"002700","신일전자","주권","1","0","1","1048107","0.00","2205","0","2205","2315743445","0.00"
"019170","신풍제약","주권","34091","33908","183","542269","6.29","834798200","830303900","4494300","13262391050","6.29"
"019175","신풍제약우","주권","0","0","0","11898","0.00","0","0","0","554978600","0.00"
"002870","신풍제지","주권","0","0","0","83088","0.00","0","0","0","131675785","0.00"
"72501BB4","신한국민참여정책형뉴딜혼합자산(종A1)","수익증권","0","0","0","0","0.00","0","0","0","0","0.00"
"72502BB4","신한국민참여정책형뉴딜혼합자산(종C1)","수익증권","0","0","0","0","0.00","0","0","0","0","0.00"
"72502BBC","신한국민참여정책형뉴딜혼합자산2호 A1","수익증권","0","0","0","0","0.00","0","0","0","0","0.00"
"72501BBC","신한국민참여정책형뉴딜혼합자산2호 C1","수익증권","0","0","0","0","0.00","0","0","0","0","0.00"
"404990","신한서부티엔디리츠","부동산투자회사","911","0","911","63951","1.42","4573220","0","4573220","318789150","1.43"
"72501BA2","신한소재부품장비A1","수익증권","0","0","0","0","0.00","0","0","0","0","0.00"
"72502BA2","신한소재부품장비C1","수익증권","0","0","0","0","0.00","0","0","0","0","0.00"
"293940","신한알파리츠","부동산투자회사","1162","0","1162","44446","2.61","9004790","0","9004790","345641680","2.61"
"055550","신한지주","주권","82505","74447","8058","1698774","4.86","2975116850","2684274400","290842450","60784956350","4.89"
"004080","신흥","주권","0","0","0","4694","0.00","0","0","0","75929900","0.00"
"102280","쌍방울","주권","47","0","47","7133133","0.00","25888","0","25888","3924563708","0.00"
"003410","쌍용C&E","주권","24980","24523","457","492990","5.07","162752190","159779750","2972440","3207807330","5.07"
"003620","쌍용차","주권","0","0","0","0","0.00","0","0","0","0","0.00"
"004770","써니전자","주권","0","0","0","3884193","0.00","0","0","0","10660432130","0.00"
"015540","쎌마테라퓨틱스","주권","0","0","0","0","0.00","0","0","0","0","0.00"
"004920","씨아이테크","주권","0","0","0","713041","0.00","0","0","0","881289700","0.00"
"112610","씨에스윈드","주권","13763","13717","46","243524","5.65","678713600","676460600","2253000","12042622750","5.64"
"008700","아남전자","주권","1","0","1","1380767","0.00","2375","0","2375","3294767530","0.00"
"002790","아모레G","주권","2966","2423","543","68752","4.31","112784450","92231700","20552750","2613033100","4.32"
"00279K","아모레G3우(전환)","주권","3","0","3","610","0.49","95850","0","95850","19449000","0.49"
"002795","아모레G우","주권","0","0","0","3666","0.00","0","0","0","52904350","0.00"
"090430","아모레퍼시픽","주권","9778","9131","647","128173","7.63","1307043000","1220345000","86698000","17142271000","7.62"
"090435","아모레퍼시픽우","주권","0","0","0","13550","0.00","0","0","0","678513858","0.00"
"002030","아세아","주권","0","0","0","5388","0.00","0","0","0","620676500","0.00"
"183190","아세아시멘트","주권","14","0","14","306397","0.00","156300","0","156300","3375806900","0.00"
"002310","아세아제지","주권","0","0","0","10497","0.00","0","0","0","353819900","0.00"
"012170","아센디오","주권","0","0","0","1257811","0.00","0","0","0","1624793430","0.00"
"267850","아시아나IDT","주권","0","0","0","7002","0.00","0","0","0","99470950","0.00"
"020560","아시아나항공","주권","1901","39","1862","216568","0.88","29180950","600600","28580350","3328199300","0.88"
"122900","아이마켓코리아","주권","472","0","472","37546","1.26","4835000","0","4835000","384199300","1.26"
"010780","아이에스동서","주권","9498","9383","115","145375","6.53","388473800","383833000","4640800","5920091450","6.56"
"139990","아주스틸","주권","0","0","0","38846","0.00","0","0","0","409588700","0.00"
"001780","알루코","주권","2","0","2","2978532","0.00","5920","0","5920","9049704145","0.00"
"018250","애경산업","주권","1","0","1","7906","0.01","14450","0","14450","115154300","0.01"
"161000","애경케미칼","주권","656","0","656","49777","1.32","5418560","0","5418560","413838100","1.31"
"011090","에넥스","주권","1","0","1","305404","0.00","1375","0","1375","419731670","0.00"
"137310","에스디바이오센서","주권","160489","160221","268","1695360","9.47","7274306650","7261993550","12313100","78189764200","9.30"
"005850","에스엘","주권","3080","2838","242","91968","3.35","89303050","82298750","7004300","2669248800","3.35"
"010580","에스엠벡셀","주권","0","0","0","0","0.00","0","0","0","0","0.00"
"012750","에스원","주권","6343","4065","2278","43109","14.71","405310600","259651300","145659300","2750901800","14.73"
"023960","에쓰씨엔지니어링","주권","0","0","0","77574","0.00","0","0","0","184649665","0.00"
"298690","에어부산","주권","4","0","4","420578","0.00","5980","0","5980","622018650","0.00"
"140910","에이리츠","부동산투자회사","0","0","0","3157","0.00","0","0","0","17627840","0.00"
"078520","에이블씨엔씨","주권","499","0","499","17299","2.88","2639450","0","2639450","92417720","2.86"
"015260","에이엔피","주권","0","0","0","135374","0.00","0","0","0","333278600","0.00"
"007460","에이프로젠 MED","주권","103","0","103","11004059","0.00","164800","0","164800","17048485920","0.00"
"003060","에이프로젠제약","주권","0","0","0","428917","0.00","0","0","0","256755111","0.00"
"244920","에이플러스에셋","주권","0","0","0","783991","0.00","0","0","0","4855072650","0.00"
"036570","엔씨소프트","주권","22388","22314","74","98436","22.74","8377886500","8350122500","27764000","36844076500","22.74"
"380440","엔에이치스팩19호","주권","0","0","0","86390","0.00","0","0","0","181766600","0.00"
"085310","엔케이","주권","1","0","1","75409","0.00","871","0","871","66026254","0.00"
"900140","엘브이엠씨홀딩스","외국주권","0","0","0","184424","0.00","0","0","0","537747230","0.00"
"097520","엠씨넥스","주권","4","0","4","36595","0.01","124200","0","124200","1144106850","0.01"
"014440","영보화학","주권","7","0","7","20917","0.03","25375","0","25375","75692960","0.03"
"111770","영원무역","주권","3673","3614","59","90101","4.08","146249700","143891250","2358450","3590806250","4.07"
"009970","영원무역홀딩스","주권","4","0","4","11968","0.03","189300","0","189300","567209300","0.03"
"003520","영진약품","주권","174","0","174","227439","0.08","619325","0","619325","807459525","0.08"
"000670","영풍","주권","8","7","1","1342","0.60","4109000","3603000","506000","691044000","0.59"
"006740","영풍제지","주권","0","0","0","119442","0.00","0","0","0","863955200","0.00"
"012280","영화금속","주권","0","0","0","166153","0.00","0","0","0","183030715","0.00"
"012160","영흥","주권","0","0","0","104184","0.00","0","0","0","81751618","0.00"
"015360","예스코홀딩스","주권","0","0","0","2588","0.00","0","0","0","89620400","0.00"
"007310","오뚜기","주권","62","59","3","2256","2.75","26961000","25664500","1296500","981958000","2.75"
"002630","오리엔트바이오","주권","0","0","0","196400","0.00","0","0","0","149338358","0.00"
"271560","오리온","주권","394","358","36","118773","0.33","42389000","38520500","3868500","12680959500","0.33"
"001800","오리온홀딩스","주권","4619","3548","1071","65155","7.09","69516300","53496500","16019800","980926400","7.09"
"011690","와이투솔루션","주권","0","0","0","1032521","0.00","0","0","0","827456552","0.00"
"070960","용평리조트","주권","873","0","873","30630","2.85","3497825","0","3497825","123296780","2.84"
"316140","우리금융지주","주권","29826","27510","2316","1963281","1.52","345306600","318597000","26709600","22766993450","1.52"
"010050","우리종금","주권","178","0","178","1248359","0.01","157708","0","157708","1105766427","0.01"
"006980","우성","주권","0","0","0","12277","0.00","0","0","0","305823950","0.00"
"017370","우신시스템","주권","0","0","0","36052","0.00","0","0","0","89624895","0.00"
"105840","우진","주권","30","0","30","1126613","0.00","361500","0","361500","13608170650","0.00"
"010400","우진아이엔에스","주권","0","0","0","5655","0.00","0","0","0","34116610","0.00"
"049800","우진플라임","주권","0","0","0","27525","0.00","0","0","0","92049225","0.00"
"016880","웅진","주권","1","0","1","361435","0.00","1400","0","1400","507438130","0.00"
"095720","웅진씽크빅","주권","2","0","2","136027","0.00","4730","0","4730","321514915","0.00"
"005820","원림","주권","0","0","0","5633","0.00","0","0","0","129209400","0.00"
"010600","웰바이오텍","주권","0","0","0","583196","0.00","0","0","0","942072860","0.00"
"008600","윌비스","주권","1","0","1","169483","0.00","933","0","933","158793370","0.00"
"75601BA2","유경공모부동산3호ClassA","수익증권","0","0","0","0","0.00","0","0","0","0","0.00"
"75602BA2","유경공모부동산3호ClassC-I","수익증권","0","0","0","0","0.00","0","0","0","0","0.00"
"033270","유나이티드제약","주권","18","0","18","51259","0.04","415800","0","415800","1195540900","0.03"
"014830","유니드","주권","24","0","24","87134","0.03","2135500","0","2135500","7799233500","0.03"
"000910","유니온","주권","0","0","0","382143","0.00","0","0","0","2235658110","0.00"
"047400","유니온머티리얼","주권","0","0","0","302962","0.00","0","0","0","675544805","0.00"
"011330","유니켐","주권","0","0","0","117760","0.00","0","0","0","141034400","0.00"
"077500","유니퀘스트","주권","641","0","641","74595","0.86","5769000","0","5769000","669292240","0.86"
"002920","유성기업","주권","0","0","0","11580","0.00","0","0","0","32742320","0.00"
"000700","유수홀딩스","주권","0","0","0","10638","0.00","0","0","0","62816740","0.00"
"003470","유안타증권","주권","0","0","0","210125","0.00","0","0","0","559262305","0.00"
"003475","유안타증권우","주권","0","0","0","3013","0.00","0","0","0","8732445","0.00"
"072130","유엔젤","주권","0","0","0","45518","0.00","0","0","0","143942150","0.00"
"000220","유유제약","주권","0","0","0","64084","0.00","0","0","0","416217900","0.00"
"000225","유유제약1우","주권","0","0","0","7308","0.00","0","0","0","63837960","0.00"
"000227","유유제약2우B","주권","0","0","0","98","0.00","0","0","0","1669900","0.00"
"001200","유진투자증권","주권","0","0","0","127868","0.00","0","0","0","335586415","0.00"
"000100","유한양행","주권","12195","11523","672","160345","7.61","696737300","658256200","38481100","9157553400","7.61"
"000105","유한양행우","주권","0","0","0","105","0.00","0","0","0","5787400","0.00"
"003460","유화증권","주권","0","0","0","5685","0.00","0","0","0","13308120","0.00"
"003465","유화증권우","주권","0","0","0","0","0.00","0","0","0","0","0.00"
"008730","율촌화학","주권","173","0","173","19334","0.89","3304900","0","3304900","368576700","0.90"
"008250","이건산업","주권","0","0","0","92647","0.00","0","0","0","812768250","0.00"
"025820","이구산업","주권","0","0","0","260333","0.00","0","0","0","786294640","0.00"
"214320","이노션","주권","14","0","14","24306","0.06","641900","0","641900","1100641700","0.06"
"088260","이리츠코크렙","부동산투자회사","1000","0","1000","55549","1.80","5770660","0","5770660","320664080","1.80"
"139480","이마트","주권","6767","6648","119","76307","8.87","722489500","709796000","12693500","8147409500","8.87"
"007660","이수페타시스","주권","21","0","21","522204","0.00","144430","0","144430","3605571660","0.00"
"005950","이수화학","주권","0","0","0","279977","0.00","0","0","0","4077877000","0.00"
"015020","이스타코","주권","1","0","1","251766","0.00","1280","0","1280","323250310","0.00"
"093230","이아이디","주권","2","0","2","521005","0.00","2580","0","2580","675399465","0.00"
"074610","이엔플러스","주권","1","0","1","180148","0.00","3080","0","3080","553121190","0.00"
"102460","이연제약","주권","16","0","16","71092","0.02","372300","0","372300","1653699350","0.02"
"084680","이월드","주권","3","0","3","118625","0.00","5400","0","5400","213413205","0.00"
"74701789","이지스204호 Class A","수익증권","0","0","0","0","0.00","0","0","0","0","0.00"
"74701B8A","이지스229호 Class A","수익증권","0","0","0","5","0.00","0","0","0","4440","0.00"
"74702B8A","이지스229호 Class C-I","수익증권","0","0","0","0","0.00","0","0","0","0","0.00"
"74701B9A","이지스299호A","수익증권","0","0","0","0","0.00","0","0","0","0","0.00"
"74701B97","이지스글로벌281호 Class A","수익증권","0","0","0","1","0.00","0","0","0","1020","0.00"
"350520","이지스레지던스리츠","부동산투자회사","0","0","0","17647","0.00","0","0","0","85502355","0.00"
"74702786","이지스리테일194호","수익증권","0","0","0","0","0.00","0","0","0","0","0.00"
"334890","이지스밸류리츠","부동산투자회사","0","0","0","36551","0.00","0","0","0","187448950","0.00"
"74701776","이지스코어부동산126호 A","수익증권","0","0","0","0","0.00","0","0","0","0","0.00"
"74702776","이지스코어부동산126호 C-i","수익증권","0","0","0","0","0.00","0","0","0","0","0.00"
"000760","이화산업","주권","0","0","0","805","0.00","0","0","0","12008450","0.00"
"014990","인디에프","주권","1","0","1","23917","0.00","780","0","780","18656951","0.00"
"101140","인바이오젠","주권","1","0","1","298546","0.00","1835","0","1835","545029855","0.00"
"006490","인스코비","주권","981","0","981","206222","0.48","2153295","0","2153295","453223775","0.48"
"023800","인지컨트롤스","주권","45","0","45","25643","0.18","327200","0","327200","190200040","0.17"
"034590","인천도시가스","주권","0","0","0","424","0.00","0","0","0","10584100","0.00"
"129260","인터지스","주권","0","0","0","36316","0.00","0","0","0","102265195","0.00"
"023810","인팩","주권","0","0","0","21575","0.00","0","0","0","183701270","0.00"
"249420","일동제약","주권","114","0","114","3431679","0.00","3687900","0","3687900","112023930100","0.00"
"000230","일동홀딩스","주권","166","0","166","2019412","0.01","3909300","0","3909300","48642652650","0.01"
"013360","일성건설","주권","1","0","1","638660","0.00","3625","0","3625","2329359370","0.00"
"003120","일성신약","주권","0","0","0","231","0.00","0","0","0","17835700","0.00"
"003200","일신방직","주권","0","0","0","2376","0.00","0","0","0","228328900","0.00"
"007110","일신석재","주권","1","0","1","171460","0.00","1395","0","1395","240038815","0.00"
"007570","일양약품","주권","28","0","28","57672","0.05","646150","0","646150","1331514850","0.05"
"007575","일양약품우","주권","0","0","0","1301","0.00","0","0","0","33465350","0.00"
"008500","일정실업","주권","0","0","0","1598","0.00","0","0","0","29356850","0.00"
"081000","일진다이아","주권","11","0","11","17224","0.06","212250","0","212250","329898800","0.06"
"020760","일진디스플","주권","1","0","1","445040","0.00","2140","0","2140","957552045","0.00"
"020150","일진머티리얼즈","주권","23554","23033","521","287667","8.19","1644338400","1607641200","36697200","20179153300","8.15"
"103590","일진전기","주권","15","0","15","1308261","0.00","104700","0","104700","9229988600","0.00"
"271940","일진하이솔루스","주권","2828","2700","128","66515","4.25","91483700","87369600","4114100","2145994750","4.26"
"015860","일진홀딩스","주권","1","0","1","1162129","0.00","6290","0","6290","7421831710","0.00"
"226320","잇츠한불","주권","325","0","325","19280","1.69","5299250","0","5299250","316971400","1.67"
"317400","자이에스앤디","주권","0","0","0","109931","0.00","0","0","0","653441840","0.00"
"033240","자화전자","주권","0","0","0","171471","0.00","0","0","0","4187948500","0.00"
"000950","전방","주권","0","0","0","2469","0.00","0","0","0","138925200","0.00"
"348950","제이알글로벌리츠","부동산투자회사","29815","0","29815","2095737","1.42","134149195","0","134149195","9453656615","1.42"
"194370","제이에스코퍼레이션","주권","19","0","19","528161","0.00","332500","0","332500","9279150100","0.00"
"025620","제이준코스메틱","주권","1","0","1","363551","0.00","967","0","967","349838806","0.00"
"030000","제일기획","주권","20399","15504","4895","230647","8.84","481212450","365649050","115563400","5395640750","8.92"
"271980","제일약품","주권","12","0","12","15838","0.08","253200","0","253200","334054100","0.08"
"001560","제일연마","주권","0","0","0","16489","0.00","0","0","0","149257190","0.00"
"002620","제일파마홀딩스","주권","0","0","0","14652","0.00","0","0","0","175573700","0.00"
"006220","제주은행","주권","0","0","0","45208","0.00","0","0","0","198681860","0.00"
"089590","제주항공","주권","796","0","796","183365","0.43","12566950","0","12566950","2891438050","0.43"
"004910","조광페인트","주권","0","0","0","15334","0.00","0","0","0","94645370","0.00"
"004700","조광피혁","주권","0","0","0","2209","0.00","0","0","0","93565000","0.00"
"001550","조비","주권","0","0","0","29615","0.00","0","0","0","576809000","0.00"
"000480","조선내화","주권","0","0","0","956","0.00","0","0","0","75131800","0.00"
"120030","조선선재","주권","0","0","0","124035","0.00","0","0","0","19353646000","0.00"
"018470","조일알미늄","주권","2","0","2","919849","0.00","3220","0","3220","1485731345","0.00"
"002600","조흥","주권","0","0","0","78","0.00","0","0","0","13596500","0.00"
"185750","종근당","주권","1100","1053","47","12575","8.75","98422900","94194200","4228700","1125241000","8.75"
"063160","종근당바이오","주권","0","0","0","19536","0.00","0","0","0","563979400","0.00"
"001630","종근당홀딩스","주권","0","0","0","5744","0.00","0","0","0","323490100","0.00"
"044380","주연테크","주권","1","0","1","106171","0.00","815","0","815","86546464","0.00"
"013890","지누스","주권","3399","3374","25","23446","14.50","171290800","170032800","1258000","1180833000","14.51"
"013870","지엠비코리아","주권","0","0","0","21381","0.00","0","0","0","116746150","0.00"
"071320","지역난방공사","주권","0","0","0","937","0.00","0","0","0","29123350","0.00"
"035000","지투알","주권","5","0","5","2065","0.24","29000","0","29000","12033530","0.24"
"088790","진도","주권","0","0","0","48674","0.00","0","0","0","142941575","0.00"
"003780","진양산업","주권","0","0","0","70837","0.00","0","0","0","522952280","0.00"
"010640","진양폴리","주권","0","0","0","100320","0.00","0","0","0","579069280","0.00"
"100250","진양홀딩스","주권","1","0","1","39363","0.00","3630","0","3630","142659075","0.00"
"051630","진양화학","주권","0","0","0","19430","0.00","0","0","0","73110340","0.00"
"272450","진에어","주권","878","0","878","181593","0.48","12857050","0","12857050","2659306400","0.48"
"011000","진원생명과학","주권","540","0","540","707148","0.08","6048000","0","6048000","7903672000","0.08"
"002780","진흥기업","주권","3","0","3","928533","0.00","5100","0","5100","1573480680","0.00"
"002787","진흥기업2우B","주권","0","0","0","369","0.00","0","0","0","5343950","0.00"
"002785","진흥기업우B","주권","0","0","0","2589","0.00","0","0","0","13807180","0.00"
"009310","참엔지니어링","주권","0","0","0","163091","0.00","0","0","0","135702455","0.00"
"000650","천일고속","주권","0","0","0","83","0.00","0","0","0","5235900","0.00"
"033250","체시스","주권","0","0","0","89043","0.00","0","0","0","90919415","0.00"
"118000","초록뱀헬스케어","주권","0","0","0","129625","0.00","0","0","0","126260561","0.00"
"035720","카카오","주권","203505","202854","651","1418763","14.34","14745487500","14697524500","47963000","103036162300","14.31"
"323410","카카오뱅크","주권","124837","116466","8371","845872","14.76","3932447800","3668726800","263721000","26661223200","14.75"
"377300","카카오페이","주권","62983","62852","131","365584","17.23","4138688300","4129890300","8798000","24152422700","17.14"
"006380","카프로","주권","34","0","34","103931","0.03","97920","0","97920","299390305","0.03"
"109070","컨버즈","주권","0","0","0","0","0.00","0","0","0","0","0.00"
"001620","케이비아이동국실업","주권","1","0","1","60465","0.00","601","0","601","36350727","0.00"
"029460","케이씨","주권","0","0","0","179678","0.00","0","0","0","3561508200","0.00"
"281820","케이씨텍","주권","0","0","0","22523","0.00","0","0","0","402984600","0.00"
"381970","케이카","주권","14866","14833","33","97058","15.32","298899900","298233600","666300","1952039900","15.31"
"145270","케이탑리츠","부동산투자회사","0","0","0","195640","0.00","0","0","0","210253280","0.00"
"417310","코람코더원리츠","부동산투자회사","651","0","651","35735","1.82","3503820","0","3503820","193606260","1.81"
"357120","코람코에너지리츠","부동산투자회사","1394","0","1394","153574","0.91","8057320","0","8057320","891545930","0.90"
"007815","코리아써우","주권","0","0","0","1584","0.00","0","0","0","12606070","0.00"
"007810","코리아써키트","주권","2","0","2","224526","0.00","39000","0","39000","4376951250","0.00"
"00781K","코리아써키트2우B","주권","0","0","0","509","0.00","0","0","0","4353800","0.00"
"003690","코리안리","주권","0","0","0","92528","0.00","0","0","0","788395970","0.00"
"192820","코스맥스","주권","11117","9432","1685","155951","7.13","695340300","590482100","104858200","9739041900","7.14"
"044820","코스맥스비티아이","주권","137","0","137","6803","2.01","1337110","0","1337110","66410990","2.01"
"005070","코스모신소재","주권","4084","0","4084","891950","0.46","203851600","0","203851600","44518050050","0.46"
"005420","코스모화학","주권","0","0","0","477644","0.00","0","0","0","7119426750","0.00"
"071950","코아스","주권","0","0","0","49755","0.00","0","0","0","48839484","0.00"
"002020","코오롱","주권","0","0","0","17717","0.00","0","0","0","404395650","0.00"
"003070","코오롱글로벌","주권","3","0","3","17264","0.02","47400","0","47400","274496100","0.02"
"003075","코오롱글로벌우","주권","0","0","0","120","0.00","0","0","0","3289550","0.00"
"002025","코오롱우","주권","0","0","0","1161","0.00","0","0","0","18386550","0.00"
"120110","코오롱인더","주권","2288","2041","247","113672","2.01","119442600","106655900","12786700","5925211800","2.02"
"120115","코오롱인더우","주권","0","0","0","1540","0.00","0","0","0","42008700","0.00"
"138490","코오롱플라스틱","주권","0","0","0","863172","0.00","0","0","0","9293006500","0.00"
"021240","코웨이","주권","11750","11662","88","104011","11.30","758238500","752668100","5570400","6704930901","11.31"
"036420","콘텐트리중앙","주권","4","0","4","74583","0.01","143000","0","143000","2695858600","0.01"
"031820","콤텍시스템","주권","0","0","0","235186","0.00","0","0","0","179766026","0.00"
"192400","쿠쿠홀딩스","주권","3","0","3","512681","0.00","47700","0","47700","8723862100","0.00"
"284740","쿠쿠홈시스","주권","11166","11125","41","75360","14.82","324794250","323641150","1153100","2187721750","14.85"
"015590","큐로","주권","5","0","5","274974","0.00","1950","0","1950","107281081","0.00"
"264900","크라운제과","주권","0","0","0","30693","0.00","0","0","0","261801460","0.00"
"26490K","크라운제과우","주권","0","0","0","5419","0.00","0","0","0","59597550","0.00"
"005740","크라운해태홀딩스","주권","0","0","0","16281","0.00","0","0","0","115230560","0.00"
"005745","크라운해태홀딩스우","주권","0","0","0","1618","0.00","0","0","0","18447600","0.00"
"259960","크래프톤","주권","20503","20345","158","99317","20.64","4891879500","4853943500","37936000","23730559500","20.61"
"020120","키다리스튜디오","주권","8","0","8","180611","0.00","66080","0","66080","1497195320","0.00"
"039490","키움증권","주권","6684","6655","29","46661","14.32","537156200","534797200","2359000","3751480300","14.32"
"71201B97","키움히어로즈미국물류부동산1호","수익증권","0","0","0","8501","0.00","0","0","0","8415990","0.00"
"71201B98","키움히어로즈유럽오피스부동산1호 A","수익증권","0","0","0","0","0.00","0","0","0","0","0.00"
"71202B98","키움히어로즈유럽오피스부동산1호 C-I","수익증권","0","0","0","0","0.00","0","0","0","0","0.00"
"71203B98","키움히어로즈유럽오피스부동산2호 A","수익증권","0","0","0","0","0.00","0","0","0","0","0.00"
"71204B98","키움히어로즈유럽오피스부동산2호 C-I","수익증권","0","0","0","0","0.00","0","0","0","0","0.00"
"71205B98","키움히어로즈유럽오피스부동산3호 A","수익증권","0","0","0","0","0.00","0","0","0","0","0.00"
"71206B98","키움히어로즈유럽오피스부동산3호 C-I","수익증권","0","0","0","0","0.00","0","0","0","0","0.00"
"71207B98","키움히어로즈유럽오피스부동산4호 A","수익증권","0","0","0","0","0.00","0","0","0","0","0.00"
"71208B98","키움히어로즈유럽오피스부동산4호 C-I","수익증권","0","0","0","0","0.00","0","0","0","0","0.00"
"014580","태경비케이","주권","8","0","8","98459","0.01","33000","0","33000","409362665","0.01"
"015890","태경산업","주권","0","0","0","26799","0.00","0","0","0","164669230","0.00"
"006890","태경케미컬","주권","0","0","0","77440","0.00","0","0","0","1113283800","0.00"
"003240","태광산업","주권","9","9","0","294","3.06","8130000","8130000","0","265491000","3.06"
"011280","태림포장","주권","1","0","1","72209","0.00","3095","0","3095","223738995","0.00"
"004100","태양금속","주권","0","0","0","293917","0.00","0","0","0","420379490","0.00"
"004105","태양금속우","주권","0","0","0","13883","0.00","0","0","0","35187930","0.00"
"009410","태영건설","주권","31","0","31","67176","0.05","209560","0","209560","457097100","0.05"
"009415","태영건설우","주권","0","0","0","11240","0.00","0","0","0","109707810","0.00"
"001420","태원물산","주권","0","0","0","11692","0.00","0","0","0","56331730","0.00"
"007980","태평양물산","주권","1","0","1","60291","0.00","1815","0","1815","110145710","0.00"
"055490","테이팩스","주권","2","0","2","16345","0.01","137200","0","137200","1114052900","0.01"
"078000","텔코웨어","주권","0","0","0","6938","0.00","0","0","0","65404770","0.00"
"214420","토니모리","주권","675","0","675","57445","1.18","2856760","0","2856760","244519655","1.17"
"019180","티에이치엔","주권","3","0","3","40906","0.01","9120","0","9120","124345365","0.01"
"363280","티와이홀딩스","주권","8","0","8","33376","0.02","146950","0","146950","613227600","0.02"
"36328K","티와이홀딩스우","주권","0","0","0","2421","0.00","0","0","0","40466500","0.00"
"091810","티웨이항공","주권","1817","0","1817","278823","0.65","3638070","0","3638070","557678400","0.65"
"004870","티웨이홀딩스","주권","0","0","0","103038","0.00","0","0","0","56224871","0.00"
"0048721A","티웨이홀딩스 24WR","신주인수권증권","0","0","0","39372","0.00","0","0","0","9260952","0.00"
"005690","파미셀","주권","1153","0","1153","454055","0.25","14109700","0","14109700","5541830300","0.25"
"036580","팜스코","주권","0","0","0","189803","0.00","0","0","0","943853900","0.00"
"004720","팜젠사이언스","주권","0","0","0","170471","0.00","0","0","0","1298035550","0.00"
"028670","팬오션","주권","189557","179732","9825","3156938","6.00","1068558380","1013521590","55036790","17830881660","5.99"
"010820","퍼스텍","주권","359","0","359","1339893","0.03","1201715","0","1201715","4492375720","0.03"
"016800","퍼시스","주권","0","0","0","5914","0.00","0","0","0","197991750","0.00"
"001020","페이퍼코리아","주권","0","0","0","1172662","0.00","0","0","0","2164805855","0.00"
"090080","평화산업","주권","1","0","1","130374","0.00","1375","0","1375","179522905","0.00"
"010770","평화홀딩스","주권","0","0","0","9956","0.00","0","0","0","33288440","0.00"
"058430","포스코스틸리온","주권","0","0","0","13844","0.00","0","0","0","464211600","0.00"
"047050","포스코인터내셔널","주권","16208","16124","84","698913","2.32","299849750","298304750","1545000","12968946900","2.31"
"003670","포스코케미칼","주권","17722","8918","8804","222473","7.97","1946365500","977585500","968780000","24460829500","7.96"
"017810","풀무원","주권","22","0","22","17380","0.13","276050","0","276050","218983150","0.13"
"103140","풍산","주권","11155","10349","806","104757","10.65","270947400","251461400","19486000","2542272100","10.66"
"005810","풍산홀딩스","주권","0","0","0","9106","0.00","0","0","0","226435350","0.00"
"950210","프레스티지바이오파마","주식예탁증권","0","0","0","72027","0.00","0","0","0","836858700","0.00"
"009810","플레이그램","주권","2","0","2","268355","0.00","2420","0","2420","328530655","0.00"
"086790","하나금융지주","주권","4441","3436","1005","1873542","0.24","164914750","127619250","37295500","69503815150","0.24"
"74201773","하나대체나사부동산1호","수익증권","0","0","0","1018","0.00","0","0","0","801063","0.00"
"7420177B","하나대체미국LA부동산1호 A","수익증권","0","0","0","0","0.00","0","0","0","0","0.00"
"7420277B","하나대체미국LA부동산1호 F","수익증권","0","0","0","0","0.00","0","0","0","0","0.00"
"74201BAA","하나대체미국부동산1호 A","수익증권","0","0","0","0","0.00","0","0","0","0","0.00"
"74202BAA","하나대체미국부동산1호 C-I","수익증권","0","0","0","0","0.00","0","0","0","0","0.00"
"74202B98","하나대체일본부동산1호 A","수익증권","0","0","0","0","0.00","0","0","0","0","0.00"
"74204B98","하나대체일본부동산1호 C-I","수익증권","0","0","0","0","0.00","0","0","0","0","0.00"
"74203B98","하나대체일본부동산1호 C-W","수익증권","0","0","0","0","0.00","0","0","0","0","0.00"
"74201B98","하나대체일본부동산1호 P","수익증권","0","0","0","0","0.00","0","0","0","0","0.00"
"293480","하나제약","주권","4","0","4","16800","0.02","71000","0","71000","299979050","0.02"
"039130","하나투어","주권","18274","16974","1300","291763","6.26","974650600","905677500","68973100","15587216200","6.25"
"352820","하이브","주권","25780","25730","50","427550","6.03","4255855500","4247796500","8059000","70496221000","6.04"
"071090","하이스틸","주권","4","0","4","200549","0.00","17040","0","17040","859737270","0.00"
"019490","하이트론","주권","0","0","0","0","0.00","0","0","0","0","0.00"
"000080","하이트진로","주권","10775","10727","48","202324","5.33","331252050","329780850","1471200","6185989800","5.35"
"000087","하이트진로2우B","주권","0","0","0","752","0.00","0","0","0","14309900","0.00"
"000140","하이트진로홀딩스","주권","0","0","0","7547","0.00","0","0","0","85235500","0.00"
"000145","하이트진로홀딩스우","주권","0","0","0","66","0.00","0","0","0","947000","0.00"
"152550","한국ANKOR유전","투자회사","0","0","0","552","0.00","0","0","0","864415","0.00"
"036460","한국가스공사","주권","17328","16823","505","369727","4.69","610740250","592993800","17746450","13040624450","4.68"
"005430","한국공항","주권","0","0","0","10433","0.00","0","0","0","400366400","0.00"
"071050","한국금융지주","주권","24812","24638","174","130267","19.05","1531187600","1520449200","10738400","8048563300","19.02"
"071055","한국금융지주우","주권","0","0","0","2246","0.00","0","0","0","129980500","0.00"
"010040","한국내화","주권","0","0","0","13091","0.00","0","0","0","41564540","0.00"
"025540","한국단자","주권","22","0","22","15233","0.14","1143900","0","1143900","798306600","0.14"
"004090","한국석유","주권","0","0","0","218086","0.00","0","0","0","2540906550","0.00"
"002200","한국수출포장","주권","2","0","2","1886","0.11","45900","0","45900","43579100","0.11"
"002960","한국쉘석유","주권","0","0","0","980","0.00","0","0","0","240372000","0.00"
"000240","한국앤컴퍼니","주권","1668","1631","37","138932","1.20","19960400","19512700","447700","1658658900","1.20"
"123890","한국자산신탁","주권","3010","0","3010","47721","6.31","10384650","0","10384650","165289375","6.28"
"015760","한국전력","주권","25412","251","25161","831730","3.06","566437750","5631900","560805850","18504379750","3.06"
"006200","한국전자홀딩스","주권","0","0","0","111179","0.00","0","0","0","152947860","0.00"
"009540","한국조선해양","주권","21213","16243","4970","238534","8.89","1775101200","1358150600","416950600","20000246000","8.88"
"023350","한국종합기술","주권","0","0","0","1374084","0.00","0","0","0","10645011940","0.00"
"025890","한국주강","주권","0","0","0","16795","0.00","0","0","0","46542350","0.00"
"000970","한국주철관","주권","0","0","0","79968","0.00","0","0","0","654764970","0.00"
"104700","한국철강","주권","153","0","153","30024","0.51","1026440","0","1026440","200685430","0.51"
"017960","한국카본","주권","2","0","2","621615","0.00","26200","0","26200","8145988250","0.00"
"161890","한국콜마","주권","14935","11712","3223","94134","15.87","582763850","456896750","125867100","3682242300","15.83"
"024720","한국콜마홀딩스","주권","837","0","837","4622","18.11","14486900","0","14486900","80167350","18.07"
"161390","한국타이어앤테크놀로지","주권","5011","4778","233","308148","1.63","165141350","157493650","7647700","10137273600","1.63"
"034830","한국토지신탁","주권","10000","0","10000","763374","1.31","16700000","0","16700000","1271743330","1.31"
"70101B9A","한국투자뉴욕오피스1호","수익증권","0","0","0","0","0.00","0","0","0","0","0.00"
"70101BA7","한국투자도쿄기오이쵸오피스[파생형]","수익증권","0","0","0","0","0.00","0","0","0","0","0.00"
"70101B99","한국투자도쿄한조몬오피스","수익증권","0","0","0","0","0.00","0","0","0","0","0.00"
"70101BB1","한국투자서울오피스","수익증권","0","0","0","0","0.00","0","0","0","0","0.00"
"007280","한국특강","주권","1","0","1","95664","0.00","2495","0","2495","236494070","0.00"
"168490","한국패러랠","투자회사","0","0","0","43142","0.00","0","0","0","91949845","0.00"
"010100","한국프랜지","주권","10","0","10","49708","0.02","25050","0","25050","124463350","0.02"
"047810","한국항공우주","주권","44337","33918","10419","935276","4.74","2210845450","1689695300","521150150","46536090700","4.75"
"123690","한국화장품","주권","0","0","0","17805","0.00","0","0","0","129521410","0.00"
"003350","한국화장품제조","주권","0","0","0","6356","0.00","0","0","0","143307050","0.00"
"011500","한농화성","주권","0","0","0","57434","0.00","0","0","0","710435700","0.00"
"002390","한독","주권","1","0","1","9201","0.01","17650","0","17650","162573700","0.01"
"014790","한라","주권","1","0","1","43670","0.00","4015","0","4015","175254010","0.00"
"060980","한라홀딩스","주권","187","0","187","13187","1.42","6779650","0","6779650","478224050","1.42"
"053690","한미글로벌","주권","3","0","3","273213","0.00","34650","0","34650","3139616200","0.00"
"042700","한미반도체","주권","48","0","48","268241","0.02","621600","0","621600","3462544050","0.02"
"008930","한미사이언스","주권","683","554","129","88282","0.77","28167050","22795200","5371850","3648240250","0.77"
"128940","한미약품","주권","1784","765","1019","25121","7.10","574301500","246359500","327942000","8079674000","7.11"
"009240","한샘","주권","3825","3751","74","55350","6.91","234162300","229655000","4507300","3382841300","6.92"
"020000","한섬","주권","744","242","502","81139","0.92","22898450","7459850","15438600","2506769500","0.91"
"003680","한성기업","주권","0","0","0","31704","0.00","0","0","0","199077200","0.00"
"105630","한세실업","주권","408","382","26","176407","0.23","6980750","6533550","447200","3012028900","0.23"
"069640","한세엠케이","주권","0","0","0","7112","0.00","0","0","0","24345590","0.00"
"016450","한세예스24홀딩스","주권","0","0","0","9291","0.00","0","0","0","54212980","0.00"
"010420","한솔PNS","주권","0","0","0","41309","0.00","0","0","0","64097245","0.00"
"009180","한솔로지스틱스","주권","0","0","0","229231","0.00","0","0","0","750425545","0.00"
"213500","한솔제지","주권","595","0","595","83273","0.71","7919550","0","7919550","1101306400","0.72"
"014680","한솔케미칼","주권","3707","3693","14","42630","8.70","798170500","795118500","3052000","9177239500","8.70"
"004710","한솔테크닉스","주권","0","0","0","58431","0.00","0","0","0","305800100","0.00"
"004150","한솔홀딩스","주권","2","0","2","48803","0.00","6115","0","6115","149427675","0.00"
"025750","한솔홈데코","주권","0","0","0","310141","0.00","0","0","0","413920170","0.00"
"004960","한신공영","주권","0","0","0","28795","0.00","0","0","0","351548850","0.00"
"011700","한신기계","주권","32","0","32","2805234","0.00","290560","0","290560","25546936310","0.00"
"001750","한양증권","주권","0","0","0","16903","0.00","0","0","0","175151450","0.00"
"001755","한양증권우","주권","0","0","0","297","0.00","0","0","0","4464200","0.00"
"018880","한온시스템","주권","44795","41478","3317","395630","11.32","452392850","419153850","33239000","3990786050","11.34"
"009420","한올바이오파마","주권","14190","14134","56","154195","9.20","242577350","241628150","949200","2632872550","9.21"
"014130","한익스프레스","주권","0","0","0","32172","0.00","0","0","0","166253100","0.00"
"300720","한일시멘트","주권","3654","3592","62","72236","5.06","51063600","50199400","864200","1009774700","5.06"
"002220","한일철강","주권","0","0","0","135371","0.00","0","0","0","527930570","0.00"
"006390","한일현대시멘트","주권","10","0","10","7166","0.14","224500","0","224500","163001000","0.14"
"003300","한일홀딩스","주권","0","0","0","2270","0.00","0","0","0","24437900","0.00"
"051600","한전KPS","주권","26162","26076","86","220947","11.84","1009096500","1005761050","3335450","8536252450","11.82"
"052690","한전기술","주권","20344","20292","52","365197","5.57","1397364700","1393767900","3596800","25126006300","5.56"
"130660","한전산업","주권","167","0","167","194602","0.09","1805200","0","1805200","2116057350","0.09"
"002320","한진","주권","4","0","4","11101","0.04","112150","0","112150","311442450","0.04"
"003480","한진중공업홀딩스","주권","0","0","0","25190","0.00","0","0","0","103938270","0.00"
"180640","한진칼","주권","9678","9429","249","64738","14.95","577472300","562709400","14762900","3858184800","14.97"
"1806421A","한진칼 3WR","신주인수권증권","0","0","0","1938","0.00","0","0","0","18899960","0.00"
"18064K","한진칼우","주권","0","0","0","412","0.00","0","0","0","13819300","0.00"
"005110","한창","주권","0","0","0","13127285","0.00","0","0","0","12993768187","0.00"
"009460","한창제지","주권","0","0","0","172749","0.00","0","0","0","282597865","0.00"
"372910","한컴라이프케어","주권","0","0","0","250269","0.00","0","0","0","1335952830","0.00"
"70101BA2","한투소재부품장비A","수익증권","0","0","0","0","0.00","0","0","0","0","0.00"
"70102BA2","한투소재부품장비C","수익증권","0","0","0","0","0.00","0","0","0","0","0.00"
"000880","한화","주권","2496","1899","597","144751","1.72","61935450","47162650","14772800","3597465300","1.72"
"00088K","한화3우B","주권","0","0","0","26105","0.00","0","0","0","366413750","0.00"
"72801BB4","한화국민참여정책형뉴딜 A","수익증권","0","0","0","0","0.00","0","0","0","0","0.00"
"72802BB4","한화국민참여정책형뉴딜 C","수익증권","0","0","0","0","0.00","0","0","0","0","0.00"
"72801BBC","한화국민참여정책형뉴딜2A","수익증권","0","0","0","0","0.00","0","0","0","0","0.00"
"72802BBC","한화국민참여정책형뉴딜2C","수익증권","0","0","0","0","0.00","0","0","0","0","0.00"
"088350","한화생명","주권","58463","49632","8831","902682","6.48","127104780","107930810","19173970","1966122655","6.46"
"000370","한화손해보험","주권","4254","0","4254","182733","2.33","17532770","0","17532770","752468150","2.33"
"009830","한화솔루션","주권","237153","220473","16680","1100545","21.55","8279023100","7695303550","583719550","38499973800","21.50"
"009835","한화솔루션우","주권","0","0","0","19552","0.00","0","0","0","706454800","0.00"
"272210","한화시스템","주권","2278","1420","858","502955","0.45","29358550","18285300","11073250","6507787050","0.45"
"012450","한화에어로스페이스","주권","19734","11934","7800","318899","6.19","882318600","532814700","349503900","14253025900","6.19"
"000885","한화우","주권","0","0","0","362","0.00","0","0","0","11961750","0.00"
"003530","한화투자증권","주권","0","0","0","843949","0.00","0","0","0","2788736780","0.00"
"003535","한화투자증권우","주권","0","0","0","16187","0.00","0","0","0","124986940","0.00"
"195870","해성디에스","주권","11","0","11","163728","0.01","633600","0","633600","9353967600","0.01"
"101530","해태제과식품","주권","0","0","0","9998","0.00","0","0","0","70298640","0.00"
"143210","핸즈코퍼레이션","주권","0","0","0","19373","0.00","0","0","0","77096410","0.00"
"000720","현대건설","주권","47549","23138","24411","492015","9.66","1896177150","921545250","974631900","19672437900","9.64"
"267270","현대건설기계","주권","24","0","24","257731","0.01","1023400","0","1023400","11245079350","0.01"
"000725","현대건설우","주권","0","0","0","4818","0.00","0","0","0","345216300","0.00"
"005440","현대그린푸드","주권","7692","5332","2360","101882","7.55","59630980","41348420","18282560","790074800","7.55"
"086280","현대글로비스","주권","3874","3784","90","124343","3.12","705625000","689481500","16143500","22594850500","3.12"
"042670","현대두산인프라코어","주권","53595","50734","2861","1183127","4.53","286988860","271763540","15225320","6368444980","4.51"
"064350","현대로템","주권","237634","237474","160","1477123","16.09","4648332250","4645198250","3134000","28882501450","16.09"
"079430","현대리바트","주권","0","0","0","10851","0.00","0","0","0","120088200","0.00"
"012330","현대모비스","주권","8858","7898","960","343204","2.58","1814139000","1618634000","195505000","69658405500","2.60"
"010620","현대미포조선","주권","39784","31707","8077","306911","12.96","3227912400","2571435300","656477100","24956299350","12.93"
"069960","현대백화점","주권","651","421","230","60518","1.08","43864100","28393900","15470200","4077039700","1.08"
"004560","현대비앤지스틸","주권","2","0","2","41324","0.00","25200","0","25200","522987900","0.00"
"004565","현대비앤지스틸우","주권","0","0","0","225","0.00","0","0","0","14255500","0.00"
"004310","현대약품","주권","0","0","0","5866224","0.00","0","0","0","35193167140","0.00"
"322000","현대에너지솔루션","주권","40","0","40","268202","0.01","1302000","0","1302000","8861446450","0.01"
"017800","현대엘리베이","주권","467","419","48","102761","0.45","12341900","11069900","1272000","2729501450","0.45"
"307950","현대오토에버","주권","2","0","2","36952","0.01","227000","0","227000","4244364000","0.01"
"011210","현대위아","주권","6046","5962","84","121712","4.97","336534800","331871600","4663200","6795268900","4.95"
"75701B93","현대유퍼스트부동산25호 A","수익증권","0","0","0","0","0.00","0","0","0","0","0.00"
"75702B93","현대유퍼스트부동산25호 C-i","수익증권","0","0","0","0","0.00","0","0","0","0","0.00"
"75701BA7","현대유퍼스트부동산30호[파생형] A","수익증권","0","0","0","0","0.00","0","0","0","0","0.00"
"75702BA7","현대유퍼스트부동산30호[파생형] C-i","수익증권","0","0","0","0","0.00","0","0","0","0","0.00"
"267260","현대일렉트릭","주권","52","0","52","510087","0.01","1244450","0","1244450","12365343600","0.01"
"004020","현대제철","주권","3718","2294","1424","359003","1.04","122257600","75544800","46712800","11837370650","1.03"
"329180","현대중공업","주권","11157","11103","54","215032","5.19","1406133000","1399368000","6765000","27111760000","5.19"
"005380","현대차","주권","1391","939","452","824702","0.17","247952500","167597000","80355500","147129917000","0.17"
"005387","현대차2우B","주권","0","0","0","35085","0.00","0","0","0","3037775000","0.00"
"005389","현대차3우B","주권","0","0","0","2394","0.00","0","0","0","200140100","0.00"
"005385","현대차우","주권","10","0","10","10888","0.09","871800","0","871800","948001800","0.09"
"001500","현대차증권","주권","348","0","348","7397","4.70","3364980","0","3364980","71468740","4.71"
"011760","현대코퍼레이션","주권","0","0","0","334035","0.00","0","0","0","5344852050","0.00"
"227840","현대코퍼레이션홀딩스","주권","0","0","0","82608","0.00","0","0","0","881722700","0.00"
"126560","현대퓨처넷","주권","123","0","123","241067","0.05","308400","0","308400","610629720","0.05"
"001450","현대해상","주권","15251","10457","4794","179404","8.50","467977400","321310950","146666450","5494342400","8.52"
"057050","현대홈쇼핑","주권","184","164","20","10850","1.70","9367700","8354000","1013700","552469300","1.70"
"093240","형지엘리트","주권","0","0","0","81046","0.00","0","0","0","128005955","0.00"
"003010","혜인","주권","0","0","0","1124829","0.00","0","0","0","9752520380","0.00"
"111110","호전실업","주권","0","0","0","29880","0.00","0","0","0","247495650","0.00"
"008770","호텔신라","주권","6120","3729","2391","123037","4.97","427100100","260502300","166597800","8589676800","4.97"
"008775","호텔신라우","주권","0","0","0","609","0.00","0","0","0","34782300","0.00"
"002460","화성산업","주권","0","0","0","541441","0.00","0","0","0","10308097250","0.00"
"378850","화승알앤에이","주권","0","0","0","59966","0.00","0","0","0","209680795","0.00"
"241590","화승엔터프라이즈","주권","400","367","33","125332","0.32","4722850","4332000","390850","1474843750","0.32"
"006060","화승인더","주권","0","0","0","49832","0.00","0","0","0","232745715","0.00"
"013520","화승코퍼레이션","주권","1","0","1","288210","0.00","1530","0","1530","445609670","0.00"
"010690","화신","주권","24","0","24","442610","0.01","212400","0","212400","3939381050","0.01"
"133820","화인베스틸","주권","0","0","0","73245","0.00","0","0","0","189963465","0.00"
"010660","화천기계","주권","0","0","0","157737","0.00","0","0","0","405465820","0.00"
"000850","화천기공","주권","1","0","1","2292","0.04","31950","0","31950","74573550","0.04"
"016580","환인제약","주권","0","0","0","11335","0.00","0","0","0","189458850","0.00"
"032560","황금에스티","주권","0","0","0","1256584","0.00","0","0","0","9497329790","0.00"
"004800","효성","주권","1672","1658","14","35825","4.67","128384700","127312300","1072400","2749386400","4.67"
"094280","효성ITX","주권","0","0","0","7353","0.00","0","0","0","105231700","0.00"
"298040","효성중공업","주권","283","0","283","32879","0.86","16159300","0","16159300","1901992200","0.85"
"298050","효성첨단소재","주권","201","191","10","27833","0.72","73426000","69757000","3669000","10258242000","0.72"
"298020","효성티앤씨","주권","1040","1025","15","23718","4.38","343895000","338931000","4964000","7860049000","4.38"
"298000","효성화학","주권","1","0","1","6213","0.02","176500","0","176500","1113384500","0.02"
"093370","후성","주권","50428","29544","20884","1380237","3.65","906382100","530060500","376321600","24776423650","3.66"
"081660","휠라홀딩스","주권","44783","44655","128","158044","28.34","1281448500","1277804300","3644200","4520651750","28.35"
"005870","휴니드","주권","135","0","135","117667","0.11","952680","0","952680","831972660","0.11"
"079980","휴비스","주권","0","0","0","34928","0.00","0","0","0","218986870","0.00"
"005010","휴스틸","주권","0","0","0","0","0.00","0","0","0","0","0.00"
"000540","흥국화재","주권","1","0","1","46745","0.00","3185","0","3185","149416070","0.00"
"000547","흥국화재2우B","주권","0","0","0","450","0.00","0","0","0","10269000","0.00"
"000545","흥국화재우","주권","0","0","0","172","0.00","0","0","0","1213950","0.00"
"003280","흥아해운","주권","0","0","0","245413","0.00","0","0","0","516984725","0.00"