종목코드,종목명,수량_공매도잔고수량,수량_상장주식수,금액_공매도잔고금액,금액_시가총액,비중
"060310","3S","84207","46271513","250937.0","1.37889109E8","0.18"
"054620","APS홀딩스","56307","20394221","452145.0","1.63765595E8","0.28"
"265520","AP시스템","201344","15281421","3352378.0","2.5443566E8","1.32"
"211270","AP위성","0","15082304","0.0","1.73446496E8","0.00"
"032790","BNGT","45862","29534345","186888.0","1.20352456E8","0.16"
"013720","CBI","0","67660032","0.0","8.6266541E7","0.00"
"035760","CJ ENM","75450","21929154","6865950.0","1.995553014E9","0.34"
"311690","CJ 바이오사이언스","0","5878672","0.0","1.96935512E8","0.00"
"051500","CJ프레시웨이","5631","11871586","219891.0","4.63585433E8","0.05"
"058820","CMG제약","1717721","138892244","4363011.0","3.527863E8","1.24"
"023460","CNH","0","37200000","0.0","6.5658E7","0.00"
"056730","CNT85","0","35351956","0.0","1.09591064E8","0.00"
"065770","CS","0","19411130","0.0","3.9307538E7","0.00"
"083660","CSA 코스믹","0","39451193","0.0","5.7598742E7","0.00"
"404950","DB금융스팩10호","0","5840000","0.0","1.23224E7","0.00"
"367340","DB금융스팩8호","0","6050000","0.0","1.291675E7","0.00"
"367360","DB금융스팩9호","0","4840000","0.0","1.0285E7","0.00"
"068790","DMS","34371","24573061","169793.0","1.21390921E8","0.14"
"241520","DSC인베스트먼트","45394","27811403","182484.0","1.1180184E8","0.16"
"245620","EDGC","0","84075931","0.0","2.67361461E8","0.00"
"037370","EG","56854","8624972","507706.0","7.7021E7","0.66"
"050120","ES큐브","60273","13564086","227531.0","5.1204425E7","0.44"
"084180","EV수성","0","61491577","0.0","8.8240413E7","0.00"
"214270","FSN","0","27904552","0.0","1.19850051E8","0.00"
"130500","GH신소재","0","14545052","0.0","6.3634603E7","0.00"
"900290","GRT","0","67375000","0.0","8.3881875E7","0.00"
"083450","GST","16919","9317745","356145.0","1.96138532E8","0.18"
"297890","HB솔루션","0","16713053","0.0","2.17269689E8","0.00"
"078150","HB테크놀러지","485297","78990426","856549.0","1.39418102E8","0.61"
"195940","HK이노엔","728088","28904499","2.8286219E7","1.122939786E9","2.52"
"028300","HLB","5047599","106882745","1.80451664E8","3.821058134E9","4.72"
"067630","HLB생명과학","1467513","95498081","1.753678E7","1.141202068E9","1.54"
"047920","HLB제약","53091","27564264","748583.0","3.88656122E8","0.19"
"115450","HLB테라퓨틱스","194950","31335211","2622078.0","4.21458588E8","0.62"
"036640","HRS","0","16354800","0.0","9.4530744E7","0.00"
"335870","IBKS제12호스팩","0","3120000","0.0","7628400.0","0.00"
"351340","IBKS제13호스팩","0","5170000","0.0","1.041755E7","0.00"
"388790","IBKS제16호스팩","0","3410000","0.0","7587250.0","0.00"
"405350","IBKS제17호스팩","0","2720000","0.0","6147200.0","0.00"
"095340","ISC","16737","17399471","512989.0","5.33293786E8","0.10"
"099520","ITX-AI","0","29301683","0.0","3.7652663E7","0.00"
"950170","JTC","0","35005517","0.0","9.4689923E7","0.00"
"067290","JW신약","175819","46127437","667233.0","1.75053623E8","0.38"
"035900","JYP Ent.","189134","35497492","9816055.0","1.842319835E9","0.53"
"318000","KBG","0","8229825","0.0","4.608702E7","0.00"
"024840","KBI메탈","103266","32950848","169356.0","5.4039391E7","0.31"
"024120","KB오토시스","0","11500000","0.0","6.2905E7","0.00"
"021320","KCC건설","47471","21400000","317106.0","1.42952E8","0.22"
"036670","KCI","28342","11270000","222485.0","8.84695E7","0.25"
"044180","KD","0","24848641","0.0","2.6091073E7","0.00"
"151860","KG ETS","0","36000000","0.0","5.022E8","0.00"
"046440","KG모빌리언스","0","38825568","0.0","2.69837698E8","0.00"
"035600","KG이니시스","317526","27904434","4175467.0","3.66943307E8","1.14"
"226360","KH 건설","0","112309212","0.0","1.03324475E8","0.00"
"111870","KH 전자","0","134038718","0.0","9.9054613E7","0.00"
"060720","KH바텍","336847","23677442","5877980.0","4.13171363E8","1.42"
"122450","KMH","0","45335964","0.0","3.48180204E8","0.00"
"052900","KMH하이텍","76241","51628046","101782.0","6.8923441E7","0.15"
"058400","KNN","0","132429720","0.0","1.31635142E8","0.00"
"114450","KPX생명과학","0","15000000","0.0","7.47E7","0.00"
"060370","KT서브마린","116654","21900000","718589.0","1.34904E8","0.53"
"108320","LX세미콘","785762","16264300","7.2761561E7","1.50607418E9","4.83"
"160550","NEW","44917","27906106","298249.0","1.85296544E8","0.16"
"053290","NE능률","0","16526307","0.0","8.7258901E7","0.00"
"104200","NHN벅스","0","14827550","0.0","1.29147961E8","0.00"
"060250","NHN한국사이버결제","27394","40160611","354752.0","5.20079912E8","0.07"
"030190","NICE평가정보","285240","60714820","3993360.0","8.5000748E8","0.47"
"024940","PN풍년","0","10000000","0.0","4.72E7","0.00"
"218410","RFHIC","464593","26786434","1.0035209E7","5.78586974E8","1.73"
"327260","RF머트리얼즈","0","8197697","0.0","9.0994437E7","0.00"
"091340","S&K폴리텍","0","11703721","0.0","4.8511924E7","0.00"
"019550","SBI인베스트먼트","584233","162066575","896798.0","2.48772193E8","0.36"
"950110","SBI핀테크솔루션즈","0","24052540","0.0","1.00900405E8","0.00"
"046140","SBS콘텐츠허브","0","21463555","0.0","1.31356957E8","0.00"
"151910","SBW생명과학","748269","177134118","2742406.0","6.49196542E8","0.42"
"036120","SCI평가정보","0","35500000","0.0","1.21765E8","0.00"
"099220","SDN","127520","56171811","318162.0","1.40148668E8","0.23"
"036540","SFA반도체","1323575","164460303","6631111.0","8.23946118E8","0.80"
"255220","SG","0","44756689","0.0","6.9596651E7","0.00"
"040610","SG&G","122162","34087196","232108.0","6.4765672E7","0.36"
"049470","SGA","0","58862249","0.0","5.5271652E7","0.00"
"184230","SGA솔루션즈","0","54187224","0.0","4.605914E7","0.00"
"016250","SGC이테크건설","0","2599445","0.0","1.0917669E8","0.00"
"337450","SK5호스팩","0","4310000","0.0","1.286535E7","0.00"
"340350","SK6호스팩","0","5710000","0.0","1.190535E7","0.00"
"048550","SM C&C","63072","95610120","201830.0","3.05952384E8","0.07"
"063440","SM Life Design","0","45629154","0.0","9.3996057E7","0.00"
"289080","SV인베스트먼트","0","53234000","0.0","1.3787606E8","0.00"
"089230","THE E&M","0","173450191","0.0","7.9093287E7","0.00"
"161570","THE MIDONG","0","15582830","0.0","1.8855224E7","0.00"
"192410","THQ","0","37023713","0.0","1.73641214E8","0.00"
"032540","TJ미디어","0","13931609","0.0","8.0942648E7","0.00"
"022220","TKG애강","137471","51794579","253634.0","9.5560998E7","0.27"
"048770","TPC","0","15478339","0.0","7.1200359E7","0.00"
"246690","TS인베스트먼트","0","39245879","0.0","9.8114698E7","0.00"
"317240","TS트릴리온","0","94447625","0.0","7.5841443E7","0.00"
"038340","UCI","0","12465789","0.0","1.6641828E7","0.00"
"073570","WI","0","80904873","0.0","8.0904873E7","0.00"
"057030","YBM넷","0","16312697","0.0","6.2640756E7","0.00"
"040300","YTN","0","42000000","0.0","1.5288E8","0.00"
"051390","YW","0","11355368","0.0","4.0595441E7","0.00"
"052220","iMBC","0","23000000","0.0","7.061E7","0.00"
"079940","가비아","15240","13535684","164592.0","1.46185387E8","0.11"
"078890","가온미디어","26479","16155561","218717.0","1.33444934E8","0.16"
"399720","가온칩스","0","11488320","0.0","2.89505664E8","0.00"
"036620","감성코퍼레이션","0","79626260","0.0","1.17846865E8","0.00"
"217730","강스템바이오텍","0","37937925","0.0","1.05657121E8","0.00"
"114190","강원에너지","0","26123038","0.0","1.64313909E8","0.00"
"094480","갤럭시아머니트리","34180","39229838","198244.0","2.2753306E8","0.09"
"039240","경남스틸","0","26979604","0.0","8.3636772E7","0.00"
"053950","경남제약","0","30849565","0.0","7.8049399E7","0.00"
"011040","경동제약","0","30768766","0.0","2.64919075E8","0.00"
"024910","경창산업","0","35819005","0.0","8.5965612E7","0.00"
"198440","고려시멘트","0","31979960","0.0","1.06333367E8","0.00"
"049720","고려신용정보","0","14300000","0.0","1.68025E8","0.00"
"014570","고려제약","17736","11000000","133020.0","8.25E7","0.16"
"348150","고바이오랩","0","16815519","0.0","2.10193988E8","0.00"
"098460","고영","384173","68654755","5071084.0","9.06242766E8","0.56"
"035290","골드앤에스","0","36223910","0.0","8.7118504E7","0.00"
"038530","골드퍼시픽","0","92016431","0.0","5.9994713E7","0.00"
"900280","골든센츄리","0","179157570","0.0","6.5750828E7","0.00"
"215000","골프존","87970","6275415","1.1735198E7","8.37140361E8","1.40"
"121440","골프존뉴딘홀딩스","43111","42836818","301346.0","2.99429358E8","0.10"
"366030","공구우먼","0","3672100","0.0","1.33848045E8","0.00"
"014200","광림","0","90706696","0.0","1.32431776E8","0.00"
"029480","광무","0","27729988","0.0","7.9723716E7","0.00"
"026910","광진실업","0","6405405","0.0","3.0617836E7","0.00"
"355150","교보10호스팩","0","5320000","0.0","1.19966E7","0.00"
"397880","교보11호스팩","0","4440000","0.0","9479400.0","0.00"
"421800","교보12호스팩","0","5980000","0.0","1.25879E7","0.00"
"331520","교보9호스팩","0","3880000","0.0","8924000.0","0.00"
"053270","구영테크","0","26394174","0.0","8.340559E7","0.00"
"066620","국보디자인","6299","7500000","102044.0","1.215E8","0.08"
"043650","국순당","0","17858304","0.0","1.57867407E8","0.00"
"006050","국영지앤엠","126216","34895243","184906.0","5.1121531E7","0.36"
"060480","국일신동","0","11090000","0.0","3.19392E7","0.00"
"078130","국일제지","4367972","127617473","1.1225688E7","3.27976906E8","3.42"
"307750","국전약품","0","49069269","0.0","3.40050034E8","0.00"
"035080","그래디언트","129392","15527584","2277299.0","2.73285478E8","0.83"
"204020","그리티","0","20147430","0.0","6.1953347E7","0.00"
"186230","그린플러스","0","10820188","0.0","1.27678218E8","0.00"
"900070","글로벌에스엠","0","53743968","0.0","4.1275367E7","0.00"
"204620","글로벌텍스프리","0","51719642","0.0","1.26713123E8","0.00"
"019660","글로본","0","34323675","0.0","8.5465951E7","0.00"
"053260","금강철강","0","18720000","0.0","1.29168E8","0.00"
"036190","금화피에스시","0","6000000","0.0","1.749E8","0.00"
"049080","기가레인","154264","79243240","226768.0","1.16487563E8","0.19"
"035460","기산텔레콤","0","14577340","0.0","4.4898207E7","0.00"
"308100","까스텔바작","0","6596700","0.0","6.530733E7","0.00"
"187790","나노","0","27067695","0.0","2.8962434E7","0.00"
"286750","나노브릭","0","20464549","0.0","4.2156971E7","0.00"
"121600","나노신소재","201742","10848333","1.3920198E7","7.48534977E8","1.86"
"247660","나노씨엠에스","0","4288920","0.0","1.46681064E8","0.00"
"039860","나노엔텍","39956","26807627","208570.0","1.39935813E8","0.15"
"091970","나노캠텍","0","28080425","0.0","4.5209484E7","0.00"
"051490","나라엠앤디","0","14200000","0.0","8.9034E7","0.00"
"137080","나래나노텍","0","11059422","0.0","1.01083117E8","0.00"
"190510","나무가","15949","15196341","145295.0","1.38438667E8","0.10"
"242040","나무기술","0","34241700","0.0","5.8553307E7","0.00"
"089600","나스미디어","8417","10539962","188120.0","2.35568151E8","0.08"
"293580","나우IB","0","9577000","0.0","8.169181E7","0.00"
"138610","나이벡","5329","9957479","124965.0","2.33502883E8","0.05"
"130580","나이스디앤비","0","15400000","0.0","1.0934E8","0.00"
"036800","나이스정보통신","4822","10000000","118139.0","2.45E8","0.05"
"267320","나인테크","0","39396554","0.0","1.35918111E8","0.00"
"111710","남화산업","0","20588000","0.0","1.5379236E8","0.00"
"091590","남화토건","0","11740000","0.0","8.49976E7","0.00"
"168330","내츄럴엔도텍","54099","31754900","221535.0","1.30036316E8","0.17"
"094860","네오리진","0","104459775","0.0","7.4584279E7","0.00"
"253590","네오셈","0","38454626","0.0","1.259389E8","0.00"
"212560","네오오토","0","7874963","0.0","4.685603E7","0.00"
"095660","네오위즈","64461","22033719","1624417.0","5.55249719E8","0.29"
"042420","네오위즈홀딩스","8772","8856866","252195.0","2.54634898E8","0.10"
"950220","네오이뮨텍","0","98741510","0.0","4.09777267E8","0.00"
"311390","네오크레마","0","8036595","0.0","9.8448289E7","0.00"
"085910","네오티스","0","13828718","0.0","6.7276713E7","0.00"
"092730","네오팜","14505","8207361","291551.0","1.64967956E8","0.18"
"290660","네오펙트","0","19240617","0.0","3.9731874E7","0.00"
"306620","네온테크","0","41086029","0.0","1.65987557E8","0.00"
"153460","네이블","0","6530014","0.0","4.66243E7","0.00"
"007390","네이처셀","1580720","62637156","2.8136816E7","1.114941377E9","2.52"
"033640","네패스","519180","23059202","9760584.0","4.33512998E8","2.25"
"330860","네패스아크","0","12184045","0.0","3.4663608E8","0.00"
"089140","넥스턴바이오","57015","33600118","149094.0","8.7864309E7","0.17"
"137940","넥스트아이","0","78320992","0.0","5.208346E7","0.00"
"396270","넥스트칩","0","17384240","0.0","2.70324932E8","0.00"
"348210","넥스틴","0","9682380","0.0","5.25753234E8","0.00"
"225570","넥슨게임즈","428483","65735369","7198514.0","1.104354199E9","0.65"
"217270","넵튠","17287","32995124","197072.0","3.76144414E8","0.05"
"104620","노랑풍선","0","15747096","0.0","1.28496303E8","0.00"
"194700","노바렉스","0","9003740","0.0","2.62909208E8","0.00"
"285490","노바텍","0","10575831","0.0","3.25206803E8","0.00"
"106520","노블엠앤비","0","24938956","0.0","9.8384181E7","0.00"
"376930","노을","0","11453530","0.0","1.12817271E8","0.00"
"278650","노터스","30799","70255377","215593.0","4.91787639E8","0.04"
"142280","녹십자엠에스","0","21117283","0.0","1.56056721E8","0.00"
"234690","녹십자웰빙","0","17752276","0.0","1.37757662E8","0.00"
"065560","녹원씨엔아이","115315","23260125","665368.0","1.34210921E8","0.50"
"054050","농우바이오","48148","16030561","458369.0","1.52610941E8","0.30"
"069140","누리플랜","0","7102743","0.0","3.9846388E7","0.00"
"040160","누리플렉스","0","12055535","0.0","7.932542E7","0.00"
"332290","누보","0","31686323","0.0","8.3018166E7","0.00"
"126870","뉴로스","0","35639397","0.0","7.9475855E7","0.00"
"060260","뉴보텍","0","35761412","0.0","3.9873974E7","0.00"
"012340","뉴인텍","0","30044502","0.0","8.7729946E7","0.00"
"214870","뉴지랩파마","180261","31326035","1625954.0","2.82560836E8","0.58"
"270870","뉴트리","0","9200224","0.0","1.15922822E8","0.00"
"144960","뉴파워프라즈마","35572","43692624","135351.0","1.66250434E8","0.08"
"085670","뉴프렉스","0","24209753","0.0","1.00591524E8","0.00"
"119860","다나와","100420","13074822","1712161.0","2.22925715E8","0.77"
"064260","다날","1130617","68949040","7869094.0","4.79885318E8","1.64"
"093640","다믈멀티미디어","0","18248289","0.0","6.6058806E7","0.00"
"340360","다보링크","0","42765160","0.0","5.1104366E7","0.00"
"039560","다산네트웍스","61944","36380838","341931.0","2.00822226E8","0.17"
"298870","다올인베스트먼트","0","100000000","0.0","3.075E8","0.00"
"032190","다우데이타","344846","38300000","3517429.0","3.9066E8","0.90"
"068240","다원시스","1004695","34660519","2.210329E7","7.62531418E8","2.90"
"020400","대동금속","0","3189166","0.0","2.8128444E7","0.00"
"008830","대동기어","0","8987520","0.0","6.273289E7","0.00"
"048470","대동스틸","0","10000000","0.0","4.685E7","0.00"
"004780","대륙제관","31882","15903199","142034.0","7.0848752E7","0.20"
"017650","대림제지","0","9000000","0.0","7.605E7","0.00"
"007720","대명소노시즌","0","100800450","0.0","8.5277181E7","0.00"
"389260","대명에너지","0","17000000","0.0","2.38E8","0.00"
"317850","대모","0","8324420","0.0","6.9092686E7","0.00"
"290670","대보마그네틱","0","7824500","0.0","3.1532735E8","0.00"
"078140","대봉엘에스","16984","11086579","123304.0","8.0488564E7","0.15"
"036480","대성미생물","0","3800000","0.0","4.541E7","0.00"
"025440","대성엘텍","0","100971343","0.0","8.9561581E7","0.00"
"027830","대성창투","92884","40000000","276330.0","1.19E8","0.23"
"104040","대성파인텍","110555","31301281","173571.0","4.9143011E7","0.35"
"387310","대신밸런스제10호스팩","0","5460000","0.0","1.2285E7","0.00"
"397500","대신밸런스제11호스팩","0","7610000","0.0","2.03948E7","0.00"
"020180","대신정보통신","0","38428915","0.0","4.2079662E7","0.00"
"045390","대아티아이","599432","71151522","1915185.0","2.27329113E8","0.84"
"108380","대양전기공업","13792","9567333","164125.0","1.13851263E8","0.14"
"006580","대양제지","0","26850000","0.0","8.7531E7","0.00"
"007680","대원","0","13446474","0.0","1.20211478E8","0.00"
"048910","대원미디어","52208","12578946","618665.0","1.4906051E8","0.42"
"005710","대원산업","0","20037600","0.0","1.0419552E8","0.00"
"290380","대유","0","24713612","0.0","1.08739893E8","0.00"
"290120","대유에이피","0","11504019","0.0","6.2926984E7","0.00"
"120240","대정화금","0","7190391","0.0","1.22955686E8","0.00"
"003310","대주산업","0","35392350","0.0","1.1024717E8","0.00"
"078600","대주전자재료","392420","15480593","2.5036396E7","9.87661833E8","2.53"
"096350","대창솔루션","0","163761009","0.0","6.5176882E7","0.00"
"140520","대창스틸","0","21109243","0.0","6.5966384E7","0.00"
"131220","대한과학","0","7454490","0.0","5.1585071E7","0.00"
"010170","대한광통신","170964","73741625","386379.0","1.66656073E8","0.23"
"060900","대한그린파워","0","172786805","0.0","1.2544322E8","0.00"
"054670","대한뉴팜","0","14354920","0.0","1.48573422E8","0.00"
"023910","대한약품","0","6000000","0.0","1.524E8","0.00"
"021040","대호특수강","0","75398540","0.0","4.5917711E7","0.00"
"021045","대호특수강우","0","4242466","0.0","5578843.0","0.00"
"067080","대화제약","21267","18616650","148018.0","1.29571884E8","0.11"
"298540","더네이쳐홀딩스","0","14544656","0.0","4.15249929E8","0.00"
"299170","더블유에스아이","0","30027963","0.0","5.4650893E7","0.00"
"213420","덕산네오룩스","179189","24831179","5357751.0","7.42452252E8","0.72"
"317330","덕산테코피아","0","18377428","0.0","2.74742549E8","0.00"
"077360","덕산하이메탈","0","45437002","0.0","2.96249253E8","0.00"
"090410","덕신하우징","98813","46084095","227764.0","1.06223839E8","0.21"
"263600","덕우전자","0","15930310","0.0","9.8290013E7","0.00"
"194480","데브시스터즈","139515","11827160","5894509.0","4.9969751E8","1.18"
"263800","데이타솔루션","0","16190580","0.0","8.7591038E7","0.00"
"206560","덱스터","25783","25410336","355805.0","3.50662637E8","0.10"
"261200","덴티스","0","14757890","0.0","1.28393643E8","0.00"
"067990","도이치모터스","0","31475554","0.0","2.54951987E8","0.00"
"006620","동구바이오제약","36467","28464992","239224.0","1.86730348E8","0.13"
"100130","동국S&C","52385","57143000","291261.0","3.1771508E8","0.09"
"005160","동국산업","65071","54244482","182199.0","1.5188455E8","0.12"
"075970","동국알앤에스","0","18400000","0.0","6.6332E7","0.00"
"086450","동국제약","386373","44460000","7785416.0","8.95869E8","0.87"
"099410","동방선기","0","13541002","0.0","4.0352186E7","0.00"
"033500","동성화인텍","45789","29625030","476206.0","3.08100312E8","0.15"
"025950","동신건설","0","8400000","0.0","1.6128E8","0.00"
"088130","동아엘텍","16490","10662938","115265.0","7.4533937E7","0.15"
"041930","동아화성","18215","15800000","142077.0","1.2324E8","0.12"
"060380","동양에스텍","0","19700000","0.0","4.52115E7","0.00"
"079960","동양이엔피","0","7860000","0.0","1.01787E8","0.00"
"228340","동양파일","0","20000000","0.0","7.3E7","0.00"
"088910","동우팜투테이블","0","25831764","0.0","6.8325016E7","0.00"
"094170","동운아나텍","27910","17577506","242259.0","1.52572752E8","0.16"
"013120","동원개발","73017","90808100","301195.0","3.74583413E8","0.08"
"109860","동일금속","0","9100000","0.0","1.57885E8","0.00"
"032960","동일기연","0","3635150","0.0","4.434883E7","0.00"
"023790","동일철강","0","15984446","0.0","4.0920182E7","0.00"
"005290","동진쎄미켐","915553","51414494","2.9206141E7","1.640122359E9","1.78"
"025900","동화기업","14736","20201177","879739.0","1.206010267E9","0.07"
"131970","두산테스나","473520","14759577","1.4300304E7","4.45739225E8","3.21"
"073190","듀오백","0","11968040","0.0","2.6090327E7","0.00"
"030350","드래곤플라이","0","41336352","0.0","7.4198752E7","0.00"
"203650","드림시큐리티","0","50605754","0.0","1.58902068E8","0.00"
"223250","드림씨아이에스","0","5925720","0.0","8.296008E7","0.00"
"060570","드림어스컴퍼니","106632","56859847","341756.0","1.8223581E8","0.19"
"217620","디딤","0","41651732","0.0","5.747939E7","0.00"
"016670","디모아","146661","101858024","142701.0","9.9107857E7","0.14"
"187870","디바이스이엔지","0","7036609","0.0","1.18918692E8","0.00"
"066670","디스플레이텍","0","18691918","0.0","1.03927064E8","0.00"
"110990","디아이티","0","18900000","0.0","1.2852E8","0.00"
"078590","디아크","637773","133006958","1517900.0","3.1655656E8","0.48"
"263690","디알젬","0","11325610","0.0","9.6947222E7","0.00"
"214680","디알텍","67628","58019955","100766.0","8.6449733E7","0.12"
"263720","디앤씨미디어","8459","12275111","179754.0","2.60846109E8","0.07"
"376300","디어유","0","21977166","0.0","7.29641911E8","0.00"
"141020","디에스앤엘","0","32802132","0.0","4.3790846E7","0.00"
"109740","디에스케이","32858","27024910","164947.0","1.35665048E8","0.12"
"196490","디에이테크놀로지","0","24686321","0.0","9.380802E7","0.00"
"066900","디에이피","0","22744503","0.0","7.3351022E7","0.00"
"180400","디엑스앤브이엑스","384435","28692885","2975527.0","2.2208293E8","1.34"
"127120","디엔에이링크","0","17093692","0.0","6.8203831E7","0.00"
"092070","디엔에프","21798","11571858","301902.0","1.60270233E8","0.19"
"039840","디오","32434","15881755","836797.0","4.09749279E8","0.20"
"219550","디와이디","0","36737590","0.0","5.1432626E7","0.00"
"310870","디와이씨","0","20687271","0.0","2.9169052E7","0.00"
"104460","디와이피엔에프","0","10713625","0.0","4.03903663E8","0.00"
"079810","디이엔티","0","14854303","0.0","9.9375287E7","0.00"
"113810","디젠스","0","32628051","0.0","3.7848539E7","0.00"
"043360","디지아이","0","9000000","0.0","3.231E7","0.00"
"197140","디지캡","0","9557649","0.0","3.6988102E7","0.00"
"068930","디지털대성","14480","29800739","100057.0","2.05923106E8","0.05"
"033130","디지틀조선","0","37115267","0.0","7.8869942E7","0.00"
"105740","디케이락","11413","8491912","106027.0","7.8889862E7","0.13"
"263020","디케이앤디","0","15526404","0.0","4.4250251E7","0.00"
"290550","디케이티","0","16462666","0.0","1.49645634E8","0.00"
"187220","디티앤씨","0","11698021","0.0","5.8022184E7","0.00"
"131180","딜리","0","29350000","0.0","4.49055E7","0.00"
"315640","딥노이드","0","9277746","0.0","7.1902532E7","0.00"
"317120","라닉스","0","9660000","0.0","5.76702E7","0.00"
"042510","라온시큐어","0","38666746","0.0","1.0730022E8","0.00"
"232680","라온테크","0","12339234","0.0","1.70281429E8","0.00"
"300120","라온피플","0","10557856","0.0","1.53616805E8","0.00"
"171120","라이온켐텍","15147","18893576","112542.0","1.4037927E8","0.08"
"069540","라이트론","0","26061956","0.0","1.02162868E8","0.00"
"347700","라이프시맨틱스","0","10227950","0.0","5.6151446E7","0.00"
"214260","라파스","0","8617416","0.0","3.23583971E8","0.00"
"200350","래몽래인","0","6258519","0.0","1.00136304E8","0.00"
"171010","램테크놀러지","0","13836057","0.0","8.3293063E7","0.00"
"084650","랩지노믹스","0","33991623","0.0","2.47798932E8","0.00"
"217500","러셀","0","31812000","0.0","1.073655E8","0.00"
"141080","레고켐바이오","670404","24303258","2.9698897E7","1.076634329E9","2.76"
"060300","레드로버","102484","29231297","187546.0","5.3493274E7","0.35"
"038390","레드캡투어","0","8589480","0.0","1.51604322E8","0.00"
"294140","레몬","28885","37000000","179376.0","2.2977E8","0.08"
"228670","레이","0","13306534","0.0","2.94074401E8","0.00"
"228850","레이언스","0","16591014","0.0","1.52637329E8","0.00"
"412350","레이저쎌","0","8425772","0.0","1.23858848E8","0.00"
"281740","레이크머티리얼즈","0","65730548","0.0","2.76068302E8","0.00"
"277810","레인보우로보틱스","0","16135214","0.0","3.70303161E8","0.00"
"215100","로보로보","0","20348454","0.0","1.43456601E8","0.00"
"090360","로보스타","47617","9750000","852344.0","1.74525E8","0.49"
"108490","로보티즈","0","11932423","0.0","2.07027539E8","0.00"
"900260","로스웰","0","180156443","0.0","5.4587402E7","0.00"
"067730","로지시스","0","9673922","0.0","4.6870152E7","0.00"
"071280","로체시스템즈","0","15296603","0.0","9.132072E7","0.00"
"038060","루멘스","0","48103069","0.0","5.3153891E7","0.00"
"085370","루트로닉","0","26322169","0.0","4.77747367E8","0.00"
"08537M","루트로닉3우C","0","241503","0.0","6617182.0","0.00"
"060240","룽투코리아","27227","25429284","125925.0","1.17610439E8","0.11"
"058470","리노공업","56835","15242370","7246463.0","1.943402175E9","0.37"
"039980","리노스","193344","45713596","165309.0","3.9085125E7","0.42"
"019570","리더스 기술투자","0","130043702","0.0","5.2017481E7","0.00"
"016100","리더스코스메틱","42195","19100894","116669.0","5.2813972E7","0.22"
"012700","리드코프","21944","26446135","176869.0","2.13155848E8","0.08"
"302550","리메드","0","6127616","0.0","7.7207962E7","0.00"
"377450","리파인","0","17330000","0.0","2.06227E8","0.00"
"277070","린드먼아시아","0","13692000","0.0","6.43524E7","0.00"
"042500","링네트","0","15356878","0.0","6.4959594E7","0.00"
"219420","링크제니시스","0","11469507","0.0","6.4573324E7","0.00"
"195500","마니커에프앤지","0","15928000","0.0","5.89336E7","0.00"
"222810","마이더스AI","0","39330151","0.0","8.2789968E7","0.00"
"305090","마이크로디지탈","0","14744200","0.0","7.4753094E7","0.00"
"098120","마이크로컨텍솔","0","8312766","0.0","4.9876596E7","0.00"
"147760","마이크로프랜드","26499","10819866","119643.0","4.8851695E7","0.24"
"377480","마인즈랩","0","6079208","0.0","1.00914853E8","0.00"
"038290","마크로젠","56587","10841400","1479750.0","2.8350261E8","0.52"
"267980","매일유업","21876","7843638","1270996.0","4.55715368E8","0.28"
"005990","매일홀딩스","0","13718304","0.0","1.25385299E8","0.00"
"127160","매직마이크로","0","86623501","0.0","2.4427827E7","0.00"
"093520","매커스","0","16163092","0.0","1.23809285E8","0.00"
"377030","맥스트","0","19570882","0.0","3.44447523E8","0.00"
"100590","머큐리","0","14860434","0.0","9.4363756E7","0.00"
"067280","멀티캠퍼스","0","5926779","0.0","2.23735907E8","0.00"
"072870","메가스터디","11400","11920959","124830.0","1.30534501E8","0.10"
"215200","메가스터디교육","54539","11861880","4150418.0","9.02689068E8","0.46"
"133750","메가엠디","0","23407077","0.0","6.0507294E7","0.00"
"235980","메드팩토","68435","21065452","1621910.0","4.99251212E8","0.32"
"041920","메디아나","0","16000000","0.0","7.36E7","0.00"
"014100","메디앙스","51487","11800000","202859.0","4.6492E7","0.44"
"054180","메디콕스","0","96286151","0.0","5.1994522E7","0.00"
"086900","메디톡스","176474","6556073","1.9853325E7","7.37558213E8","2.69"
"078160","메디포스트","90051","16264194","1746989.0","3.15525364E8","0.55"
"065650","메디프론","0","43615959","0.0","6.6078178E7","0.00"
"021880","메이슨캐피탈","0","152184408","0.0","8.1114289E7","0.00"
"140410","메지온","254009","26742018","4800770.0","5.0542414E8","0.95"
"241770","메카로","0","10192640","0.0","1.06513088E8","0.00"
"059210","메타바이오메드","124599","23862351","276610.0","5.2974419E7","0.52"
"058110","멕아이씨에스","0","16050530","0.0","8.6351851E7","0.00"
"096640","멜파스","0","37946235","0.0","5.6729621E7","0.00"
"257370","명성티엔에스","0","7726156","0.0","7.1157897E7","0.00"
"080420","모다이노칩","0","79721622","0.0","2.70256299E8","0.00"
"080160","모두투어","310645","18900000","4783933.0","2.9106E8","1.64"
"100030","모바일리더","0","3283714","0.0","6.7808694E7","0.00"
"087260","모바일어플라이언스","0","32552861","0.0","9.7821347E7","0.00"
"101330","모베이스","0","23958188","0.0","6.7801672E7","0.00"
"012860","모베이스전자","0","70756677","0.0","9.4813947E7","0.00"
"363260","모비데이즈","0","158828847","0.0","2.25536963E8","0.00"
"348030","모비릭스","0","9603800","0.0","1.5029947E8","0.00"
"250060","모비스","0","32171314","0.0","5.2921812E7","0.00"
"288980","모아데이타","0","5405872","0.0","1.37849736E8","0.00"
"033200","모아텍","0","14331185","0.0","7.6385216E7","0.00"
"118990","모트렉스","0","24495500","0.0","2.53528425E8","0.00"
"006920","모헨즈","0","10920000","0.0","4.2042E7","0.00"
"001810","무림SP","0","22137500","0.0","5.8332313E7","0.00"
"279600","미디어젠","0","4684781","0.0","4.9190201E7","0.00"
"095500","미래나노텍","22906","31009999","132168.0","1.78927694E8","0.07"
"218150","미래생명자원","0","19895844","0.0","1.22359441E8","0.00"
"353490","미래에셋대우스팩 5호","0","5060000","0.0","1.09043E7","0.00"
"328380","미래에셋대우스팩3호","0","6482000","0.0","1.325569E7","0.00"
"100790","미래에셋벤처투자","0","48480361","0.0","2.68096396E8","0.00"
"412930","미래에셋비전스팩1호","0","6176000","0.0","1.315488E7","0.00"
"049950","미래컴퍼니","8133","8586820","156967.0","1.65725626E8","0.09"
"207760","미스터블루","0","24761635","0.0","1.31731898E8","0.00"
"059090","미코","50697","33416778","407604.0","2.68670895E8","0.15"
"214610","미코바이오메드","0","18296767","0.0","2.03094114E8","0.00"
"201490","미투온","74884","31257770","329490.0","1.37534188E8","0.24"
"950190","미투젠","0","13579892","0.0","2.17957267E8","0.00"
"214180","민앤지","14884","13257185","203911.0","1.81623435E8","0.11"
"206640","바디텍메드","13901","23486560","167507.0","2.83013048E8","0.06"
"018700","바른손","0","35119757","0.0","9.1662566E7","0.00"
"035620","바른손이앤에이","0","74439675","0.0","7.6672865E7","0.00"
"064520","바른전자","0","8368647","0.0","7.9083714E7","0.00"
"053030","바이넥스","548528","31761048","8173067.0","4.73239615E8","1.73"
"301300","바이브컴퍼니","0","5580180","0.0","1.66847382E8","0.00"
"064550","바이오니아","172877","25810291","4399720.0","6.56871906E8","0.67"
"314930","바이오다인","0","6168195","0.0","1.70242182E8","0.00"
"208710","바이오로그디바이스","0","41431412","0.0","5.634672E7","0.00"
"086820","바이오솔루션","0","8143426","0.0","1.20115534E8","0.00"
"038460","바이오스마트","70350","20087800","279290.0","7.9748566E7","0.35"
"251120","바이오에프디엔씨","0","8695700","0.0","2.0260981E8","0.00"
"086040","바이오톡스텍","0","14667123","0.0","1.10443436E8","0.00"
"099430","바이오플러스","0","14482716","0.0","3.87412653E8","0.00"
"032980","바이온","83004","34293780","113300.0","4.681101E7","0.24"
"222160","바이옵트로","0","8143866","0.0","5.4156709E7","0.00"
"308080","바이젠셀","0","19006060","0.0","1.69534055E8","0.00"
"043150","바텍","0","14854256","0.0","4.53797521E8","0.00"
"323990","박셀바이오","513662","15223000","1.9930086E7","5.906524E8","3.37"
"267790","배럴","0","7885500","0.0","6.071835E7","0.00"
"046310","백금T&A","0","16418641","0.0","4.5315449E7","0.00"
"066410","버킷스튜디오","0","73572521","0.0","1.33166263E8","0.00"
"382900","범한퓨얼셀","0","8761000","0.0","2.864847E8","0.00"
"206400","베노홀딩스","0","28834011","0.0","9.3854706E7","0.00"
"019010","베뉴지","0","48200000","0.0","1.04112E8","0.00"
"177350","베셀","0","12393794","0.0","7.882453E7","0.00"
"299910","베스파","0","8206916","0.0","2.5974889E7","0.00"
"225530","보광산업","0","36338727","0.0","1.94775577E8","0.00"
"250000","보라티알","0","6750733","0.0","7.8646039E7","0.00"
"310210","보로노이","0","12638949","0.0","5.17564962E8","0.00"
"006910","보성파워텍","458203","49129824","2336835.0","2.50562102E8","0.93"
"226340","본느","0","30699596","0.0","4.9119354E7","0.00"
"014470","부방","0","60052260","0.0","1.34216801E8","0.00"
"008470","부스타","0","8404800","0.0","4.3200672E7","0.00"
"338220","뷰노","0","11332656","0.0","9.1001228E7","0.00"
"100120","뷰웍스","18449","10001865","628188.0","3.40563503E8","0.18"
"337930","브랜드엑스코퍼레이션","0","29572416","0.0","2.16470085E8","0.00"
"099390","브레인즈컴퍼니","0","8208283","0.0","6.7472086E7","0.00"
"064480","브리지텍","0","11952500","0.0","5.6774375E7","0.00"
"288330","브릿지바이오테라퓨틱스","0","19866425","0.0","1.78996489E8","0.00"
"365900","브이씨","0","7310300","0.0","9.4668385E7","0.00"
"251630","브이원텍","0","15155580","0.0","1.10029511E8","0.00"
"018290","브이티지엠피","0","34483893","0.0","1.80005921E8","0.00"
"044480","블루베리 NFT","0","32343981","0.0","7.4391156E7","0.00"
"033560","블루콤","16759","17100000","162730.0","1.66041E8","0.10"
"369370","블리츠웨이","0","40810078","0.0","1.18145176E8","0.00"
"126340","비나텍","0","5468262","0.0","2.22011437E8","0.00"
"121800","비덴트","301411","51320997","2586106.0","4.40334154E8","0.59"
"148140","비디아이","0","43208667","0.0","2.7653547E7","0.00"
"082800","비보존 헬스케어","0","234042627","0.0","2.15787302E8","0.00"
"318410","비비씨","0","5555243","0.0","5.7774527E7","0.00"
"146320","비씨엔씨","0","12367923","0.0","2.17057049E8","0.00"
"200780","비씨월드제약","0","8892384","0.0","8.7589982E7","0.00"
"141000","비아트론","52314","12114710","428975.0","9.9340622E7","0.43"
"090460","비에이치","276335","34464379","6880742.0","8.58163037E8","0.80"
"083650","비에이치아이","49153","26000000","344071.0","1.82E8","0.19"
"142760","비엘","0","31448597","0.0","1.88691582E8","0.00"
"065170","비엘팜텍","0","88970559","0.0","7.9806591E7","0.00"
"086670","비엠티","0","8146529","0.0","9.4499736E7","0.00"
"335890","비올","0","58133344","0.0","1.09290687E8","0.00"
"138580","비즈니스온","95822","22556163","754119.0","1.77517003E8","0.42"
"082920","비츠로셀","9709","21539152","108741.0","2.41238502E8","0.05"
"054220","비츠로시스","0","25160874","0.0","1.42662156E8","0.00"
"042370","비츠로테크","0","26200025","0.0","1.7816017E8","0.00"
"050090","비케이홀딩스","251809","79138942","133207.0","4.18645E7","0.32"
"307870","비투엔","0","30701200","0.0","6.1095388E7","0.00"
"357880","비트나인","0","10353956","0.0","1.12340423E8","0.00"
"032850","비트컴퓨터","0","16623293","0.0","1.04560513E8","0.00"
"148780","비플라이소프트","0","6073318","0.0","5.2655667E7","0.00"
"238200","비피도","0","8180000","0.0","6.71578E7","0.00"
"093190","빅솔론","0","19238905","0.0","1.17742099E8","0.00"
"065450","빅텍","0","28652800","0.0","1.4756192E8","0.00"
"072950","빛샘전자","0","6230859","0.0","3.9503646E7","0.00"
"143240","사람인에이치알","6411","11659263","207716.0","3.77760121E8","0.05"
"100090","삼강엠앤티","322570","37076672","6080445.0","6.98895267E8","0.87"
"122350","삼기","0","38339428","0.0","1.15785073E8","0.00"
"014970","삼륭물산","0","15125000","0.0","7.9255E7","0.00"
"018310","삼목에스폼","0","14700000","0.0","2.77095E8","0.00"
"053700","삼보모터스","0","18823896","0.0","7.3507314E7","0.00"
"009620","삼보산업","0","45255561","0.0","4.842345E7","0.00"
"023600","삼보판지","15014","16170000","138729.0","1.494108E8","0.09"
"380320","삼성머스트스팩5호","0","4810000","0.0","2.0683E7","0.00"
"377630","삼성스팩4호","0","4020000","0.0","2.35572E7","0.00"
"425290","삼성스팩6호","0","5520000","0.0","4.416E7","0.00"
"009300","삼아제약","0","6370000","0.0","9.20465E7","0.00"
"225190","삼양옵틱스","0","10149688","0.0","1.28901038E8","0.00"
"361670","삼영에스앤씨","0","5667658","0.0","3.8766781E7","0.00"
"054540","삼영엠텍","0","13000000","0.0","5.369E7","0.00"
"065570","삼영이엔씨","0","10794010","0.0","5.1811248E7","0.00"
"032280","삼일","0","16213590","0.0","3.3481063E7","0.00"
"002290","삼일기업공사","0","12400000","0.0","4.4888E7","0.00"
"037460","삼지전자","30542","16318522","295036.0","1.57636923E8","0.19"
"032750","삼진","0","7200000","0.0","4.6008E7","0.00"
"054090","삼진엘앤디","81959","24959232","273333.0","8.3239039E7","0.33"
"000250","삼천당제약","155006","22768041","4983443.0","7.31992518E8","0.68"
"024950","삼천리자전거","0","13273577","0.0","9.8091734E7","0.00"
"038500","삼표시멘트","540932","107916306","2077179.0","4.14398615E8","0.50"
"017480","삼현철강","0","15702890","0.0","8.5109664E7","0.00"
"046390","삼화네트웍스","65737","43172933","231723.0","1.52184589E8","0.15"
"027580","상보","81394","59181279","118835.0","8.6404667E7","0.14"
"038540","상상인","1088432","55328313","9382284.0","4.76930058E8","1.97"
"101000","상상인인더스트리","0","71750792","0.0","5.2808583E7","0.00"
"415580","상상인제3호스팩","0","5310000","0.0","1.12041E7","0.00"
"091580","상신이디피","60088","13544698","934368.0","2.10620054E8","0.44"
"263810","상신전자","0","14244718","0.0","4.7150017E7","0.00"
"089980","상아프론테크","83694","15989037","2410387.0","4.60484266E8","0.52"
"042940","상지카일룸","0","93446339","0.0","9.3259446E7","0.00"
"042600","새로닉스","5742","12423574","115414.0","2.49713837E8","0.05"
"252990","샘씨엔에스","0","50153846","0.0","2.51270768E8","0.00"
"294630","서남","0","21389160","0.0","5.8713244E7","0.00"
"038070","서린바이오","30163","8500676","367989.0","1.03708247E8","0.35"
"006730","서부T&D","419482","60399705","3020270.0","4.34877876E8","0.69"
"079650","서산","0","20000000","0.0","4.04E7","0.00"
"100660","서암기계공업","18615","12600000","137751.0","9.324E7","0.15"
"019770","서연탑메탈","0","11650000","0.0","7.3861E7","0.00"
"043710","서울리거","0","39166162","0.0","3.8422005E7","0.00"
"092190","서울바이오시스","377283","38223653","2437248.0","2.46924798E8","0.99"
"046890","서울반도체","1945600","58305400","2.023424E7","6.0637616E8","3.34"
"063170","서울옥션","15571","17774267","287285.0","3.27935226E8","0.09"
"027040","서울전자통신","0","69588847","0.0","4.7459594E7","0.00"
"018680","서울제약","0","8524523","0.0","4.0832465E7","0.00"
"093920","서원인텍","0","18600000","0.0","1.03044E8","0.00"
"189860","서전기전","25645","9698780","232600.0","8.7967935E7","0.26"
"178320","서진시스템","1124151","37580642","1.6356397E7","5.46798341E8","2.99"
"122690","서진오토모티브","0","19541246","0.0","5.9503094E7","0.00"
"140070","서플러스글로벌","0","36988000","0.0","1.239098E8","0.00"
"011370","서한","112159","100894865","143564.0","1.29145427E8","0.11"
"065710","서호전기","6967","5150000","123316.0","9.1155E7","0.14"
"035890","서희건설","1638549","229808457","2302161.0","3.22880882E8","0.71"
"357550","석경에이티","0","5455000","0.0","9.76445E7","0.00"
"003100","선광","3387","6600000","303814.0","5.9202E8","0.05"
"171090","선익시스템","7016","9204876","114712.0","1.50499723E8","0.08"
"086710","선진뷰티사이언스","0","12203280","0.0","7.0779024E7","0.00"
"014620","성광벤드","24513","28600000","251258.0","2.9315E8","0.09"
"037350","성도이엔지","0","15470000","0.0","7.93611E7","0.00"
"081580","성우전자","0","15508143","0.0","4.4198208E7","0.00"
"045300","성우테크론","0","9771293","0.0","4.4166244E7","0.00"
"015750","성우하이텍","407706","80000000","1718481.0","3.372E8","0.51"
"080470","성창오토텍","0","7300000","0.0","4.8691E7","0.00"
"043260","성호전자","0","53405384","0.0","8.0108076E7","0.00"
"148150","세경하이테크","0","11784281","0.0","1.96797493E8","0.00"
"053060","세동","0","17459007","0.0","2.444261E7","0.00"
"340440","세림B&G","0","28378364","0.0","9.1520224E7","0.00"
"017510","세명전기","51529","15246000","200448.0","5.930694E7","0.34"
"011560","세보엠이씨","25297","10530000","202629.0","8.43453E7","0.24"
"396300","세아메카닉스","0","26489500","0.0","1.7271154E8","0.00"
"100700","세운메디칼","77279","43800000","247293.0","1.4016E8","0.18"
"024830","세원물산","0","8350000","0.0","5.2438E7","0.00"
"258830","세종메디칼","0","40666445","0.0","1.5534582E8","0.00"
"036630","세종텔레콤","0","277836937","0.0","2.0504366E8","0.00"
"039310","세중","0","18121667","0.0","4.9200326E7","0.00"
"067770","세진티에스","0","8396593","0.0","2.9178161E7","0.00"
"053450","세코닉스","14260","14792803","109802.0","1.13904583E8","0.10"
"234340","세틀뱅크","0","9453000","0.0","1.79607E8","0.00"
"252500","세화피앤씨","0","41486390","0.0","5.4347171E7","0.00"
"347000","센코","0","8251244","0.0","1.02727988E8","0.00"
"331920","셀레믹스","0","8164148","0.0","5.6169338E7","0.00"
"049180","셀루메드","0","39606973","0.0","1.72290333E8","0.00"
"299660","셀리드","0","9731192","0.0","1.80513612E8","0.00"
"268600","셀리버리","836609","17333799","2.3508713E7","4.87079752E8","4.83"
"108860","셀바스AI","127375","22055945","853413.0","1.47774832E8","0.58"
"208370","셀바스헬스케어","0","21680564","0.0","4.8347658E7","0.00"
"068760","셀트리온제약","599675","37681053","4.9113383E7","3.086078241E9","1.59"
"091990","셀트리온헬스케어","2636251","158154885","1.91391823E8","1.1482044651E10","1.67"
"060230","소니드","0","19777794","0.0","6.9222279E7","0.00"
"290690","소룩스","0","8256843","0.0","7.1586829E7","0.00"
"053110","소리바다","0","8940349","0.0","3.5403782E7","0.00"
"950200","소마젠","0","19133553","0.0","1.03512522E8","0.00"
"032680","소프트센","0","38247703","0.0","6.3299948E7","0.00"
"032685","소프트센우","0","142857","0.0","3521425.0","0.00"
"258790","소프트캠프","0","24991284","0.0","4.2610139E7","0.00"
"066910","손오공","99342","26896161","226500.0","6.1323247E7","0.37"
"043100","솔고바이오","0","62279208","0.0","3.3755331E7","0.00"
"154040","솔루에타","0","13825216","0.0","3.7535461E7","0.00"
"035610","솔본","44510","27345997","157120.0","9.6531369E7","0.16"
"357780","솔브레인","109405","7778566","2.4320732E7","1.729175222E9","1.41"
"036830","솔브레인홀딩스","0","20964056","0.0","4.03558078E8","0.00"
"304100","솔트룩스","0","10201330","0.0","9.4464316E7","0.00"
"086980","쇼박스","62621","62611000","302146.0","3.02098075E8","0.10"
"050960","수산아이앤티","0","6751000","0.0","6.95353E7","0.00"
"253840","수젠텍","0","15540916","0.0","2.37776015E8","0.00"
"236200","슈프리마","0","7193273","0.0","1.53216715E8","0.00"
"317770","슈프리마아이디","0","3054020","0.0","4.3672486E7","0.00"
"094840","슈프리마에이치큐","0","10471840","0.0","6.1050827E7","0.00"
"192440","슈피겐코리아","8738","6216363","318937.0","2.2689725E8","0.14"
"099440","스맥","0","33179593","0.0","8.4276166E7","0.00"
"033790","스카이문스테크놀로지","0","17117100","0.0","1.4190076E7","0.00"
"131100","스카이이앤엠","0","26833204","0.0","7.6474631E7","0.00"
"276040","스코넥","0","12183324","0.0","1.44372389E8","0.00"
"159910","스킨앤스킨","0","354150749","0.0","7.9683919E7","0.00"
"115570","스타플렉스","0","7984508","0.0","3.4333384E7","0.00"
"330730","스톤브릿지벤처스","0","17993830","0.0","1.02744769E8","0.00"
"253450","스튜디오드래곤","154754","30014185","1.123514E7","2.179029831E9","0.52"
"204630","스튜디오산타클로스","0","9810859","0.0","6.6223298E7","0.00"
"013810","스페코","0","14655470","0.0","8.2803406E7","0.00"
"049830","승일","0","6132112","0.0","7.0519288E7","0.00"
"020710","시공테크","0","20047970","0.0","1.01442728E8","0.00"
"033170","시그네틱스","0","85728319","0.0","1.34164819E8","0.00"
"048870","시너지이노베이션","37176","80427394","129372.0","2.79887331E8","0.05"
"025320","시노펙스","240680","73242958","801464.0","2.4389905E8","0.33"
"269620","시스웍","0","108582089","0.0","9.6529477E7","0.00"
"131090","시큐브","143443","44000000","146312.0","4.488E7","0.33"
"139050","시티랩스","0","106098527","0.0","6.3022525E7","0.00"
"290520","신도기연","0","15929362","0.0","7.6859172E7","0.00"
"001000","신라섬유","0","24277540","0.0","4.224292E7","0.00"
"025870","신라에스지","0","4000000","0.0","3.956E7","0.00"
"215600","신라젠","6517123","102867125","7.8857188E7","1.244692213E9","6.34"
"065350","신성델타테크","36110","27483948","360378.0","2.74289801E8","0.13"
"002800","신신제약","34173","15170500","167277.0","7.4259598E7","0.23"
"344050","신영스팩6호","0","4305000","0.0","9836925.0","0.00"
"419270","신영스팩7호","0","4305000","0.0","9234225.0","0.00"
"017000","신원종합개발","22078","11668027","151014.0","7.9809305E7","0.19"
"012790","신일제약","0","11541464","0.0","1.0098781E8","0.00"
"138070","신진에스엠","11477","8972183","105588.0","8.2544084E7","0.13"
"226330","신테카바이오","0","13517716","0.0","1.25849936E8","0.00"
"333050","신한제6호스팩","0","5010000","0.0","1.08717E7","0.00"
"366330","신한제7호스팩","0","4550000","0.0","9668750.0","0.00"
"393360","신한제8호스팩","0","7350000","0.0","1.576575E7","0.00"
"405640","신한제9호스팩","0","4535000","0.0","9704900.0","0.00"
"056700","신화인터텍","57229","29135091","232636.0","1.18434145E8","0.20"
"187270","신화콘텍","0","10143845","0.0","5.9341493E7","0.00"
"243840","신흥에스이씨","2569","7763229","128193.0","3.87385127E8","0.03"
"257720","실리콘투","0","10230985","0.0","2.76748144E8","0.00"
"222800","심텍","642582","31854143","2.3454243E7","1.16267622E9","2.02"
"036710","심텍홀딩스","0","40663579","0.0","1.50455242E8","0.00"
"160980","싸이맥스","13292","10924243","176119.0","1.4474622E8","0.12"
"356890","싸이버원","0","4741730","0.0","5.2633203E7","0.00"
"217330","싸이토젠","4395","5951386","255350.0","3.45775527E8","0.07"
"010280","쌍용정보통신","0","63964034","0.0","7.3878459E7","0.00"
"208640","썸에이지","0","139240254","0.0","1.55252883E8","0.00"
"222420","쎄노텍","0","40158175","0.0","7.8710023E7","0.00"
"037760","쎄니트","0","33832921","0.0","5.5316826E7","0.00"
"099320","쎄트렉아이","0","9085607","0.0","2.9846219E8","0.00"
"049960","쎌바이오텍","23324","9400000","319539.0","1.2878E8","0.25"
"050890","쏠리드","117417","61221640","585911.0","3.05495984E8","0.19"
"066790","씨씨에스","0","56005065","0.0","3.0018715E7","0.00"
"222080","씨아이에스","4386844","61437486","5.6590288E7","7.92543569E8","7.14"
"352480","씨앤씨인터내셔널","0","10013941","0.0","1.71238391E8","0.00"
"264660","씨앤지하이테크","0","8486542","0.0","9.7170906E7","0.00"
"352700","씨앤투스성진","0","28276899","0.0","1.47888182E8","0.00"
"297090","씨에스베어링","0","13500000","0.0","1.49175E8","0.00"
"359090","씨엔알리서치","0","53222419","0.0","9.3139233E7","0.00"
"115530","씨엔플러스","0","67963000","0.0","2.8204645E7","0.00"
"115480","씨유메디칼","0","45144525","0.0","4.6273138E7","0.00"
"376290","씨유테크","0","17657500","0.0","7.9547038E7","0.00"
"189330","씨이랩","0","6027284","0.0","7.7149235E7","0.00"
"096530","씨젠","2111836","52225994","8.3206338E7","2.057704164E9","4.04"
"900120","씨케이에이치","0","123012232","0.0","3.0753058E7","0.00"
"101240","씨큐브","0","10138184","0.0","6.4681614E7","0.00"
"060590","씨티씨바이오","101675","24181020","828651.0","1.97075313E8","0.42"
"260930","씨티케이","0","19341591","0.0","1.30942571E8","0.00"
"013990","아가방컴퍼니","123455","32887536","359871.0","9.5867167E7","0.38"
"123860","아나패스","7043","11699856","158115.0","2.62661767E8","0.06"
"025980","아난티","1257839","86428901","8389786.0","5.7648077E8","1.46"
"058220","아리온","0","38974244","0.0","1.0717917E7","0.00"
"125210","아모그린텍","0","16496790","0.0","1.78990172E8","0.00"
"357580","아모센스","0","11200076","0.0","1.37200931E8","0.00"
"052710","아모텍","27847","9743406","587572.0","2.05585867E8","0.29"
"074430","아미노로직스","88423","87826844","225479.0","2.23958452E8","0.10"
"092040","아미코젠","236271","19754708","5575996.0","4.66211109E8","1.20"
"083930","아바코","40705","15412798","415191.0","1.5721054E8","0.26"
"149950","아바텍","28189","15607500","424244.0","2.34892875E8","0.18"
"036010","아비코전자","0","13292934","0.0","1.2694752E8","0.00"
"050860","아세아텍","0","22500000","0.0","6.2325E7","0.00"
"136410","아셈스","0","11019106","0.0","1.48206976E8","0.00"
"246720","아스타","0","12664779","0.0","5.0785764E7","0.00"
"067390","아스트","0","25710139","0.0","1.28807796E8","0.00"
"159010","아스플로","0","4444913","0.0","1.04677701E8","0.00"
"127710","아시아경제","0","34904082","0.0","6.9633644E7","0.00"
"154030","아시아종묘","0","11057213","0.0","4.7103727E7","0.00"
"227610","아우딘퓨쳐스","0","22178848","0.0","3.4488109E7","0.00"
"143160","아이디스","15680","10716390","367696.0","2.51299346E8","0.15"
"054800","아이디스홀딩스","0","10347756","0.0","1.28829562E8","0.00"
"332370","아이디피","0","6636863","0.0","5.0241053E7","0.00"
"339950","아이비김영","0","44946655","0.0","9.3264309E7","0.00"
"099190","아이센스","29566","13753738","848544.0","3.94732281E8","0.21"
"289010","아이스크림에듀","0","12864037","0.0","5.4028955E7","0.00"
"214430","아이쓰리시스템","0","7106760","0.0","1.20104244E8","0.00"
"040910","아이씨디","58960","18065413","530640.0","1.62588717E8","0.33"
"068940","아이씨케이","77976","35587609","279934.0","1.27759516E8","0.22"
"052860","아이앤씨","0","17862854","0.0","5.1980905E7","0.00"
"069920","아이에스이커머스","0","25826362","0.0","1.87757652E8","0.00"
"038880","아이에이","192867","294769150","153329.0","2.34341474E8","0.07"
"307180","아이엘사이언스","0","22726219","0.0","8.3632486E7","0.00"
"101390","아이엠","0","8103470","0.0","3.8288896E7","0.00"
"078860","아이오케이","0","94118440","0.0","6.5506434E7","0.00"
"114810","아이원스","30210","29352174","210866.0","2.04878175E8","0.10"
"090150","아이윈","0","41118635","0.0","6.9490493E7","0.00"
"123010","아이윈플러스","0","59636752","0.0","3.8167521E7","0.00"
"031310","아이즈비전","0","16439898","0.0","4.4880922E7","0.00"
"185490","아이진","19529","21414478","167559.0","1.83736221E8","0.09"
"059100","아이컴포넌트","25275","7070860","157463.0","4.4051458E7","0.36"
"262840","아이퀘스트","0","9860000","0.0","9.59378E7","0.00"
"175250","아이큐어","32103","19001657","420549.0","2.48921707E8","0.17"
"052460","아이크래프트","0","14607936","0.0","5.1712093E7","0.00"
"119830","아이텍","0","19463533","0.0","1.64466854E8","0.00"
"052770","아이톡시","0","19833933","0.0","4.135375E7","0.00"
"124500","아이티센","0","19907333","0.0","8.0326089E7","0.00"
"372800","아이티아이즈","0","5876985","0.0","7.8163901E7","0.00"
"084850","아이티엠반도체","334323","22677934","1.0497742E7","7.12087128E8","1.47"
"114840","아이패밀리에스씨","0","8501548","0.0","9.7767802E7","0.00"
"027360","아주IB투자","506166","120822956","1353994.0","3.23201407E8","0.42"
"032080","아즈텍WB","0","21491029","0.0","4.6528078E7","0.00"
"013310","아진산업","0","38806582","0.0","1.01091146E8","0.00"
"059120","아진엑스텍","13853","9748596","127448.0","8.9687083E7","0.14"
"158430","아톤","0","4353577","0.0","1.1362836E8","0.00"
"067160","아프리카TV","161678","11494767","1.3338435E7","9.48318278E8","1.41"
"001540","안국약품","21190","13042420","174606.0","1.07469541E8","0.16"
"053800","안랩","144511","10013855","1.3222757E7","9.16267733E8","1.44"
"065660","안트로젠","0","9730373","0.0","1.96553535E8","0.00"
"297570","알로이스","0","34621218","0.0","5.4528418E7","0.00"
"260660","알리코제약","0","15327021","0.0","9.487426E7","0.00"
"361570","알비더블유","0","7930590","0.0","1.36406148E8","0.00"
"131370","알서포트","455812","53267083","2099014.0","2.45294917E8","0.86"
"140670","알에스오토메이션","27688","9303140","351638.0","1.18149878E8","0.30"
"096610","알에프세미","0","10849115","0.0","3.3144046E7","0.00"
"061040","알에프텍","49713","32089259","254033.0","1.63976113E8","0.15"
"148250","알엔투테크놀로지","13311","7646489","108751.0","6.2471815E7","0.17"
"347860","알체라","0","13950944","0.0","1.89732838E8","0.00"
"196170","알테오젠","1147018","42841184","7.1918029E7","2.686142237E9","2.68"
"123750","알톤스포츠","0","12746297","0.0","3.9513521E7","0.00"
"085810","알티캐스트","0","29685769","0.0","4.6161371E7","0.00"
"117670","알파홀딩스","0","26917635","0.0","6.5679029E7","0.00"
"291650","압타머사이언스","0","8490126","0.0","1.11220651E8","0.00"
"293780","압타바이오","61574","22298866","960554.0","3.4786231E8","0.28"
"196300","애니젠","0","5602556","0.0","5.2383899E7","0.00"
"310200","애니플러스","0","33966698","0.0","9.0860917E7","0.00"
"179530","애드바이오텍","0","9140444","0.0","4.2137447E7","0.00"
"900100","애머릿지","40687","31304649","145863.0","1.12227167E8","0.13"
"205500","액션스퀘어","0","45918756","0.0","1.20995922E8","0.00"
"052790","액토즈소프트","13882","11330638","120218.0","9.8123325E7","0.12"
"290740","액트로","0","10065011","0.0","7.1360928E7","0.00"
"238090","앤디포스","0","23979303","0.0","1.52268574E8","0.00"
"092600","앤씨앤","0","23984241","0.0","6.9914063E7","0.00"
"129890","앱코","0","10128682","0.0","1.14960541E8","0.00"
"174900","앱클론","36935","15318069","413672.0","1.71562373E8","0.24"
"255440","야스","0","13058000","0.0","1.1647736E8","0.00"
"030960","양지사","0","15980000","0.0","1.121796E8","0.00"
"102120","어보브반도체","35699","17459653","340211.0","1.66390493E8","0.20"
"263540","어스앤에어로스페이스","0","5735747","0.0","6.2519642E7","0.00"
"238120","얼라인드","0","7189448","0.0","6.7652706E7","0.00"
"019990","에너토크","15912","9756088","157370.0","9.648771E7","0.16"
"136510","에디슨EV","12449","28903180","144408.0","3.35276888E8","0.04"
"056090","에디슨INNO","0","12617758","0.0","1.33117347E8","0.00"
"270660","에브리봇","0","6095671","0.0","1.56658745E8","0.00"
"038680","에스넷","38755","16145163","207339.0","8.6376622E7","0.24"
"217480","에스디생명공학","0","22415066","0.0","4.0459194E7","0.00"
"121890","에스디시스템","0","11147660","0.0","8238121.0","0.00"
"097780","에스맥","227471","56704050","769989.0","1.91943209E8","0.40"
"042110","에스씨디","0","48329564","0.0","1.0970811E8","0.00"
"298060","에스씨엠생명과학","0","12120570","0.0","1.26053928E8","0.00"
"065420","에스아이리소스","0","68076186","0.0","4.6904492E7","0.00"
"103230","에스앤더블류","0","7200000","0.0","1.8036E7","0.00"
"260970","에스앤디","0","4059420","0.0","7.8955719E7","0.00"
"101490","에스앤에스텍","376693","21451447","7176002.0","4.08650065E8","1.76"
"095910","에스에너지","0","19453561","0.0","8.063501E7","0.00"
"275630","에스에스알","0","6017989","0.0","2.759248E7","0.00"
"031330","에스에이엠티","153909","99995067","533295.0","3.46482907E8","0.15"
"060540","에스에이티","0","26133306","0.0","6.9906594E7","0.00"
"351320","에스에이티이엔지","0","22015886","0.0","7.4854012E7","0.00"
"056190","에스에프에이","206358","35908760","7800332.0","1.357351128E9","0.57"
"080000","에스엔유","0","34322870","0.0","9.5760807E7","0.00"
"214310","에스엘바이오닉스","0","9412581","0.0","3.3273474E7","0.00"
"041510","에스엠","728070","23788401","4.7178936E7","1.541488385E9","3.06"
"007820","에스엠코어","19233","20033946","116937.0","1.21806392E8","0.10"
"109610","에스와이","48878","48907400","191602.0","1.91717008E8","0.10"
"306040","에스제이그룹","0","9865828","0.0","2.07182388E8","0.00"
"408920","에스케이증권7호스팩","0","3620000","0.0","7783000.0","0.00"
"096630","에스코넥","165980","66279963","190047.0","7.5890558E7","0.25"
"069510","에스텍","0","10910000","0.0","7.28788E7","0.00"
"041910","에스텍파마","16915","11898263","128047.0","9.0069851E7","0.14"
"234300","에스트래픽","0","25948862","0.0","9.8216443E7","0.00"
"039440","에스티아이","28023","15830000","418944.0","2.366585E8","0.18"
"098660","에스티오","0","12500976","0.0","2.8252206E7","0.00"
"052020","에스티큐브","248441","42075903","1495615.0","2.53296936E8","0.59"
"237690","에스티팜","209857","18808775","1.9453744E7","1.743573443E9","1.12"
"050760","에스폴리텍","0","16334678","0.0","5.276101E7","0.00"
"288620","에스퓨얼셀","0","6874316","0.0","1.47454078E8","0.00"
"317830","에스피시스템스","0","8145700","0.0","8.0560973E7","0.00"
"058610","에스피지","42555","22177360","527682.0","2.74999264E8","0.19"
"043340","에쎈테크","0","72000000","0.0","9.0E7","0.00"
"187660","에이디엠코리아","0","21836250","0.0","6.46353E7","0.00"
"054630","에이디칩스","0","79709461","0.0","2.223894E7","0.00"
"200710","에이디테크놀로지","0","13334327","0.0","1.72679535E8","0.00"
"096690","에이루트","0","160983948","0.0","6.7774242E7","0.00"
"298380","에이비엘바이오","410175","47658014","1.0315901E7","1.198599052E9","0.86"
"203400","에이비온","0","18824687","0.0","1.48715027E8","0.00"
"195990","에이비프로바이오","592325","271672510","505846.0","2.32008324E8","0.22"
"003800","에이스침대","0","11090000","0.0","4.52472E8","0.00"
"088800","에이스테크","1192111","44926073","8273250.0","3.11786947E8","2.65"
"241840","에이스토리","0","9531760","0.0","2.17324128E8","0.00"
"312610","에이에프더블류","0","20256888","0.0","6.5328464E7","0.00"
"072990","에이치시티","0","7071518","0.0","7.4604515E7","0.00"
"227100","에이치앤비디자인","0","10786221","0.0","6.9031814E7","0.00"
"239610","에이치엘사이언스","8681","5392115","309478.0","1.922289E8","0.16"
"353070","에이치엠씨제4호스팩","0","4310000","0.0","9180300.0","0.00"
"353060","에이치엠씨제5호스팩","0","5115000","0.0","1.08438E7","0.00"
"044780","에이치케이","0","18505787","0.0","3.3310417E7","0.00"
"357230","에이치피오","0","19938160","0.0","1.85225506E8","0.00"
"071670","에이테크솔루션","32129","10000000","396793.0","1.235E8","0.32"
"045660","에이텍","23920","8260000","278668.0","9.6229E7","0.29"
"224110","에이텍티앤","0","5340000","0.0","6.3012E7","0.00"
"230980","에이트원","0","62028433","0.0","5.0553173E7","0.00"
"021080","에이티넘인베스트","356308","48000000","1108118.0","1.4928E8","0.74"
"089530","에이티세미콘","0","49028683","0.0","4.8195195E7","0.00"
"200470","에이팩트","48917","18476189","194690.0","7.3535232E7","0.26"
"262260","에이프로","0","14399995","0.0","1.52639947E8","0.00"
"109960","에이프로젠 H&G","0","178695217","0.0","9.1134561E7","0.00"
"089970","에이피티씨","11922","23700595","184791.0","3.67359223E8","0.05"
"230240","에치에프알","0","13489026","0.0","3.54086933E8","0.00"
"230360","에코마케팅","12749","32298029","169562.0","4.29563786E8","0.04"
"038870","에코바이오","20735","11804087","132289.0","7.5310075E7","0.18"
"128540","에코캡","0","26033430","0.0","1.58283254E8","0.00"
"086520","에코프로","972436","24450875","6.8362251E7","1.718896513E9","3.98"
"247540","에코프로비엠","1579411","22919466","1.81632265E8","2.63573859E9","6.89"
"383310","에코프로에이치엔","189525","15304932","6993473.0","5.64751991E8","1.24"
"038110","에코플라스틱","0","34169370","0.0","8.67902E7","0.00"
"073540","에프알텍","0","11400000","0.0","3.3459E7","0.00"
"064850","에프앤가이드","0","12080000","0.0","7.53792E7","0.00"
"064090","에프앤리퍼블릭","0","10989409","0.0","2.7033946E7","0.00"
"036810","에프에스티","359172","21756789","5136160.0","3.11122083E8","1.65"
"173940","에프엔씨엔터","0","14932963","0.0","8.5416548E7","0.00"
"083500","에프엔에스테크","14884","8490722","116691.0","6.656726E7","0.18"
"054940","엑사이엔씨","0","33173548","0.0","3.6822638E7","0.00"
"950130","엑세스바이오","0","36315527","0.0","5.88311537E8","0.00"
"205100","엑셈","62112","36382273","234783.0","1.37524992E8","0.17"
"070300","엑스큐어","0","7366074","0.0","1.8746658E7","0.00"
"092870","엑시콘","0","10476127","0.0","9.3656575E7","0.00"
"317870","엔바이오니아","0","7867651","0.0","8.4183866E7","0.00"
"067570","엔브이에이치코리아","0","32824712","0.0","1.10947527E8","0.00"
"236810","엔비티","0","16975426","0.0","1.18658228E8","0.00"
"333620","엔시스","0","10556344","0.0","1.40927192E8","0.00"
"101400","엔시트론","0","47203978","0.0","3.6771899E7","0.00"
"217820","엔에스","0","11513237","0.0","9.3487484E7","0.00"
"031860","엔에스엔","0","84641617","0.0","1.00300316E8","0.00"
"391060","엔에이치스팩20호","0","25500000","0.0","5.3805E7","0.00"
"391710","엔에이치스팩21호","0","7460000","0.0","1.96198E7","0.00"
"396770","엔에이치스팩22호","0","6440000","0.0","1.37494E7","0.00"
"422040","엔에이치스팩23호","0","7160000","0.0","1.51434E7","0.00"
"265740","엔에프씨","0","8931800","0.0","1.0092934E8","0.00"
"354200","엔젠바이오","0","12502912","0.0","1.00148325E8","0.00"
"208860","엔지스테크널러지","0","11443863","0.0","2.5233718E7","0.00"
"183490","엔지켐생명과학","122485","13933768","1972009.0","2.24333665E8","0.88"
"182400","엔케이맥스","446888","39647120","6636287.0","5.88759732E8","1.13"
"348370","엔켐","218702","15340469","1.0038422E7","7.04127527E8","1.43"
"069410","엔텔스","23986","10244824","131683.0","5.6244084E7","0.23"
"227950","엔투텍","0","91571575","0.0","1.26368774E8","0.00"
"291230","엔피","0","41199624","0.0","2.958133E8","0.00"
"198080","엔피디","0","21535185","0.0","5.2007472E7","0.00"
"048830","엔피케이","0","18723923","0.0","3.651165E7","0.00"
"096870","엘디티","0","6678400","0.0","2.370832E7","0.00"
"376190","엘비루셈","0","24600000","0.0","1.7097E8","0.00"
"061970","엘비세미콘","781285","43784592","6289344.0","3.52465966E8","1.78"
"138690","엘아이에스","0","23268260","0.0","2.2849431E7","0.00"
"290650","엘앤씨바이오","306773","22684891","9709365.0","7.179768E8","1.35"
"066970","엘앤에프","1379001","35929616","2.91658712E8","7.599113784E9","3.84"
"156100","엘앤케이바이오","0","13392743","0.0","1.34597067E8","0.00"
"073110","엘엠에스","26608","8895755","204349.0","6.8319398E7","0.30"
"083310","엘오티베큠","18783","17810033","215065.0","2.03924878E8","0.11"
"037950","엘컴텍","0","84447519","0.0","9.5847934E7","0.00"
"170920","엘티씨","15220","8064765","127239.0","6.7421435E7","0.19"
"058630","엠게임","37226","19543877","274728.0","1.44233812E8","0.19"
"058970","엠로","0","11212120","0.0","1.74909072E8","0.00"
"019590","엠벤처투자","0","81380372","0.0","9.8877152E7","0.00"
"169330","엠브레인","0","17936918","0.0","6.2510159E7","0.00"
"179290","엠아이텍","0","31425918","0.0","2.90689742E8","0.00"
"009780","엠에스씨","0","17600000","0.0","1.01024E8","0.00"
"123040","엠에스오토텍","103077","43604330","430346.0","1.82048078E8","0.24"
"323230","엠에프엠코리아","0","30271660","0.0","2.5942813E7","0.00"
"033160","엠케이전자","75987","21807689","790265.0","2.26799966E8","0.35"
"347890","엠투아이","0","16798204","0.0","1.37745273E8","0.00"
"033310","엠투엔","132027","40342231","823848.0","2.51735521E8","0.33"
"259630","엠플러스","10855","12211231","157940.0","1.77673411E8","0.09"
"065150","엠피대산","0","125282405","0.0","7.1536253E7","0.00"
"115960","연우","17524","12398000","297908.0","2.10766E8","0.14"
"090740","연이비앤티","0","22459415","0.0","4.7277069E7","0.00"
"060850","영림원소프트랩","0","8131000","0.0","6.716206E7","0.00"
"007530","영신금속","0","19174452","0.0","5.2154509E7","0.00"
"143540","영우디에스피","0","44599895","0.0","6.5338846E7","0.00"
"036560","영풍정밀","0","15750000","0.0","1.32615E8","0.00"
"265560","영화테크","0","10690180","0.0","1.24006088E8","0.00"
"036000","예림당","0","23034277","0.0","4.2267898E7","0.00"
"250930","예선테크","0","33000440","0.0","4.2075561E7","0.00"
"053280","예스24","29235","25000000","179211.0","1.5325E8","0.12"
"122640","예스티","0","17544703","0.0","1.09654394E8","0.00"
"900300","오가닉티코스메틱","0","126552480","0.0","4.3660606E7","0.00"
"045060","오공","0","16941974","0.0","6.1414656E7","0.00"
"080520","오디텍","0","11746609","0.0","6.1904629E7","0.00"
"039830","오로라","14588","10762890","112328.0","8.2874253E7","0.14"
"322310","오로스테크놀로지","0","9366542","0.0","1.37688167E8","0.00"
"046120","오르비텍","226966","27068824","1271010.0","1.51585414E8","0.84"
"014940","오리엔탈정공","0","45573661","0.0","1.25783304E8","0.00"
"065500","오리엔트정공","0","31742912","0.0","4.8566655E7","0.00"
"010470","오리콤","0","11975050","0.0","8.2987097E7","0.00"
"352910","오비고","0","11450818","0.0","1.25958998E8","0.00"
"053980","오상자이엘","0","17747882","0.0","1.0382511E8","0.00"
"052420","오성첨단소재","198891","72167744","427616.0","1.5516065E8","0.28"
"241790","오션브릿지","0","10002634","0.0","1.05027657E8","0.00"
"039200","오스코텍","1531395","30206525","4.2189932E7","8.32189764E8","5.07"
"226400","오스테오닉","0","17139354","0.0","5.013261E7","0.00"
"031510","오스템","99057","28000000","168397.0","4.76E7","0.35"
"048260","오스템임플란트","240407","14285717","2.40407E7","1.4285717E9","1.68"
"138080","오이솔루션","144204","10624095","3129227.0","2.30542862E8","1.36"
"080580","오킨스전자","0","17679298","0.0","3.81872837E8","0.00"
"067170","오텍","79471","15391605","580138.0","1.12358717E8","0.52"
"353590","오토앤","0","12875570","0.0","1.43562606E8","0.00"
"173130","오파스넷","0","11860430","0.0","7.4957918E7","0.00"
"049480","오픈베이스","173041","31422383","473267.0","8.5940218E7","0.55"
"309930","오하임아이엔티","0","21218422","0.0","6.2806529E7","0.00"
"244460","올리패스","0","27424804","0.0","1.59063863E8","0.00"
"226950","올릭스","0","13703160","0.0","3.14487522E8","0.00"
"057540","옴니시스템","253066","46449355","617481.0","1.13336426E8","0.54"
"131030","옵투스제약","50539","16153162","310815.0","9.9341946E7","0.31"
"082210","옵트론텍","48122","24483945","254084.0","1.2927523E8","0.20"
"109080","옵티시스","0","5636000","0.0","6.39686E7","0.00"
"153710","옵티팜","0","14669958","0.0","1.22054051E8","0.00"
"321820","와이더플래닛","0","6908282","0.0","5.0430459E7","0.00"
"122990","와이솔","88619","28186941","743513.0","2.36488435E8","0.31"
"232140","와이아이케이","0","82045350","0.0","3.2695072E8","0.00"
"065530","와이어블","0","52860000","0.0","1.369074E8","0.00"
"067900","와이엔텍","59567","18199659","540273.0","1.65070907E8","0.33"
"155650","와이엠씨","43430","19974358","251460.0","1.15651533E8","0.22"
"273640","와이엠텍","0","10966000","0.0","1.573621E8","0.00"
"251370","와이엠티","20616","15100637","253577.0","1.85737835E8","0.14"
"066430","와이오엠","0","16410366","0.0","3.1425851E7","0.00"
"193250","와이제이엠게임즈","0","57308559","0.0","1.16049832E8","0.00"
"273060","와이즈버즈","0","50449969","0.0","5.9026464E7","0.00"
"019210","와이지-원","30300","30573819","198162.0","1.99952776E8","0.10"
"122870","와이지엔터테인먼트","228532","18612669","1.1186641E7","9.11090148E8","1.23"
"332570","와이팜","0","37141356","0.0","1.74564373E8","0.00"
"079000","와토스코리아","0","7200000","0.0","3.9168E7","0.00"
"032820","우리기술","719820","146992293","1569208.0","3.20443199E8","0.49"
"041190","우리기술투자","937925","84000000","4914727.0","4.4016E8","1.12"
"115440","우리넷","15629","9791082","130502.0","8.1755535E7","0.16"
"046970","우리로","92026","32049634","133898.0","4.6632217E7","0.29"
"082850","우리바이오","0","47911578","0.0","1.46848987E8","0.00"
"215360","우리산업","10643","9132163","139423.0","1.19631335E8","0.12"
"072470","우리산업홀딩스","0","18887341","0.0","6.7238934E7","0.00"
"073560","우리손에프앤지","0","69237643","0.0","1.30859145E8","0.00"
"037400","우리엔터프라이즈","0","26223346","0.0","5.9264762E7","0.00"
"153490","우리이앤엘","0","51480000","0.0","5.99742E7","0.00"
"101170","우림피티에스","0","13500000","0.0","1.14075E8","0.00"
"066590","우수AMS","0","36624525","0.0","1.33862639E8","0.00"
"103840","우양","0","14258000","0.0","5.20417E7","0.00"
"046940","우원개발","0","18074350","0.0","7.0580337E7","0.00"
"215380","우정바이오","0","12872836","0.0","6.0888514E7","0.00"
"065680","우주일렉트로","0","9934220","0.0","2.03154799E8","0.00"
"018620","우진비앤지","0","28889293","0.0","6.0378622E7","0.00"
"307280","원바이오젠","0","36454408","0.0","5.7051149E7","0.00"
"053080","원방테크","0","12999807","0.0","1.2999807E8","0.00"
"032940","원익","0","18193230","0.0","6.5404662E7","0.00"
"240810","원익IPS","1568153","49083901","4.4457138E7","1.391528593E9","3.19"
"074600","원익QnC","172592","26288000","4539170.0","6.913744E8","0.66"
"104830","원익머트리얼즈","53257","12608000","1589721.0","3.763488E8","0.42"
"014190","원익큐브","108887","35399906","258607.0","8.4074777E7","0.31"
"131390","원익피앤이","5199","14818910","103980.0","2.963782E8","0.04"
"030530","원익홀딩스","356146","77237981","1328425.0","2.88097669E8","0.46"
"012620","원일특강","0","4400000","0.0","4.4E7","0.00"
"382840","원준","0","5020191","0.0","6.28527913E8","0.00"
"336570","원텍","0","87036951","0.0","2.65027516E8","0.00"
"376980","원티드랩","0","9406136","0.0","2.02231924E8","0.00"
"008370","원풍","0","12000000","0.0","5.646E7","0.00"
"008290","원풍물산","0","40693679","0.0","2.8689044E7","0.00"
"101160","월덱스","0","16510993","0.0","2.87291278E8","0.00"
"336060","웨이버스","0","46685200","0.0","7.8664562E7","0.00"
"095270","웨이브일렉트로","0","14971256","0.0","7.5305418E7","0.00"
"065950","웰크론","0","28231302","0.0","9.0340166E7","0.00"
"076080","웰크론한텍","0","20816746","0.0","5.8703224E7","0.00"
"196700","웹스","0","14364144","0.0","4.5103412E7","0.00"
"069080","웹젠","184486","35310884","3422215.0","6.55016898E8","0.52"
"053580","웹케시","0","13786248","0.0","2.19890656E8","0.00"
"071460","위니아","0","35967295","0.0","1.00708426E8","0.00"
"377460","위니아에이드","0","15393405","0.0","1.75484817E8","0.00"
"044340","위닉스","96776","17873425","1170990.0","2.16268443E8","0.54"
"330350","위더스제약","0","13192778","0.0","1.04750657E8","0.00"
"348350","위드텍","0","10183600","0.0","1.5326318E8","0.00"
"112040","위메이드","1068611","33573458","6.0590244E7","1.903615069E9","3.18"
"101730","위메이드맥스","0","33295292","0.0","5.95985727E8","0.00"
"123420","위메이드플레이","29631","11469842","705218.0","2.7298224E8","0.26"
"065370","위세아이텍","0","6575874","0.0","7.2334614E7","0.00"
"038620","위즈코프","0","66546465","0.0","7.0539253E7","0.00"
"299900","위지윅스튜디오","927057","42762221","1.9653608E7","9.06559085E8","2.17"
"036090","위지트","0","97936832","0.0","8.069995E7","0.00"
"136540","윈스","7607","13864162","103075.0","1.87859395E8","0.05"
"320000","윈텍","0","18499148","0.0","3.8755715E7","0.00"
"097800","윈팩","0","49667141","0.0","6.7298976E7","0.00"
"192390","윈하이텍","0","10656896","0.0","3.7618843E7","0.00"
"313760","윌링스","0","5687667","0.0","6.114242E7","0.00"
"900340","윙입푸드","0","47973428","0.0","6.3804659E7","0.00"
"064510","유네코","0","10117010","0.0","2.7821778E7","0.00"
"036200","유니셈","58175","30664223","415951.0","2.19249194E8","0.19"
"018000","유니슨","795151","122248023","1876556.0","2.88505334E8","0.65"
"203450","유니온커뮤니티","0","14679007","0.0","4.0587454E7","0.00"
"011320","유니크","0","19320695","0.0","1.23266034E8","0.00"
"086390","유니테스트","460108","21134126","7913858.0","3.63506967E8","2.18"
"241690","유니테크노","0","25011565","0.0","1.3456222E8","0.00"
"142210","유니트론텍","0","15560930","0.0","5.4930083E7","0.00"
"048430","유라테크","0","11520000","0.0","7.76448E7","0.00"
"206650","유바이오로직스","264933","36444807","3854775.0","5.30271942E8","0.73"
"089850","유비벨록스","14200","7115697","200930.0","1.00687113E8","0.20"
"032620","유비케어","66300","52197139","350727.0","2.76122865E8","0.13"
"264450","유비쿼스","18274","10245706","272283.0","1.52661019E8","0.18"
"078070","유비쿼스홀딩스","32058","18696628","528957.0","3.08494362E8","0.17"
"024800","유성티엔에스","44527","31278618","111318.0","7.8196545E7","0.14"
"054930","유신","0","3000000","0.0","9.645E7","0.00"
"069330","유아이디","0","14191091","0.0","2.8240271E7","0.00"
"049520","유아이엘","0","21784936","0.0","5.794793E7","0.00"
"367460","유안타제7호스팩","0","5500000","0.0","1.2485E7","0.00"
"367480","유안타제8호스팩","0","6490000","0.0","1.39535E7","0.00"
"263770","유에스티","0","23700172","0.0","6.7308488E7","0.00"
"388720","유일로보틱스","0","8580846","0.0","1.32574071E8","0.00"
"340930","유일에너테크","0","10674744","0.0","1.37704198E8","0.00"
"023410","유진기업","651166","77310863","2500477.0","2.96873714E8","0.84"
"056080","유진로봇","45022","37512152","221283.0","1.84372227E8","0.12"
"373340","유진스팩6호","0","3020000","0.0","6779900.0","0.00"
"388800","유진스팩7호","0","5010000","0.0","1.07715E7","0.00"
"413630","유진스팩8호","0","5920000","0.0","1.24912E7","0.00"
"084370","유진테크","39961","22916042","1134892.0","6.50815593E8","0.17"
"178780","유테크","208314","34820984","360383.0","6.0240302E7","0.60"
"179900","유티아이","0","16286895","0.0","2.80134594E8","0.00"
"263050","유틸렉스","12987","16473596","120389.0","1.52710235E8","0.08"
"191410","육일씨엔에쓰","0","9569736","0.0","2.9091997E7","0.00"
"072770","율호","105589","54519243","145713.0","7.5236555E7","0.19"
"039020","이건홀딩스","0","22584709","0.0","8.3563423E7","0.00"
"067920","이글루","0","10996119","0.0","5.6739974E7","0.00"
"044960","이글벳","0","12641883","0.0","7.6862649E7","0.00"
"303530","이노뎁","0","7339299","0.0","1.1045645E8","0.00"
"302430","이노메트리","0","9833208","0.0","9.0957174E7","0.00"
"073490","이노와이어리스","9432","6737544","257965.0","1.84271828E8","0.14"
"215790","이노인스트루먼트","0","40283149","0.0","6.5862949E7","0.00"
"246960","이노테라피","0","5360855","0.0","4.9695126E7","0.00"
"088390","이녹스","6123","9385844","126440.0","1.93817679E8","0.07"
"272290","이녹스첨단소재","116817","20125658","3866643.0","6.6615928E8","0.58"
"053350","이니텍","0","19790916","0.0","8.2429165E7","0.00"
"041520","이라이콤","0","12188730","0.0","6.411272E7","0.00"
"264850","이랜시스","0","29025672","0.0","8.0255983E7","0.00"
"054210","이랜텍","25622","25291210","461196.0","4.5524178E8","0.10"
"164060","이루다","0","17453814","0.0","8.8839913E7","0.00"
"065440","이루온","0","27275020","0.0","6.5050923E7","0.00"
"115610","이미지스","0","15328276","0.0","3.6557938E7","0.00"
"349720","이베스트스팩5호","0","3620000","0.0","7638200.0","0.00"
"078020","이베스트투자증권","135971","55481190","883812.0","3.60627735E8","0.25"
"131400","이브이첨단소재","0","56142962","0.0","1.05268054E8","0.00"
"351330","이삭엔지니어링","0","8288520","0.0","8.910159E7","0.00"
"080010","이상네트웍스","0","10000000","0.0","5.56E7","0.00"
"086890","이수앱지스","40988","33182668","334052.0","2.70438744E8","0.12"
"047560","이스트소프트","0","11376432","0.0","1.07734811E8","0.00"
"900110","이스트아시아홀딩스","0","201982155","0.0","4.2618235E7","0.00"
"067010","이씨에스","0","12294000","0.0","4.585662E7","0.00"
"101360","이엔드디","17596","10320383","402069.0","2.35820752E8","0.17"
"102710","이엔에프테크놀로지","232472","14287836","6392980.0","3.9291549E8","1.63"
"066980","이엔코퍼레이션","99065","45069982","284317.0","1.29350848E8","0.22"
"063760","이엘피","0","9325130","0.0","4.7651414E7","0.00"
"123570","이엠넷","29636","22276078","156478.0","1.17617692E8","0.13"
"083470","이엠앤아이","0","15878618","0.0","5.112915E7","0.00"
"095190","이엠코리아","0","42581037","0.0","1.19226904E8","0.00"
"091120","이엠텍","36833","15887936","1003699.0","4.32946256E8","0.23"
"039030","이오테크닉스","103521","12319550","7764075.0","9.2396625E8","0.84"
"294090","이오플로우","0","30303521","0.0","5.77282075E8","0.00"
"088290","이원컴포텍","0","22899369","0.0","2.07010296E8","0.00"
"181340","이즈미디어","0","13943199","0.0","3.7716353E7","0.00"
"353810","이지바이오","0","34191720","0.0","1.39844135E8","0.00"
"099750","이지케어텍","0","6386000","0.0","1.510289E8","0.00"
"377330","이지트로닉스","0","7965454","0.0","1.01161266E8","0.00"
"035810","이지홀딩스","120439","65145845","419128.0","2.26707541E8","0.18"
"160600","이큐셀","0","13780746","0.0","4.2720313E7","0.00"
"092130","이크레더블","0","12043600","0.0","2.0413902E8","0.00"
"096040","이트론","1362345","641131295","238410.0","1.12197977E8","0.21"
"134060","이퓨쳐","0","4769250","0.0","3.0284738E7","0.00"
"001840","이화공영","150772","19805760","844323.0","1.10912256E8","0.76"
"024810","이화전기","0","83463623","0.0","9.3896576E7","0.00"
"041830","인바디","95526","13683782","2173217.0","3.11306041E8","0.70"
"352940","인바이오","0","10867730","0.0","5.7598969E7","0.00"
"079950","인베니아","0","23200000","0.0","4.5356E7","0.00"
"277410","인산가","0","32383349","0.0","6.2499864E7","0.00"
"060150","인선이엔티","631364","46563612","5284517.0","3.89737432E8","1.36"
"033230","인성정보","0","39215380","0.0","8.0587606E7","0.00"
"037330","인지디스플레","0","43885224","0.0","7.745742E7","0.00"
"211050","인카금융서비스","0","5137980","0.0","4.110384E7","0.00"
"083640","인콘","0","46234813","0.0","4.7621857E7","0.00"
"216050","인크로스","6206","8056777","111087.0","1.44216308E8","0.08"
"049070","인탑스","10769","17200000","297763.0","4.7558E8","0.06"
"119610","인터로조","5216","13216478","139789.0","3.5420161E8","0.04"
"017250","인터엠","0","21045467","0.0","2.5570242E7","0.00"
"051370","인터플렉스","60369","23327472","739520.0","2.85761532E8","0.26"
"064290","인텍플러스","16930","12705962","318284.0","2.38872086E8","0.13"
"189300","인텔리안테크","49530","9183669","2986659.0","5.53775241E8","0.54"
"150840","인트로메딕","313410","38234020","1833449.0","2.23669017E8","0.82"
"048530","인트론바이오","162725","34150762","1537751.0","3.22724701E8","0.48"
"175140","인포마크","0","8772174","0.0","6.1668383E7","0.00"
"115310","인포바인","0","3192883","0.0","1.03130121E8","0.00"
"039290","인포뱅크","0","8693978","0.0","1.186728E8","0.00"
"071200","인피니트헬스케어","80270","24396458","400547.0","1.21738325E8","0.33"
"101930","인화정공","0","9331705","0.0","1.26444603E8","0.00"
"333430","일승","0","30726747","0.0","9.6328352E7","0.00"
"068330","일신바이오","283505","44216140","972422.0","1.5166136E8","0.64"
"058450","일야","0","33370000","0.0","1.965493E7","0.00"
"019540","일지테크","0","13513500","0.0","3.1824293E7","0.00"
"094820","일진파워","24143","15078709","370595.0","2.31458183E8","0.16"
"950140","잉글우드랩","0","19867866","0.0","9.5763114E7","0.00"
"049550","잉크테크","28984","19606277","195932.0","1.32538433E8","0.15"
"254120","자비스","0","22182217","0.0","3.7487947E7","0.00"
"043910","자연과환경","115984","81376936","157158.0","1.10265748E8","0.14"
"234920","자이글","0","13530910","0.0","3.375962E7","0.00"
"289220","자이언트스텝","0","21834054","0.0","4.7707408E8","0.00"
"174880","장원테크","0","19858499","0.0","3.1773598E7","0.00"
"049630","재영솔루텍","430006","81945553","291544.0","5.5559085E7","0.52"
"110020","전진바이오팜","0","6341369","0.0","2.7584955E7","0.00"
"208140","정다운","0","32684246","0.0","7.1415078E7","0.00"
"040420","정상제이엘에스","0","15677552","0.0","1.15230007E8","0.00"
"045510","정원엔시스","0","32209292","0.0","6.4257538E7","0.00"
"217190","제너셈","0","8769174","0.0","5.4193495E7","0.00"
"095700","제넥신","172955","25138982","5439435.0","7.90620984E8","0.69"
"072520","제넨바이오","0","41838568","0.0","7.1543951E7","0.00"
"122310","제노레이","0","14553844","0.0","1.14538752E8","0.00"
"361390","제노코","0","7500789","0.0","1.51890977E8","0.00"
"187420","제노포커스","28677","22499010","148547.0","1.16544872E8","0.13"
"225220","제놀루션","0","9567180","0.0","1.12892724E8","0.00"
"123330","제닉","0","7000000","0.0","2.765E7","0.00"
"159580","제로투세븐","0","20032636","0.0","1.33818008E8","0.00"
"147830","제룡산업","0","20000000","0.0","5.72E7","0.00"
"033100","제룡전기","81309","16062409","528509.0","1.04405659E8","0.51"
"079370","제우스","12452","10384000","265850.0","2.216984E8","0.12"
"054950","제이브이엠","0","12089892","0.0","2.00692207E8","0.00"
"023440","제이스코홀딩스","0","36355187","0.0","7.7618324E7","0.00"
"090470","제이스텍","0","14597808","0.0","8.2915549E7","0.00"
"287410","제이시스메디칼","0","71299472","0.0","5.16208177E8","0.00"
"137950","제이씨케미칼","0","22267814","0.0","1.69458065E8","0.00"
"033320","제이씨현시스템","68774","19114432","327708.0","9.1080268E7","0.36"
"204270","제이앤티씨","22730","57848466","114105.0","2.90399299E8","0.04"
"026040","제이에스티나","68927","16503790","203679.0","4.8768699E7","0.42"
"126880","제이엔케이히터","0","23204903","0.0","1.24146231E8","0.00"
"322510","제이엘케이","0","15248264","0.0","6.8845912E7","0.00"
"033050","제이엠아이","0","32579342","0.0","3.4534103E7","0.00"
"094970","제이엠티","42898","16748240","138990.0","5.4264298E7","0.26"
"058420","제이웨이","0","3610839","0.0","7799412.0","0.00"
"089790","제이티","22172","10315513","139905.0","6.5090887E7","0.21"
"052670","제일바이오","0","29129064","0.0","5.3306187E7","0.00"
"199820","제일전기공업","0","11110000","0.0","1.305425E8","0.00"
"038010","제일테크노스","15158","9000000","103529.0","6.147E7","0.17"
"276730","제주맥주","0","57059461","0.0","1.18113084E8","0.00"
"080220","제주반도체","52099","34442833","211522.0","1.39837902E8","0.15"
"216080","제테마","0","17802259","0.0","2.45671174E8","0.00"
"229000","젠큐릭스","0","6558421","0.0","6.0206305E7","0.00"
"082270","젬백스","981551","39812863","1.261293E7","5.1159529E8","2.47"
"064800","젬백스링크","187908","83178127","239583.0","1.06052112E8","0.23"
"044060","조광ILI","13445","15848817","190247.0","2.24260761E8","0.08"
"034940","조아제약","53632","30979827","147756.0","8.5349423E7","0.17"
"067000","조이시티","30010","68510739","140747.0","3.21315366E8","0.04"
"033340","좋은사람들","0","49908224","0.0","5.2653176E7","0.00"
"036930","주성엔지니어링","766026","48249212","1.2294717E7","7.74399853E8","1.59"
"239340","줌인터넷","0","26979634","0.0","1.03871591E8","0.00"
"051980","중앙디앤엠","0","34665230","0.0","2.4334991E7","0.00"
"072020","중앙백신","39596","9960000","481091.0","1.21014E8","0.40"
"000440","중앙에너비스","0","6227130","0.0","1.29524304E8","0.00"
"078650","지나인제약","0","4078777","0.0","8647007.0","0.00"
"228760","지노믹트리","0","20608147","0.0","2.85422836E8","0.00"
"314130","지놈앤컴퍼니","0","14079521","0.0","2.4779957E8","0.00"
"389030","지니너스","0","10869315","0.0","1.36953369E8","0.00"
"043610","지니뮤직","0","58115438","0.0","2.15317698E8","0.00"
"263860","지니언스","0","9444600","0.0","7.4329002E7","0.00"
"303030","지니틱스","0","35745668","0.0","8.1678851E7","0.00"
"036180","지더블유바이텍","0","49193587","0.0","3.9404063E7","0.00"
"208350","지란지교시큐리티","0","8306541","0.0","3.1066463E7","0.00"
"144510","지씨셀","68696","15800344","4032455.0","9.27480193E8","0.43"
"382480","지아이텍","0","39357140","0.0","1.1531642E8","0.00"
"382800","지앤비에스엔지니어링","0","7174618","0.0","8.1431914E7","0.00"
"051160","지어소프트","10886","15474430","130632.0","1.8569316E8","0.07"
"053050","지에스이","0","29987597","0.0","1.28646791E8","0.00"
"119850","지엔씨에너지","0","16448909","0.0","6.9414396E7","0.00"
"270520","지엔원에너지","0","31208908","0.0","7.9114582E7","0.00"
"065060","지엔코","389439","98008044","221201.0","5.5668569E7","0.40"
"204840","지엘팜텍","0","62104061","0.0","5.5583135E7","0.00"
"311320","지오엘리먼트","0","6307280","0.0","1.09746672E8","0.00"
"388050","지투파워","0","3686835","0.0","1.39915388E8","0.00"
"219750","지티지웰니스","0","19111631","0.0","2.7234074E7","0.00"
"018120","진로발효","0","6621120","0.0","1.54934208E8","0.00"
"109820","진매트릭스","0","20393640","0.0","1.52340491E8","0.00"
"086060","진바이오텍","0","8610587","0.0","3.96087E7","0.00"
"036890","진성티이씨","117460","22482268","1192219.0","2.2819502E8","0.52"
"363250","진시스템","0","6879180","0.0","6.6040128E7","0.00"
"007370","진양제약","18959","12000000","111289.0","7.044E7","0.16"
"085660","차바이오텍","355864","56268318","5195614.0","8.21517443E8","0.63"
"261780","차백신연구소","0","26429162","0.0","1.65182263E8","0.00"
"158310","참존글로벌","0","47841128","0.0","8.0373095E7","0.00"
"094850","참좋은여행","30329","14000000","291462.0","1.3454E8","0.22"
"004650","창해에탄올","13942","9190885","169395.0","1.11669253E8","0.15"
"278280","천보","154234","10000000","3.2312023E7","2.095E9","1.54"
"362320","청담글로벌","0","20551290","0.0","1.88455329E8","0.00"
"066360","체리부로","0","46872529","0.0","5.577831E7","0.00"
"047820","초록뱀미디어","29953","21702702","449295.0","3.2554053E8","0.14"
"052300","초록뱀컴퍼니","0","115080002","0.0","9.3329882E7","0.00"
"094360","칩스앤미디어","0","9640315","0.0","1.44122709E8","0.00"
"016920","카스","0","26493538","0.0","5.6828639E7","0.00"
"284620","카이노스메드","0","110578388","0.0","2.194981E8","0.00"
"293490","카카오게임즈","2160586","78699190","1.06840978E8","3.891674946E9","2.75"
"042000","카페24","148708","22497198","1836544.0","2.77840395E8","0.66"
"317530","캐리소프트","0","6951196","0.0","3.9969377E7","0.00"
"071850","캐스텍코리아","0","16569188","0.0","3.1481457E7","0.00"
"050110","캠시스","0","73824118","0.0","1.59829215E8","0.00"
"223310","커머스마이너","68516","13333506","227473.0","4.426724E7","0.51"
"900310","컬러레이","0","54000000","0.0","5.373E7","0.00"
"078340","컴투스","61282","12866420","4516483.0","9.48255154E8","0.48"
"063080","컴투스홀딩스","0","6595192","0.0","3.39652388E8","0.00"
"307930","컴퍼니케이","0","15610000","0.0","8.96014E7","0.00"
"079190","케스피온","85966","31784197","106598.0","3.9412404E7","0.27"
"263700","케어랩스","0","18103654","0.0","1.06449486E8","0.00"
"214370","케어젠","74220","10743000","7332936.0","1.0614084E9","0.69"
"221980","케이디켐","0","4034800","0.0","5.406632E7","0.00"
"342550","케이비제20호스팩","0","6501000","0.0","1.488729E7","0.00"
"424140","케이비제21호스팩","0","7710000","0.0","1.630665E7","0.00"
"192250","케이사인","280328","70671257","477959.0","1.20494493E8","0.40"
"115500","케이씨에스","0","12000000","0.0","7.404E7","0.00"
"089150","케이씨티","0","17150000","0.0","9.1924E7","0.00"
"025880","케이씨피드","0","16715858","0.0","6.0511406E7","0.00"
"093320","케이아이엔엑스","2037","4880000","100730.0","2.41316E8","0.04"
"073010","케이에스피","0","36192257","0.0","7.5279895E7","0.00"
"105330","케이엔더블유","0","12135382","0.0","1.11038745E8","0.00"
"272110","케이엔제이","0","7925395","0.0","9.0745773E7","0.00"
"039420","케이엘넷","84775","24154730","232284.0","6.618396E7","0.35"
"083550","케이엠","0","11251616","0.0","6.9760019E7","0.00"
"032500","케이엠더블유","1583166","39820883","4.1399791E7","1.04131609E9","3.98"
"225430","케이엠제약","0","27887050","0.0","4.2388316E7","0.00"
"102370","케이옥션","0","9058045","0.0","1.2681263E8","0.00"
"036030","케이티알파","0","49019283","0.0","2.51468922E8","0.00"
"064820","케이프","42896","30901728","181236.0","1.30559801E8","0.14"
"347140","케이프이에스제4호","0","3009000","0.0","6348990.0","0.00"
"256940","케이피에스","0","18748658","0.0","9.5055696E7","0.00"
"024880","케이피에프","0","17718250","0.0","1.2402775E8","0.00"
"042040","케이피엠테크","202463","159652381","111557.0","8.7968462E7","0.13"
"054410","케이피티유","0","5060000","0.0","2.8083E7","0.00"
"258610","케일럼","0","22146762","0.0","9.3459336E7","0.00"
"274090","켄코아에어로스페이스","0","12101260","0.0","1.27668293E8","0.00"
"217600","켐온","0","63861340","0.0","1.71467698E8","0.00"
"089010","켐트로닉스","32166","14858157","593463.0","2.74132997E8","0.22"
"220260","켐트로스","0","26558307","0.0","1.76878325E8","0.00"
"052400","코나아이","101155","15559118","1674115.0","2.57503403E8","0.65"
"046070","코다코","0","39064256","0.0","4.6877107E7","0.00"
"047770","코데즈컴바인","60977","37842602","107929.0","6.6981406E7","0.16"
"078940","코드네이처","0","38605869","0.0","6.3313625E7","0.00"
"080530","코디","0","28291298","0.0","3.7768883E7","0.00"
"224060","코디엠","0","294227924","0.0","5.0607203E7","0.00"
"104540","코렌텍","0","12348320","0.0","1.30274776E8","0.00"
"027050","코리아나","67038","40000000","192064.0","1.146E8","0.17"
"290510","코리아센터","520203","114534446","2575005.0","5.66945508E8","0.45"
"190650","코리아에셋투자증권","0","6388000","0.0","6.043048E7","0.00"
"101670","코리아에스이","0","18900000","0.0","3.8367E7","0.00"
"123410","코리아에프티","0","27841064","0.0","7.3918025E7","0.00"
"036690","코맥스","0","15593077","0.0","5.3172393E7","0.00"
"049430","코메론","0","9048000","0.0","7.917E7","0.00"
"183300","코미코","140067","10020447","6555136.0","4.6895692E8","1.40"
"041960","코미팜","1039864","64185876","7424629.0","4.58287155E8","1.62"
"089890","코세스","0","16584962","0.0","1.3964538E8","0.00"
"009730","코센","0","18814297","0.0","5.1080816E7","0.00"
"082660","코스나인","0","49729332","0.0","4.6845031E7","0.00"
"222040","코스맥스엔비티","31117","20628000","136915.0","9.07632E7","0.15"
"241710","코스메카코리아","18126","10680000","175822.0","1.03596E8","0.17"
"069110","코스온","0","23940660","0.0","6.2963936E7","0.00"
"166480","코아스템","21846","15908939","235937.0","1.71816541E8","0.14"
"045970","코아시아","0","26314876","0.0","1.58415554E8","0.00"
"196450","코아시아옵틱스","0","41232626","0.0","8.3083741E7","0.00"
"029960","코엔텍","329940","50000000","2692310.0","4.08E8","0.66"
"102940","코오롱생명과학","72319","11412356","2390143.0","3.77178366E8","0.63"
"950160","코오롱티슈진","36302","64920050","290779.0","5.20009601E8","0.06"
"056000","코원플레이","63815","19720225","182511.0","5.6399844E7","0.32"
"033290","코웰패션","628608","88500234","3897370.0","5.48701451E8","0.71"
"056360","코위버","28260","9796800","194711.0","6.7499952E7","0.29"
"282880","코윈테크","0","9750373","0.0","2.30596321E8","0.00"
"121850","코이즈","0","19614175","0.0","5.9038667E7","0.00"
"015710","코콤","21821","17530500","106705.0","8.5724145E7","0.12"
"052330","코텍","0","15574552","0.0","1.31137728E8","0.00"
"322780","코퍼스코리아","0","35755674","0.0","7.9913931E7","0.00"
"126600","코프라","24057","24738634","153965.0","1.58327258E8","0.10"
"200130","콜마비앤에이치","282383","29543558","7398435.0","7.7404122E8","0.96"
"294570","쿠콘","39153","10091685","1252896.0","3.2293392E8","0.39"
"317690","퀀타매트릭스","0","16479411","0.0","9.4921407E7","0.00"
"365270","큐라클","0","13785968","0.0","2.46079529E8","0.00"
"060280","큐렉소","18177","33448869","133419.0","2.45514698E8","0.05"
"040350","큐로컴","612298","125973472","664343.0","1.36681217E8","0.49"
"051780","큐로홀딩스","0","124422450","0.0","6.1091423E7","0.00"
"115180","큐리언트","37542","8883462","1137523.0","2.69168899E8","0.42"
"182360","큐브엔터","10637","13804687","134558.0","1.74629291E8","0.08"
"066310","큐에스아이","0","9271621","0.0","1.08477966E8","0.00"
"016600","큐캐피탈","0","178247112","0.0","9.8035912E7","0.00"
"096240","크레버스","0","11543764","0.0","2.77627524E8","0.00"
"043590","크로바하이텍","0","35755643","0.0","5.0594235E7","0.00"
"114120","크루셜텍","0","22961315","0.0","2.4913027E7","0.00"
"110790","크리스에프앤씨","36391","11715480","1228196.0","3.9539745E8","0.31"
"900250","크리스탈신소재","0","71830626","0.0","6.6443329E7","0.00"
"083790","크리스탈지노믹스","584732","69246486","2376936.0","2.81486966E8","0.84"
"045520","크린앤사이언스","21542","6500000","214343.0","6.4675E7","0.33"
"036170","클라우드에어","136911","61365626","145810.0","6.5354392E7","0.22"
"214150","클래시스","94128","64776702","1355443.0","9.32784509E8","0.15"
"352770","클리노믹스","0","13620141","0.0","1.01061446E8","0.00"
"237880","클리오","0","18071353","0.0","2.5390251E8","0.00"
"139670","키네마스터","0","13546307","0.0","1.20562132E8","0.00"
"413600","키움제6호스팩","0","3430000","0.0","7597450.0","0.00"
"054780","키이스트","66231","19547793","486136.0","1.43480801E8","0.34"
"219130","타이거일렉","14939","6314290","230061.0","9.7240066E7","0.24"
"065130","탑엔지니어링","0","15976257","0.0","8.6751076E7","0.00"
"134580","탑코미디어","0","13113585","0.0","9.9663246E7","0.00"
"023160","태광","44130","26500000","527354.0","3.16675E8","0.17"
"323280","태성","0","24142230","0.0","4.2490325E7","0.00"
"053620","태양","0","8600000","0.0","6.794E7","0.00"
"044490","태웅","19023","20007381","186235.0","1.9587226E8","0.10"
"124560","태웅로직스","0","38416584","0.0","2.04376227E8","0.00"
"191420","테고사이언스","12773","8108834","270788.0","1.71907281E8","0.16"
"073640","테라사이언스","0","82227973","0.0","1.59111128E8","0.00"
"182690","테라셈","181983","21163148","262056.0","3.0474933E7","0.86"
"066700","테라젠이텍스","130217","32474435","526077.0","1.31196717E8","0.40"
"095610","테스","153715","19768226","2897528.0","3.7263106E8","0.78"
"089030","테크윙","22518","19388368","324259.0","2.79192499E8","0.12"
"054450","텔레칩스","15719","13855911","218494.0","1.92597163E8","0.11"
"091440","텔레필드","0","9973631","0.0","3.9495579E7","0.00"
"200230","텔콘RF제약","1002699","108604300","1524102.0","1.65078536E8","0.92"
"215480","토박스코리아","0","9614957","0.0","4.2978858E7","0.00"
"051360","토비스","44861","16417058","404646.0","1.48081863E8","0.27"
"045340","토탈소프트","0","8558040","0.0","5.0064534E7","0.00"
"108230","톱텍","668728","38023245","4747969.0","2.6996504E8","1.76"
"079970","투비소프트","0","40851640","0.0","4.2689964E7","0.00"
"199800","툴젠","0","7852427","0.0","5.27683094E8","0.00"
"105550","트루윈","0","44332472","0.0","1.11052842E8","0.00"
"290090","트윔","0","7357424","0.0","1.18822398E8","0.00"
"026150","특수건설","28802","17546331","242513.0","1.47740107E8","0.16"
"322180","티라유텍","0","5466250","0.0","4.67911E7","0.00"
"117730","티로보틱스","0","14137333","0.0","9.7406224E7","0.00"
"033830","티비씨","0","100000000","0.0","9.6E7","0.00"
"057680","티사이언티픽","43971","52223711","103772.0","1.23247958E8","0.08"
"064760","티씨케이","61373","11675000","6910600.0","1.314605E9","0.53"
"246710","티앤알바이오팹","0","20791964","0.0","3.02523076E8","0.00"
"340570","티앤엘","0","8128000","0.0","2.649728E8","0.00"
"043220","티에스넥스젠","228235","105609041","252200.0","1.1669799E8","0.22"
"277880","티에스아이","0","18643352","0.0","1.75061075E8","0.00"
"131290","티에스이","10666","11061429","621828.0","6.44881311E8","0.10"
"356860","티엘비","0","4916315","0.0","1.78216419E8","0.00"
"062860","티엘아이","0","9872720","0.0","6.6937042E7","0.00"
"321550","티움바이오","17642","23976226","281390.0","3.82420805E8","0.07"
"104480","티케이케미칼","1365307","90895434","5386136.0","3.58582487E8","1.50"
"081150","티플랙스","0","24268402","0.0","1.01077894E8","0.00"
"130740","티피씨글로벌","0","11276679","0.0","3.1800235E7","0.00"
"084730","팅크웨어","10728","10425682","141610.0","1.37619002E8","0.10"
"046210","파나진","45892","32136660","141577.0","9.9141596E7","0.14"
"058530","파나케이아","0","18078428","0.0","2.9287053E7","0.00"
"034230","파라다이스","2297131","90942672","3.0781555E7","1.218631805E9","2.53"
"033540","파라텍","0","50675379","0.0","7.6519822E7","0.00"
"043200","파루","0","41804315","0.0","4.2013337E7","0.00"
"214450","파마리서치","57499","10111930","3789184.0","6.66376187E8","0.57"
"208340","파멥신","0","25678786","0.0","1.06438568E8","0.00"
"177830","파버나인","0","14288753","0.0","5.4940255E7","0.00"
"037070","파세코","53951","20000000","906377.0","3.36E8","0.27"
"150900","파수","0","11634922","0.0","1.0145652E8","0.00"
"037030","파워넷","0","17662552","0.0","6.4733253E7","0.00"
"047310","파워로직스","45645","34420982","255612.0","1.92757499E8","0.13"
"368770","파이버프로","0","32064225","0.0","1.14469283E8","0.00"
"170790","파이오링크","0","6856330","0.0","7.2677098E7","0.00"
"049120","파인디앤씨","0","28178121","0.0","5.1002399E7","0.00"
"038950","파인디지털","0","10210765","0.0","5.3912839E7","0.00"
"106240","파인테크닉스","21053","45192369","225267.0","4.83558348E8","0.05"
"131760","파인텍","0","42926793","0.0","4.5073133E7","0.00"
"065690","파커스","0","14049331","0.0","3.6036534E7","0.00"
"140860","파크시스템스","53457","6944559","5131872.0","6.66677664E8","0.77"
"091700","파트론","1235586","58918214","1.0354211E7","4.93734633E8","2.10"
"032800","판타지오","0","64680866","0.0","4.0813626E7","0.00"
"318010","팜스빌","0","7929338","0.0","9.594499E7","0.00"
"027710","팜스토리","0","111416600","0.0","3.04167318E8","0.00"
"225590","패션플랫폼","0","26636713","0.0","3.7824132E7","0.00"
"054300","팬스타엔터프라이즈","0","59134025","0.0","4.1630354E7","0.00"
"068050","팬엔터테인먼트","0","27694076","0.0","8.8621043E7","0.00"
"222110","팬젠","0","10677630","0.0","7.1219792E7","0.00"
"263750","펄어비스","3137973","64235855","1.62547001E8","3.327417289E9","4.89"
"251970","펌텍코리아","0","12400000","0.0","1.8848E8","0.00"
"087010","펩트론","0","20626853","0.0","2.0626853E8","0.00"
"119500","포메탈","0","11847232","0.0","5.3549489E7","0.00"
"389140","포바이포","0","10224235","0.0","1.92215618E8","0.00"
"022100","포스코 ICT","2029053","152034729","1.0551076E7","7.90580591E8","1.33"
"009520","포스코엠텍","131011","41642703","698289.0","2.21955607E8","0.31"
"189690","포시에스","0","8673641","0.0","6.2623688E7","0.00"
"318020","포인트모바일","0","12662272","0.0","2.29187123E8","0.00"
"256630","포인트엔지니어링","0","57903322","0.0","1.42731689E8","0.00"
"331380","포커스에이치엔에스","0","19048582","0.0","4.6573783E7","0.00"
"234100","폴라리스세원","0","33481747","0.0","7.0646486E7","0.00"
"041020","폴라리스오피스","0","42624132","0.0","5.5837613E7","0.00"
"114630","폴라리스우노","0","13582243","0.0","5.2834925E7","0.00"
"290720","푸드나무","0","6806034","0.0","1.3816249E8","0.00"
"005670","푸드웰","0","10000000","0.0","6.12E7","0.00"
"094940","푸른기술","0","8361386","0.0","6.2961237E7","0.00"
"007330","푸른저축은행","0","15082800","0.0","1.28052972E8","0.00"
"093380","풍강","0","9879313","0.0","3.8875097E7","0.00"
"023900","풍국주정","0","12600000","0.0","1.8837E8","0.00"
"371950","풍원정밀","0","21040488","0.0","3.09295174E8","0.00"
"370090","퓨런티어","0","7965980","0.0","2.26632131E8","0.00"
"220100","퓨쳐켐","0","13691971","0.0","2.49193872E8","0.00"
"035200","프럼파스트","0","9730590","0.0","3.8776401E7","0.00"
"334970","프레스티지바이오로직스","0","47320139","0.0","2.08445212E8","0.00"
"203690","프로스테믹스","124450","45905096","282502.0","1.04204568E8","0.27"
"321260","프로이천","0","28192084","0.0","5.5679366E7","0.00"
"053610","프로텍","18642","11000000","405464.0","2.3925E8","0.17"
"377220","프롬바이오","0","14155000","0.0","1.24564E8","0.00"
"335810","프리시젼바이오","0","11575726","0.0","8.2997955E7","0.00"
"053160","프리엠스","0","6000000","0.0","5.808E7","0.00"
"041590","플래스크","0","121569546","0.0","1.84177862E8","0.00"
"367000","플래티어","0","8269707","0.0","9.7996028E7","0.00"
"075130","플랜티넷","0","16622320","0.0","4.4298483E7","0.00"
"237820","플레이디","0","12827140","0.0","6.7085942E7","0.00"
"023770","플레이위드","0","8766820","0.0","7.2939942E7","0.00"
"300080","플리토","0","5218911","0.0","1.57350167E8","0.00"
"032580","피델릭스","0","33132064","0.0","4.5887909E7","0.00"
"051380","피씨디렉트","0","7670036","0.0","1.04695991E8","0.00"
"241820","피씨엘","0","10508957","0.0","1.91263017E8","0.00"
"237750","피앤씨테크","0","6496600","0.0","4.4111914E7","0.00"
"024850","피에스엠씨","0","40573626","0.0","4.118223E7","0.00"
"319660","피에스케이","217259","14765020","8114624.0","5.51473497E8","1.47"
"031980","피에스케이홀딩스","0","21562395","0.0","1.89533452E8","0.00"
"002230","피에스텍","41213","19669243","171034.0","8.1627358E7","0.21"
"057880","피에이치씨","0","118807375","0.0","2.06724833E8","0.00"
"043370","피에이치에이","27514","21000000","194799.0","1.4868E8","0.13"
"239890","피엔에이치테크","0","9206632","0.0","1.60655728E8","0.00"
"347740","피엔케이피부임상연구센타","0","7502644","0.0","1.05037016E8","0.00"
"137400","피엔티","138184","22741198","5492814.0","9.03962621E8","0.61"
"128660","피제이메탈","0","24803369","0.0","9.3508701E7","0.00"
"006140","피제이전자","0","15000000","0.0","9.225E7","0.00"
"376180","피코그램","0","3132083","0.0","1.33270132E8","0.00"
"304840","피플바이오","0","11752680","0.0","1.03071004E8","0.00"
"062970","피피아이","0","9308185","0.0","2.5690591E7","0.00"
"087600","픽셀플러스","0","8166558","0.0","6.2882497E7","0.00"
"161580","필옵틱스","18609","21989107","127472.0","1.50625383E8","0.08"
"347770","핌스","0","7575065","0.0","9.6960832E7","0.00"
"163730","핑거","0","9295742","0.0","1.05971459E8","0.00"
"332710","하나금융14호스팩","0","4410000","0.0","1.012095E7","0.00"
"341160","하나금융15호스팩","0","4710000","0.0","1.090365E7","0.00"
"343510","하나금융16호스팩","0","4010000","0.0","8922250.0","0.00"
"388220","하나금융19호스팩","0","6310000","0.0","1.35034E7","0.00"
"400560","하나금융20호스팩","0","3050000","0.0","6832000.0","0.00"
"406760","하나금융21호스팩","0","7410000","0.0","1.57092E7","0.00"
"418170","하나금융22호스팩","0","6010000","0.0","1.28614E7","0.00"
"299030","하나기술","0","7473170","0.0","3.78889719E8","0.00"
"067310","하나마이크론","662006","47921854","8043373.0","5.82250526E8","1.38"
"372290","하나머스트7호스팩","0","4304000","0.0","9253600.0","0.00"
"166090","하나머티리얼즈","66633","19752674","2825239.0","8.37513378E8","0.34"
"136480","하림","0","106209702","0.0","3.13849669E8","0.00"
"003380","하림지주","315768","112005621","2570352.0","9.11725755E8","0.28"
"365590","하이딥","0","134931890","0.0","2.32082851E8","0.00"
"149980","하이로닉","23034","14104020","168148.0","1.02959346E8","0.16"
"013030","하이록코리아","8462","13613232","140892.0","2.26660313E8","0.06"
"126700","하이비젼시스템","51908","14942112","763048.0","2.19649046E8","0.35"
"106080","하이소닉","0","12834250","0.0","7.6877158E7","0.00"
"340120","하이제5호스팩","0","5020000","0.0","1.01906E7","0.00"
"377400","하이제6호스팩","0","5407500","0.0","1.1490938E7","0.00"
"400840","하이제7호스팩","0","5120000","0.0","1.08544E7","0.00"
"221840","하이즈항공","0","18700561","0.0","7.3306199E7","0.00"
"106190","하이텍팜","0","7088782","0.0","6.9824503E7","0.00"
"373200","하인크코리아","0","18927000","0.0","1.4327739E8","0.00"
"066130","하츠","49522","12800000","299113.0","7.7312E7","0.39"
"004590","한국가구","0","15000000","0.0","7.875E7","0.00"
"039340","한국경제TV","0","23000000","0.0","1.357E8","0.00"
"034950","한국기업평가","0","4540514","0.0","3.35543985E8","0.00"
"222980","한국맥널티","0","11031483","0.0","6.3320712E7","0.00"
"256840","한국비엔씨","358692","67485375","2801385.0","5.27060779E8","0.53"
"025550","한국선재","35064","23909198","142009.0","9.6832252E7","0.15"
"017890","한국알콜","152078","21605760","1464511.0","2.08063469E8","0.70"
"080720","한국유니온제약","0","7903728","0.0","5.5088984E7","0.00"
"063570","한국전자금융","67805","34147728","331227.0","1.66811651E8","0.20"
"041460","한국전자인증","38961","19000000","216623.0","1.0564E8","0.21"
"101680","한국정밀기계","0","8404000","0.0","1.210176E7","0.00"
"039740","한국정보공학","0","8018397","0.0","2.9587885E7","0.00"
"053300","한국정보인증","0","41776331","0.0","2.32694164E8","0.00"
"025770","한국정보통신","0","37444271","0.0","2.8607423E8","0.00"
"409570","한국제10호스팩","0","5410000","0.0","1.155035E7","0.00"
"023760","한국캐피탈","0","315609576","0.0","2.45228641E8","0.00"
"054040","한국컴퓨터","0","16071290","0.0","5.8258426E7","0.00"
"050540","한국코퍼레이션","0","5118559","0.0","4207455.0","0.00"
"021650","한국큐빅","0","16350563","0.0","4.7171374E7","0.00"
"053590","한국테크놀로지","0","125249811","0.0","8.642237E7","0.00"
"032300","한국파마","0","10906701","0.0","2.65578169E8","0.00"
"037230","한국팩키지","0","29800327","0.0","8.6420948E7","0.00"
"030520","한글과컴퓨터","16014","25203830","273039.0","4.29725302E8","0.06"
"052600","한네트","15278","11563700","102210.0","7.7361153E7","0.13"
"256150","한독크린텍","0","8395000","0.0","9.5703E7","0.00"
"092460","한라IMS","0","17617467","0.0","8.8087335E7","0.00"
"047080","한빛소프트","0","24822362","0.0","7.7321658E7","0.00"
"070590","한솔인티큐브","0","13879521","0.0","2.5607716E7","0.00"
"226440","한송네오텍","0","59096776","0.0","9.0418067E7","0.00"
"042520","한스바이오메드","10605","10102981","106580.0","1.01534959E8","0.10"
"078350","한양디지텍","15846","15244382","189360.0","1.82170365E8","0.10"
"045100","한양이엔지","36300","18000000","484605.0","2.403E8","0.20"
"046110","한일네트웍스","0","11954227","0.0","1.44048435E8","0.00"
"024740","한일단조","0","29891328","0.0","7.9212019E7","0.00"
"005860","한일사료","75093","39403685","499368.0","2.62034505E8","0.19"
"123840","한일진공","178656","86251493","101655.0","4.90771E7","0.21"
"007770","한일화학","0","3510000","0.0","6.58125E7","0.00"
"043090","한창바이오텍","0","37789743","0.0","7.0666819E7","0.00"
"079170","한창산업","0","5200000","0.0","3.8168E7","0.00"
"086960","한컴MDS","17813","8892608","211975.0","1.05822035E8","0.20"
"054920","한컴위드","0","28217081","0.0","1.39110209E8","0.00"
"002680","한탑","0","29994817","0.0","6.4188908E7","0.00"
"386580","한화플러스제2호스팩","0","4160000","0.0","9068800.0","0.00"
"034810","해성산업","0","26356298","0.0","2.6883424E8","0.00"
"03481K","해성산업1우","0","1000000","0.0","1.425E7","0.00"
"076610","해성옵틱스","0","117228794","0.0","9.5189781E7","0.00"
"059270","해성티피씨","0","9460000","0.0","5.59086E7","0.00"
"220180","핸디소프트","0","19408000","0.0","7.899056E7","0.00"
"900270","헝셩그룹","0","82824858","0.0","2.9402825E7","0.00"
"084990","헬릭스미스","1014999","37689326","1.9538731E7","7.25519526E8","2.69"
"170030","현대공업","0","15340000","0.0","1.026246E8","0.00"
"319400","현대무벡스","0","112907188","0.0","3.40415172E8","0.00"
"048410","현대바이오","2494806","39478008","6.0374305E7","9.55367794E8","6.32"
"052260","현대바이오랜드","55169","15000000","634444.0","1.725E8","0.37"
"016790","현대사료","0","30752430","0.0","9.47174844E8","0.00"
"041440","현대에버다임","34056","17915944","332387.0","1.74859613E8","0.19"
"039010","현대에이치티","15013","8625000","121305.0","6.969E7","0.17"
"090850","현대이지웰","67352","23746361","482240.0","1.70023945E8","0.28"
"092300","현우산업","0","18672816","0.0","7.9079376E7","0.00"
"138360","협진","512921","34611984","2297886.0","1.55061688E8","1.48"
"011080","형지I&C","0","39013649","0.0","3.2966533E7","0.00"
"060560","홈센타홀딩스","391641","127669525","436680.0","1.4235152E8","0.31"
"064240","홈캐스트","76774","35038012","283680.0","1.29465454E8","0.22"
"039610","화성밸브","0","10410400","0.0","5.4238184E7","0.00"
"126640","화신정공","0","36373887","0.0","5.5652047E7","0.00"
"061250","화일약품","0","68052006","0.0","1.74893655E8","0.00"
"097870","효성오앤비","0","8490000","0.0","7.87023E7","0.00"
"290270","휴네시온","0","9607672","0.0","3.9967916E7","0.00"
"353190","휴럼","0","38380420","0.0","4.2794168E7","0.00"
"090710","휴림로봇","178052","163775698","518131.0","4.76587281E8","0.11"
"205470","휴마시스","0","34223815","0.0","5.92072E8","0.00"
"115160","휴맥스","0","43941389","0.0","1.43688342E8","0.00"
"028080","휴맥스홀딩스","0","12577506","0.0","4.1379995E7","0.00"
"032860","휴먼엔","0","17936367","0.0","6.5288376E7","0.00"
"200670","휴메딕스","8938","9971194","198424.0","2.21360507E8","0.09"
"065510","휴비츠","0","11882871","0.0","1.34276442E8","0.00"
"215090","휴센텍","0","80294434","0.0","1.20843123E8","0.00"
"263920","휴엠앤씨","0","49045134","0.0","2.23400585E8","0.00"
"243070","휴온스","75665","11935549","2693674.0","4.24905544E8","0.63"
"084110","휴온스글로벌","9268","12621492","197408.0","2.6883778E8","0.07"
"145020","휴젤","101314","12385455","1.070889E7","1.309142594E9","0.82"
"024060","흥구석유","0","15000000","0.0","8.985E7","0.00"
"010240","흥국","0","12322696","0.0","8.3054971E7","0.00"
"189980","흥국에프엔비","0","39997771","0.0","1.15793547E8","0.00"
"037440","희림","14298","13922475","115814.0","1.12772048E8","0.10"
"238490","힘스","0","11312236","0.0","6.900464E7","0.00"