,회사명,거래소코드,회계년도,통계청 한국표준산업분류 10차(대분류),유동부채비율,매출액순이익률,CASH FLOW 대 매출액비율,CASH FLOW 대 부채비율,이자보상배율(이자비용),금융비용 대 총비용비율,설비투자효율,CASH FLOW 대 총자본비율,자본금회전률,총자본투자효율,총자본회전률,자기자본순이익률,매출채권회전률,유형자산회전율,부채비율,유동비율,자기자본배율,당좌비율,순운전자본비율,현금비율,타인자본회전률,총자본순이익률,매출액총이익률,매출원가 대 매출액비율,차입금의존도,재고자산회전률,총자산부채비율,현금비율(CASHTA),유보이익대총자산비율,판매관리비대매출액,고정비율,log총자산,총자본증가율,유동자산증가율,매출액증가율,총자산영업이익률,순이익률,이자비용/부채,영업이익증가율,순이익증가율,업종,규모,층화,label
741,(주)플리토,300080,19-Dec,서비스업,4.65,-300.77,-183.98,-158.15,-16.77,3.46,-458.67,-13.83,1.09,-21.23,0.13,-125.49,6.12,3.11,9.58,2222.56,928.48,2222.56,90.12,375.19,0.19,-39.31,0.0,0.0,3.39,0.0,0.087441983,0.159303515,-0.802490451,3.890080684,0.056304744,7.42178029,565.5,586.94,-43.37,-0.377707469,-0.393078816,0.032874159,-243.6638929,-58.74060765,1,0,1,0
905,소프트캠프(주),258790,19-Dec,서비스업,96.58,3.18,30.91,52.99,50.1,0.15,2462.43,28.88,9.11,39.8,0.93,4.89,4.33,57.81,119.85,170.6,436.36,170.21,31.01,59.38,1.71,2.97,75.44,24.56,30.68,548.3,0.545138491,0.260849254,-0.193528919,0.547027216,0.250558989,7.324818982,0.0,0.0,0.0,0.387485271,0.0594077,0.014186775,93738.48249,69681.23556,1,0,1,0
169,(주)모비스,250060,19-Dec,서비스업,13.01,-4.61,-3.7,-5.02,-19.87,-0.77,298.33,-1.06,3.78,22.2,0.35,-2.35,26.99,4.03,26.65,487.61,803.54,487.18,39.81,109.28,2.01,-1.6,50.46,49.54,4.77,770.26,0.210401174,0.112242645,-0.035013744,0.646702711,0.499165098,7.628482564,54.03,24.53,386.56,-0.04924151,-0.015964282,0.014337186,-17.17145867,-58.19749987,1,0,1,0
214,(주)사람인에이치알,143240,19-Dec,서비스업,17.07,27.21,20.81,100.31,821.08,-3.2,729.06,14.9,16.07,62.65,0.8,25.35,14.91,9.05,17.45,381.26,1908.5,381.26,40.88,28.37,5.46,21.66,0.0,0.0,0.56,0.0,0.148538319,0.041228904,0.549978523,0.708298846,0.445878349,8.116169131,25.08,52.08,8.61,0.232155539,0.216564093,0.001939861,44.59584387,52.74502913,1,0,1,0
1088,한국기업평가(주),34950,19-Dec,서비스업,22.83,26.69,29.7,76.7,622.27,-3.62,2064.3,17.18,3.79,51.7,0.64,20.96,14.31,17.04,28.86,456.1,438.05,456.1,63.08,52.88,2.9,17.01,0.0,0.0,1.15,0.0,0.223973665,0.093660375,0.471808643,0.658781992,0.192113507,8.205034171,22.65,25.47,10.21,0.217462662,0.170107025,0.001588682,24.71216088,22.34978368,1,0,1,0
263,(주)솔본,35610,19-Dec,서비스업,10.73,7.19,11.74,37.55,2.2,-1.33,271.22,4.53,5.87,16.53,0.4,1.27,3.39,5.87,13.72,497.33,1025.98,489.44,37.49,116.25,3.59,2.85,52.92,47.08,1.89,61.27,0.120645924,0.109704819,0.108631733,0.525298519,0.530683341,8.318366903,5.51,-12.8,-4.89,0.001553119,0.02848265,0.006384497,-97.94603864,-42.62979434,1,0,1,0
1048,지엘팜텍(주),204840,19-Dec,서비스업,684.24,-51.99,-22.97,-10.08,-7.43,2.18,6.85,-9.18,2.96,4.03,0.37,-108.38,3.0,0.67,1024.08,39.28,66.0,26.28,-36.96,2.01,0.44,-18.98,19.12,80.88,59.12,5.69,0.911038384,0.012209811,-0.301061276,0.486351646,0.760888448,7.42401563,-15.89,-29.31,32.63,-0.107767708,-0.189832392,0.017595083,31.61622489,-3.101965189,1,0,1,0
111,(주)디와이디,219550,19-Dec,서비스업,63.61,-6.0,-10.14,-22.84,-3.85,0.16,369.62,-9.34,8.47,5.66,0.92,-9.56,7.79,60.16,69.17,148.91,536.01,102.62,18.39,3.79,2.25,-5.53,33.93,66.07,34.77,5.29,0.408861484,0.014269623,0.331791229,0.37595961,0.440041234,7.71791221,0.0,0.0,0.0,-0.041837197,-0.068585798,0.038133676,-132.9691673,-172.2159985,1,0,1,0
963,에이치엘비제약(주),47920,19-Dec,서비스업,128.98,1.31,-0.59,-0.76,1.21,3.16,73.04,-0.46,5.21,20.05,0.88,2.71,5.17,2.75,156.08,125.67,258.56,101.21,12.93,11.88,1.52,1.15,49.98,50.02,28.79,6.55,0.609498208,0.059849253,0.026494928,0.459860842,0.367049036,7.661300209,25.87,36.39,75.75,0.035029653,0.011490438,0.050345356,504.3415047,1593.61753,1,0,1,0
719,(주)팬엔터테인먼트,68050,19-Dec,서비스업,40.16,2.82,-19.57,-26.5,2.34,1.07,14.7,-10.16,5.85,7.63,0.56,2.4,5.39,0.99,62.15,104.02,695.59,95.56,1.0,7.55,1.63,1.58,8.57,91.43,30.76,20.56,0.38329324,0.018697864,0.02988984,0.058990208,0.74236063,7.889326146,17.14,79.35,204.41,0.014955492,0.015776514,0.018553251,254.9799986,209.2206455,1,0,1,0
222,(주)삼화네트웍스,46390,19-Dec,서비스업,14.69,1.33,1.3,8.42,7.24,-0.26,667.69,1.63,6.3,19.95,1.1,2.08,18.97,47.03,24.04,430.2,405.52,430.2,39.11,167.73,3.78,1.47,4.11,95.89,0.47,0.0,0.19378199,0.198674102,0.157053193,0.037903865,0.49043997,7.636525878,-20.99,-43.57,331.55,0.003537328,0.014695572,0.001669903,2262.438412,525.8001559,1,0,1,0
150,(주)매커스,93520,19-Dec,서비스업,91.46,8.35,7.72,9.11,34.83,0.01,284.66,4.39,7.11,12.39,0.61,9.11,6.67,13.38,92.93,191.12,653.51,148.4,43.19,37.75,1.37,5.1,23.24,76.76,1.79,4.11,0.481690272,0.178959252,0.458702882,0.128942929,0.094020316,8.004849791,16.08,18.6,-35.86,0.063205929,0.051017039,0.004065278,-54.05494056,-48.40660168,1,0,1,0
773,(주)헬릭스미스,84990,19-Dec,서비스업,20.81,-2432.59,-612.01,-15.82,-7.05,0.71,-120.45,-7.34,0.48,-25.71,0.01,-64.98,4.51,0.06,86.59,564.24,1826.43,556.74,51.77,114.86,0.03,-33.05,0.54,99.46,34.65,1.51,0.464067934,0.128079405,-0.593231637,9.374246944,0.370832388,8.569886924,30.68,72.46,-15.65,-0.127300368,-0.330529671,0.037167024,-96.82500987,-255.0235218,1,0,1,0
842,데브시스터즈(주),194480,19-Dec,서비스업,6.49,-36.97,6.87,12.3,-260.78,-2.35,626.97,2.09,6.71,16.56,0.29,-12.1,10.83,10.3,20.52,1306.77,1839.02,1303.79,64.94,108.84,1.9,-10.74,0.0,0.0,1.27,199.66,0.170251315,0.058568222,-0.06367192,1.590094216,0.296830125,8.09134457,-8.9,-4.01,5.29,-0.171406012,-0.10737761,0.004305608,-80.04888469,24.4134921,1,0,1,0
651,(주)코원플레이,56000,19-Dec,서비스업,16.74,-17.0,1.89,9.89,-28.51,-0.53,-15.63,1.77,2.81,-0.2,0.91,-17.92,14.35,48.9,21.81,642.23,245.78,584.9,74.51,196.86,6.7,-15.48,30.22,69.78,7.25,7.01,0.179049043,0.270521222,-0.124552757,0.482551949,0.117461618,7.325537357,-5.27,-7.92,-23.02,-0.164267234,-0.154844592,0.042416948,-15.07052361,-235.1772452,1,0,1,0
815,남화산업(주),111710,19-Dec,서비스업,1.36,20.52,37.93,46.11,999999999.0,-5.64,23.41,3.86,3.64,6.84,0.1,2.3,465.79,0.35,9.15,1437.34,3277.94,1436.02,16.66,397.31,1.19,2.1,0.0,0.0,0.0,593.19,0.083800639,0.049505854,0.815001674,0.630454691,0.820904282,8.168254597,1.29,21.35,11.59,0.037886268,0.021042046,0.0,48.5688208,-26.91752569,1,0,1,0
462,(주)원익,32940,19-Dec,서비스업,45.53,40.74,3.55,4.31,2.64,1.69,225.47,1.78,10.01,35.93,0.58,42.78,7.95,3.09,70.75,67.56,1146.6,48.69,-8.65,12.63,1.28,23.47,50.68,49.32,23.86,8.72,0.414344448,0.033668306,0.341163731,0.460803383,0.819871504,8.254139409,33.63,14.34,12.57,0.02648223,0.234652328,0.022341967,49.25271617,284.4637263,1,0,1,0
116,(주)디지틀조선일보,33130,19-Dec,서비스업,9.8,10.23,16.93,66.65,31.03,-3.16,1102.08,6.67,1.82,23.18,0.41,4.54,6.32,16.29,11.13,653.54,414.09,651.56,48.83,123.34,4.34,4.16,25.51,74.49,2.59,210.73,0.10012271,0.108810934,0.449480132,0.168352904,0.423452558,7.93375891,6.46,1.7,-14.71,0.035273902,0.041599074,0.012121301,-53.852973,-32.62737568,1,0,1,0
854,라온시큐어(주),42510,19-Dec,서비스업,52.01,8.32,11.44,12.32,3.1,1.54,395.22,6.81,1.91,27.41,0.78,10.15,3.11,13.38,123.65,327.05,136.39,327.05,52.8,198.08,1.72,6.45,59.63,40.37,30.39,0.0,0.55287225,0.46064826,0.238675229,0.526640087,0.239432837,7.708580497,86.5,90.12,23.7,0.054026683,0.064504858,0.038628318,-47.27588698,-33.09138115,1,0,1,0
819,뉴지랩파마(주),214870,19-Dec,서비스업,68.78,-2.81,-19.81,-36.98,-0.05,1.67,45.42,-16.02,9.74,1.94,1.08,-5.44,6.65,18.67,76.43,194.87,541.95,155.13,36.98,93.51,2.45,-3.04,27.71,72.29,32.63,8.68,0.433196203,0.364529514,0.001289982,0.278216679,0.240330306,8.073610595,101.67,85.17,414.05,-0.001174707,-0.030361574,0.058550073,98.12621041,63.45887207,1,0,1,0
706,(주)파수,150900,19-Dec,서비스업,137.2,-12.73,5.3,6.1,-4.71,1.71,1077.35,3.97,7.39,32.41,0.76,-24.65,1.98,31.57,186.12,118.31,333.56,118.31,8.78,38.99,1.28,-9.65,49.29,50.71,35.21,0.0,0.650496112,0.186963954,-0.216961811,0.595340283,0.432680234,7.674652767,2.86,3.04,9.68,-0.077677398,-0.096528963,0.027799432,-336.2045124,-561.4645661,1,0,1,0
612,(주)케이사인,192250,19-Dec,서비스업,9.65,14.02,23.33,56.61,13.48,-1.68,703.78,9.07,4.02,15.82,0.38,7.0,5.78,11.44,19.07,813.67,841.45,811.35,57.82,257.22,1.79,5.31,0.0,0.0,8.9,279.8,0.160177446,0.208403024,0.287055579,0.854534129,0.340766152,7.825386919,-4.97,-10.07,9.55,0.055107027,0.053119842,0.019302118,170.2328326,571.3319571,1,0,1,0
812,나무기술(주),242040,19-Dec,서비스업,202.51,4.54,-4.73,-10.39,3.02,1.34,1592.09,-7.07,30.04,30.19,1.85,23.65,4.29,101.58,213.3,139.07,592.28,108.04,25.25,9.43,2.81,8.38,17.05,82.95,23.76,10.37,0.680818528,0.06093986,0.007347915,0.122364865,0.101079742,7.753178647,61.38,56.38,28.89,0.088873265,0.083753135,0.044781423,200.6236304,289.9831943,1,0,1,0
1096,한국정보인증(주),53300,19-Dec,서비스업,26.03,16.76,24.55,43.66,418.34,-4.12,248.79,9.58,2.73,16.47,0.41,8.65,23.65,4.16,28.12,330.11,546.95,329.95,46.76,24.09,1.91,6.81,0.0,0.0,1.13,1316.35,0.219460262,0.048956848,0.429273221,0.78239662,0.329238248,8.038191946,8.52,5.09,9.49,0.088378906,0.068064344,0.000993136,2.880355128,-9.050825096,1,0,1,0
154,(주)메드팩토,235980,19-Dec,서비스업,1.81,0.0,0.0,-758.39,-53.6,-1.39,-241.03,-18.84,0.0,-11.17,0.0,-17.17,0.0,0.0,2.55,5323.93,1558.71,5323.93,92.44,12.13,0.0,-16.75,0.0,0.0,0.99,0.0,0.024843007,0.002145832,-0.813933406,inf,0.057903789,7.906871883,0.0,0.0,0.0,-0.23530723,-0.24023369,0.016892813,-30.27367861,64.03294662,1,0,1,0
310,(주)아시아경제,127710,19-Dec,서비스업,26.44,10.64,-2.84,-3.37,2.61,-0.35,283.81,-0.81,3.02,20.87,0.26,3.55,4.06,3.5,31.52,190.01,808.8,189.81,18.09,36.31,0.93,2.81,51.0,49.0,14.25,664.05,0.239646853,0.073002242,0.372121369,0.424530065,0.618022808,8.130174759,-13.3,10.93,-0.08,0.022560675,0.028101739,0.030498693,-43.0380763,-86.17317896,1,0,1,0
42,(주)넵튠,217270,19-Dec,서비스업,60.57,-115.26,-53.58,-18.01,-24.07,0.6,-3160.01,-8.35,1.61,-18.32,0.15,-25.05,8.77,24.21,86.55,33.89,588.96,33.89,-21.46,21.94,0.32,-16.95,0.0,0.0,30.68,24039.63,0.46395379,0.071244472,-0.205354085,1.561032306,0.889945815,8.0632113,-10.76,-10.05,-0.75,-0.082514375,-0.169514182,0.007347061,44.91611296,43.69952542,1,0,1,0
952,에스지에이클라우드서비스(주),224880,19-Dec,서비스업,0.0,-64.07,1.43,2.14,-6.49,2.42,-20605.36,4.38,7.92,-136.11,1.53,0.0,3.61,126.59,0.0,45.52,0.0,44.71,-109.88,11.73,1.24,-97.84,7.75,92.25,130.22,23.04,2.046627705,0.236533024,-2.628167508,0.346712476,0.081909957,6.803516861,-66.77,-50.7,-23.79,-0.411049129,-0.978350027,0.051480471,-124.8760872,-189.2188355,1,0,1,0
210,(주)비트컴퓨터,32850,19-Dec,서비스업,17.75,18.98,1.94,5.39,35.2,-0.09,106.02,1.16,4.5,30.22,0.63,15.57,7.07,2.26,27.41,262.34,590.06,256.14,22.61,24.54,2.73,11.97,29.61,70.39,8.45,59.06,0.215135331,0.034178541,0.465911118,0.133600462,0.634569614,7.795786526,11.46,16.74,14.06,0.102448802,0.1196662,0.012578108,379.8790982,3135.164915,1,0,1,0
529,(주)이엠넷,123570,19-Dec,서비스업,45.61,22.06,12.89,13.53,829.04,-1.71,305.84,4.86,3.3,34.26,0.4,13.02,8.11,3.55,56.11,244.94,523.41,244.94,42.35,57.46,1.11,8.83,0.0,0.0,0.89,0.0,0.359407764,0.167902891,0.406164695,0.789792014,0.284319579,7.988050276,13.03,8.0,16.14,0.084151576,0.088301669,0.000282123,39.15629912,79.88570697,1,0,1,0
688,(주)티로보틱스,117730,19-Dec,제조업,79.26,-6.54,3.6,3.88,-2.84,2.01,46.92,2.37,18.78,14.12,0.74,-10.37,5.82,2.67,157.76,171.07,1065.35,122.98,21.85,68.98,1.33,-4.81,17.88,82.12,40.37,4.35,0.612037252,0.212100005,-0.055560762,0.256390161,0.473956258,7.893286152,26.13,-5.49,-22.5,-0.057017414,-0.048112914,0.036285273,-170.8561415,-164.9561287,2,0,2,0
758,(주)한국비엔씨,256840,19-Dec,제조업,41.26,-30.57,21.39,17.16,5.59,1.46,8.13,7.62,3.82,1.21,0.36,-19.59,3.89,1.03,79.85,269.45,596.73,245.05,38.87,196.87,0.8,-10.89,59.34,40.66,31.82,6.36,0.443995116,0.451665464,-0.004070371,0.461207171,0.381843384,7.695472255,0.0,0.0,0.0,0.094177446,-0.217794402,0.037930894,93738.48249,-78560.3393,2,0,2,0
54,(주)뉴인텍,12340,19-Dec,제조업,65.11,-2.02,1.64,3.92,0.34,1.39,62.69,1.79,2.59,25.76,1.18,-5.33,6.15,2.65,84.29,148.97,179.8,103.41,17.3,41.32,2.14,-2.39,11.28,88.72,20.9,6.62,0.457386204,0.145974914,-0.529877152,0.107827363,0.473697244,7.697024635,17.22,31.22,8.67,0.005918417,-0.023877591,0.031548755,1194.617893,72.05734253,2,0,2,0
162,(주)멕아이씨에스,58110,19-Dec,제조업,260.91,-13.13,-9.29,-5.78,-0.16,9.04,41.32,-4.81,4.8,22.37,0.52,-31.4,4.08,0.96,493.19,74.92,150.85,40.6,-11.03,5.54,0.65,-6.85,43.01,56.99,67.5,3.36,0.83142012,0.024376323,-0.240726728,0.446555447,0.670458485,7.395332405,1.68,-0.59,47.39,-0.0085754,-0.068546834,0.0677361,88.43200128,38.7153766,2,0,2,0
372,(주)에스피시스템스,317830,19-Dec,제조업,58.53,4.14,-1.22,-1.36,2.92,0.68,35.94,-0.66,42.98,12.0,0.59,5.22,2.98,1.59,94.15,195.25,3736.71,186.28,28.71,40.17,1.11,2.46,18.56,81.44,23.66,19.34,0.484926486,0.121091185,0.322975579,0.154120632,0.411393067,7.771520112,22.11,46.98,-31.82,0.018726791,0.024592452,0.012002597,-75.76378532,-59.14200186,2,0,2,0
483,(주)위지트,36090,19-Dec,제조업,33.45,-17.65,8.27,8.14,-0.96,3.93,23.22,2.51,0.82,5.67,0.31,-7.11,4.38,1.29,44.56,71.38,173.82,47.84,-6.62,18.42,0.95,-5.42,15.04,84.96,24.24,5.82,0.308254938,0.042626114,0.150797162,0.183836558,0.834823844,8.018264896,2.25,-38.6,-29.27,-0.01025276,-0.05418331,0.033031319,-121.647687,-187.6369183,2,0,2,0
227,(주)서남,294630,19-Dec,제조업,38.6,-298.61,-186.76,-58.06,-102.31,0.43,-25.64,-25.08,0.17,-10.76,0.13,-64.38,2.03,0.28,76.03,198.23,71.36,100.7,21.54,79.53,0.35,-39.82,-109.14,209.14,16.61,0.7,0.431905409,0.174390063,-4.44861209,2.033179534,0.565339119,7.022276898,-1.37,-18.36,-70.88,-0.416628155,-0.39815488,0.010674148,-175.168395,-191.1756995,2,0,2,0
856,램테크놀러지(주),171010,19-Dec,제조업,54.61,7.31,7.67,10.6,4.61,2.37,40.34,4.97,7.02,19.19,0.75,11.64,16.26,1.33,88.26,165.26,536.52,123.76,18.93,99.16,1.43,5.51,20.23,79.77,40.11,5.71,0.468828926,0.287631033,0.092149014,0.098748024,0.520657428,7.826315031,39.28,172.87,33.09,0.078028295,0.055120531,0.032169047,111.2911402,111.7064041,2,0,2,0
1041,제이엠티(주),94970,19-Dec,제조업,25.04,1.15,25.6,129.97,141.18,-0.23,79.05,29.74,9.94,23.09,1.04,1.74,9.91,3.76,29.67,298.22,659.94,266.84,38.28,112.55,3.32,1.19,11.3,88.7,0.0,11.03,0.228837628,0.217365265,0.558565818,0.088655195,0.424070173,7.855296045,-19.28,-27.45,-43.37,0.025316673,0.011925998,0.000572956,-84.73401129,-91.07955975,2,0,2,0
528,(주)이엘피,63760,19-Dec,제조업,7.85,10.91,26.02,152.86,197.45,-1.94,208.57,12.75,15.22,16.92,0.49,5.98,3.51,5.92,9.1,1056.22,2844.96,972.69,68.83,459.75,4.41,5.32,28.05,71.95,1.23,7.25,0.083438754,0.330942052,0.697067154,0.197245741,0.239700648,7.882009813,-1.08,-1.67,-26.53,0.040576375,0.053164905,0.00185952,-79.48545571,-72.52578538,2,0,2,0
374,(주)에쎈테크,43340,19-Dec,제조업,50.53,-0.95,5.66,19.32,0.88,0.93,84.68,6.82,1.44,25.65,1.14,-1.71,4.43,3.97,54.59,183.5,77.08,83.1,27.29,7.63,3.13,-1.09,7.27,92.73,24.0,3.54,0.353112046,0.024950504,-0.156480188,0.064077827,0.400201176,7.632404688,-10.58,-9.32,-12.05,0.009857383,-0.010854013,0.030855611,-83.39356044,-124.5006193,2,0,2,0
517,(주)이랜시스,264850,19-Dec,제조업,59.85,2.09,2.44,5.69,15.32,0.49,108.51,2.74,19.33,24.24,1.12,4.52,5.05,3.18,92.58,181.19,894.72,137.07,25.24,7.2,2.33,2.35,17.62,82.38,28.24,8.18,0.480733284,0.022381502,0.324841504,0.097824587,0.43684725,7.668495008,0.0,0.0,0.0,0.175826,0.046951896,0.02387874,93738.48249,69681.23556,2,0,2,0
792,(주)흥국에프엔비,189980,19-Dec,제조업,37.43,9.86,13.2,28.11,117.53,-0.54,63.18,7.94,14.65,22.97,0.63,8.57,10.19,1.32,39.39,160.65,1745.38,111.08,16.29,38.31,2.27,6.2,34.03,65.97,22.08,4.46,0.282586001,0.102857129,0.399304156,0.232201378,0.568618244,7.950862114,9.1,6.68,12.84,0.067928668,0.061971904,0.002089053,36.714534,92.09333408,2,0,2,0
1079,피앤씨테크(주),237750,19-Dec,제조업,12.34,12.99,8.17,20.27,79.05,-2.35,37.51,2.56,6.59,11.49,0.32,4.74,4.99,1.0,14.48,561.78,1834.33,474.82,49.78,55.06,2.65,4.17,27.53,72.47,3.58,3.45,0.126498816,0.059364365,0.464040141,0.168976465,0.394342665,7.833870537,4.68,9.56,-6.03,0.034109653,0.041678951,0.003558256,24.92801285,19.32147567,2,0,2,0
102,(주)디알젬,263690,19-Dec,제조업,76.91,9.1,4.14,8.16,114.19,0.0,135.66,3.95,10.61,26.82,1.1,17.88,5.63,5.12,93.86,176.08,574.3,101.87,30.18,43.31,2.5,10.01,28.96,71.04,9.72,3.92,0.484163492,0.171830228,0.216740081,0.213513079,0.301464593,7.79965928,36.21,38.44,6.11,0.083648501,0.100077251,0.001663885,8.735615894,17.56883666,2,0,2,0
541,(주)인콘,83640,19-Dec,제조업,55.27,-64.06,-3.78,-3.65,-0.87,4.78,-137.2,-1.32,2.11,-10.36,0.33,-36.6,6.86,4.61,56.5,120.18,355.63,116.42,7.13,24.66,0.79,-21.21,18.11,81.89,23.68,19.71,0.36103727,0.087101537,0.064916168,0.258148376,0.575547251,7.946072848,-9.42,-29.56,-25.04,-0.025518701,-0.212094394,0.069570488,-20.78807089,-1527.460531,2,0,2,0
424,(주)엠투엔,33310,19-Dec,제조업,47.23,9.24,4.83,5.8,0.46,0.9,114.31,2.27,4.23,14.07,0.47,7.75,4.6,3.57,64.08,77.73,508.9,65.38,-6.41,19.59,1.15,4.38,12.14,87.86,23.38,11.1,0.390530515,0.056379855,0.40474285,0.112540767,0.776268988,7.996185755,2.33,-21.15,-12.74,0.004211534,0.043789705,0.022195761,-75.20291669,-2.618031546,2,0,2,0
959,에이비엘바이오(주),298380,19-Dec,제조업,7.07,-927.68,-457.81,-167.62,-445.6,-3.01,-613.38,-12.78,0.18,-21.64,0.03,-25.61,1.5,1.03,8.25,1443.66,582.77,1443.66,87.7,977.18,0.35,-23.74,0.0,0.0,0.56,0.0,0.076237507,0.637820757,-1.702452315,11.13519903,0.05770195,8.155040571,-15.38,-16.41,217.12,-0.259349019,-0.237382752,0.007958273,-68.26226761,68.43527747,2,0,2,0
47,(주)녹십자셀,31390,19-Dec,제조업,57.5,29.17,14.25,7.87,4.05,2.27,60.06,3.51,6.33,17.23,0.27,14.52,5.97,0.54,80.65,93.13,1397.29,87.28,-2.19,4.14,0.6,7.92,57.46,42.54,38.5,15.19,0.446429388,0.013161753,0.151514484,0.424403518,0.703589006,8.186736018,22.61,10.25,28.02,0.040785888,0.079236918,0.022215967,50.81338103,-20.48214406,2,0,2,0
219,(주)삼일기업공사,2290,19-Dec,제조업,17.5,4.31,7.13,49.41,999999999.0,-0.97,96.66,7.79,12.3,5.58,1.16,5.69,0.0,18.75,18.71,595.39,948.75,571.52,73.04,462.7,9.53,5.0,9.31,90.69,0.02,30.7,0.157622938,0.682161567,0.753588921,0.045470405,0.122209759,7.844036724,13.03,15.91,35.74,0.055221507,0.049999255,0.0,19.45181892,6.32701781,2,0,2,0
402,(주)엔바이오니아,317870,19-Dec,제조업,21.82,10.16,26.09,29.52,4.2,3.07,53.06,8.41,3.02,16.2,0.4,7.25,12.57,0.98,39.85,380.25,579.34,331.53,43.73,176.51,0.93,4.1,43.35,56.65,17.21,4.7,0.284943462,0.27544212,-0.163022472,0.296133687,0.406624919,7.479171417,67.2,139.74,13.76,0.055442268,0.041006502,0.030353871,-37.09426979,52.52509965,2,0,2,0
720,(주)팬젠,222110,19-Dec,제조업,102.61,-310.19,-160.91,-22.44,-6.57,5.48,-62.14,-11.86,0.6,-10.99,0.07,-39.4,5.23,0.41,112.1,135.44,382.22,131.21,17.14,23.08,0.15,-21.11,-72.79,172.79,44.48,4.49,0.528531209,0.111643011,-0.881112856,2.040954712,0.344793594,7.591987215,-14.31,-17.05,-49.27,-0.188399416,-0.21105895,0.061761962,-162.1286043,-93.03083761,2,0,2,0
500,(주)유에스티,263770,19-Dec,제조업,31.35,4.86,2.02,7.25,7.43,0.47,42.0,1.73,22.09,14.88,0.8,5.64,6.05,2.38,31.42,267.27,1957.23,159.28,39.9,0.61,2.62,3.9,12.86,87.14,19.17,2.65,0.23909007,0.001459022,0.357364003,0.055862074,0.362477085,7.785059598,-11.99,-14.8,5.55,0.058527936,0.039046211,0.025649213,11.00797579,123.4611727,2,0,2,0
926,아이쓰리시스템(주),214430,19-Dec,제조업,23.75,0.35,15.5,35.73,-29.85,-0.3,70.93,8.78,14.48,25.17,0.57,0.26,5.98,1.66,32.6,309.55,1928.15,162.08,37.53,72.07,2.38,0.2,9.1,90.9,9.81,2.11,0.245839892,0.129074447,0.461283353,0.137190055,0.44563845,7.961640208,-0.41,-12.31,-25.02,-0.026121099,0.001960527,0.003679266,-126.6520119,-98.16190771,2,0,2,0
572,(주)제일바이오,52670,19-Dec,제조업,9.06,8.89,14.38,109.08,440.39,-1.18,106.07,9.54,3.06,16.27,0.69,6.67,8.45,4.23,9.58,981.16,421.57,728.38,72.83,193.75,8.1,6.1,21.22,78.78,0.31,3.37,0.087460831,0.160140998,0.369629706,0.189555862,0.189022636,7.539680339,7.17,22.48,-17.34,0.015530067,0.061002015,0.000415938,-62.93301405,96.39990579,2,0,2,0
179,(주)바이오솔루션,86820,19-Dec,제조업,5.85,-7.85,-8.61,-20.61,-35.51,-7.46,121.74,-1.48,2.24,7.63,0.17,-1.44,2.89,3.0,7.72,1593.06,1197.09,1574.22,81.03,53.7,2.36,-1.33,66.44,33.56,1.47,14.53,0.071628002,0.029144172,-0.245246053,0.874667238,0.135397891,7.714392434,-2.0,-7.62,-15.61,-0.035686087,-0.013328083,0.014003113,-272.4320701,-151.7612968,2,0,2,0
89,(주)동운아나텍,94170,19-Dec,제조업,69.46,12.06,-10.67,-19.94,-1.77,1.88,2789.6,-10.82,7.7,37.02,1.14,29.12,5.05,97.97,118.58,235.17,327.45,142.08,42.95,63.12,2.18,13.8,28.17,71.83,36.58,4.3,0.542497912,0.200577069,0.324185145,0.321657341,0.252739679,7.732723441,29.68,40.62,17.27,-0.045737111,0.138025143,0.049080557,65.15097889,219.1551439,2,0,2,0
438,(주)오스테오닉,226400,19-Dec,제조업,36.42,4.47,-9.59,-4.58,0.35,8.81,55.5,-2.05,2.64,14.51,0.23,1.74,1.13,1.01,80.67,297.54,684.68,228.99,39.82,50.92,0.57,1.04,45.06,54.94,35.55,1.94,0.446517828,0.102649023,-0.173726075,0.407624392,0.400244149,7.718645505,18.91,5.78,22.86,0.009956927,0.010355053,0.071050493,253.1076026,1430.830454,2,0,2,0
1087,하이즈항공(주),221840,19-Dec,제조업,24.05,5.03,5.16,6.38,2.96,0.83,50.75,2.77,8.33,25.75,0.55,4.89,8.05,1.04,76.75,317.82,864.25,275.11,29.63,149.61,1.28,2.77,14.31,85.69,34.7,9.1,0.434237737,0.203534979,0.075596521,0.091133334,0.56763731,8.137638636,5.19,15.86,42.53,0.028615301,0.027672185,0.02250699,213.6969512,479.0805618,2,0,2,0
336,(주)알로이스,297570,19-Dec,제조업,27.98,-13.32,-3.78,-21.38,42.24,0.17,-220.47,-5.22,17.42,-2.36,1.38,-24.33,2.82,128.99,32.27,461.26,953.43,395.89,76.42,40.19,5.66,-18.4,26.6,73.4,15.62,9.99,0.243947461,0.085022049,-0.010872592,0.128269052,0.024214321,7.339518816,0.0,0.0,0.0,0.38041988,-0.367913628,0.036922357,93738.48249,-78560.3393,2,0,2,0
444,(주)옵투스제약,131030,19-Dec,제조업,9.02,24.15,26.37,142.02,3846.18,-2.93,123.11,13.4,7.3,22.93,0.54,14.41,8.94,2.57,10.42,912.64,1300.91,852.73,66.36,361.9,5.98,13.1,61.09,38.91,0.15,11.19,0.094326261,0.295514959,0.537008352,0.35959047,0.254770107,8.075433154,14.5,25.44,21.8,0.136297377,0.130978564,0.000390488,41.74628313,45.91857698,2,0,2,0
839,덕산네오룩스(주),213420,19-Dec,제조업,10.04,19.57,15.49,70.93,899.04,-1.18,86.28,8.36,20.38,22.17,0.57,12.73,10.6,1.97,13.36,488.11,3330.75,343.6,34.38,242.2,4.8,11.21,33.99,66.01,0.73,4.19,0.117854021,0.214573199,0.336739661,0.127753094,0.567561363,8.258424105,13.09,8.68,7.92,0.121542409,0.112149532,0.001133535,2.173365068,1.833477664,2,0,2,0
533,(주)이지,37370,19-Dec,제조업,64.52,-0.97,0.89,1.38,2.57,0.77,52.94,0.78,8.96,22.08,0.89,-2.22,4.77,1.49,129.98,100.58,442.62,93.6,0.16,11.63,1.62,-0.86,17.92,82.08,36.55,24.63,0.565180742,0.032618445,-0.04281746,0.156919061,0.717823248,7.887611793,5.28,-19.08,-40.28,0.019921166,-0.008632222,0.014099647,698.5047521,96.21154278,2,0,2,0
77,(주)덕산테코피아,317330,19-Dec,제조업,6.65,18.0,30.06,136.0,67.11,-0.75,50.98,11.7,7.38,19.0,0.51,10.78,8.6,0.97,9.41,624.78,1580.1,489.96,31.91,103.05,3.28,9.11,41.89,58.11,2.23,5.05,0.086040456,0.062655558,0.374830692,0.201753293,0.62013281,8.201011767,86.13,110.48,-12.82,0.10999131,0.091148833,0.010626368,-45.33544436,-40.74765304,2,0,2,0
348,(주)에너토크,19990,19-Dec,제조업,6.37,2.08,12.01,100.45,33.23,-1.49,74.47,6.58,4.81,19.31,0.54,1.2,4.09,2.08,7.01,778.89,821.24,559.17,40.4,176.76,9.18,1.13,27.64,72.36,0.44,4.05,0.065475362,0.105196671,0.688530045,0.267059368,0.536449605,7.632124276,-1.56,-11.21,1.86,0.005100345,0.011310998,0.00259133,-84.80078074,-63.35179276,2,0,2,0
21,(주)나노,187790,19-Dec,제조업,69.57,-0.41,5.06,6.89,-0.54,1.93,44.92,3.21,5.94,15.41,0.66,0.95,6.09,1.5,87.26,113.91,390.8,63.88,5.17,20.69,1.43,-0.27,9.78,90.22,31.17,3.28,0.465978517,0.076868773,0.142785165,0.109640897,0.576821072,8.064986429,7.28,-3.85,-10.07,-0.007751891,-0.002660968,0.031475788,-139.6569821,36.11062369,2,0,2,0
723,(주)포메탈,119500,19-Dec,제조업,24.31,4.27,6.93,19.88,9.97,0.32,28.19,5.7,8.57,19.44,0.84,5.0,5.58,1.13,40.15,146.36,743.99,97.94,8.04,8.98,2.93,3.57,11.65,88.35,13.51,10.92,0.28649973,0.015571533,0.496684588,0.074818579,0.746179992,7.797216766,3.36,8.61,-7.01,0.034811486,0.035706446,0.012226197,0.052566729,5.295248879,2,0,2,0
344,(주)앤디포스,238090,19-Dec,제조업,59.66,-1.84,8.63,10.04,2.47,2.44,93.46,3.82,9.12,6.86,0.53,-0.64,7.84,4.92,61.46,191.66,1092.57,176.18,33.87,28.38,1.47,-0.97,25.65,74.35,20.99,6.61,0.380647267,0.104877893,0.104373318,0.153363047,0.291800637,8.278580175,45.68,66.69,76.15,0.054177301,-0.009676372,0.061554173,9.592105109,88.60703227,2,0,2,0
511,(주)이노와이어리스,73490,19-Dec,제조업,31.84,13.57,12.47,30.13,12.38,1.18,149.54,9.98,32.27,43.35,0.89,17.76,6.22,2.8,49.54,273.47,2695.71,250.02,36.93,156.23,2.75,12.03,44.37,55.63,13.84,15.44,0.331301457,0.332613944,0.53445876,0.285210446,0.417770382,8.082744652,23.99,44.37,51.24,0.140417114,0.120297696,0.035145137,6045.911265,5938.227121,2,0,2,0
820,다믈멀티미디어(주),93640,19-Dec,제조업,52.47,4.08,-2.21,-2.38,1.13,3.6,966.87,-0.87,2.8,13.43,0.54,3.61,27.27,47.16,57.72,165.3,392.15,154.29,21.72,39.91,1.41,2.22,38.92,61.08,26.66,9.03,0.365945195,0.132776009,-0.339700692,0.309993993,0.450129137,7.523657076,123.2,31.98,18.07,0.043031666,0.02216806,0.098856873,346.5235913,774.1387899,2,0,2,0
252,(주)세진티에스,67770,19-Dec,제조업,7.42,-9.94,6.78,41.87,-6.7,-1.48,61.53,3.51,5.05,13.79,0.51,-5.49,7.57,2.04,9.16,965.41,892.89,927.11,58.78,141.05,7.33,-5.11,18.61,81.39,2.45,18.62,0.083947017,0.095811016,0.466823768,0.197954852,0.344231114,7.611950048,-1.74,4.93,1.49,-0.006107123,-0.051067324,0.013009269,82.43979938,11.29213327,2,0,2,0
747,(주)피제이전자,6140,19-Dec,제조업,18.88,4.92,8.93,28.21,42.6,-0.08,74.53,6.41,13.24,14.96,0.74,4.61,5.03,3.53,29.38,254.72,1427.15,151.63,22.58,1.71,3.62,3.66,7.83,92.17,9.22,4.77,0.227105549,0.002493303,0.69976625,0.018982852,0.628202794,8.141411532,7.88,-2.72,-1.82,0.044147169,0.036612315,0.005037884,-3.561223103,-31.07752536,2,0,2,0
793,(주)희림종합건축사사무소,37440,19-Dec,서비스업,176.27,2.0,9.19,15.36,2.88,1.02,4481.83,10.15,25.65,63.34,1.21,7.01,7.07,71.88,194.86,129.41,765.47,129.41,17.58,37.64,1.88,2.41,13.88,86.12,33.43,0.0,0.660851482,0.225029138,0.298601189,0.098289146,0.22638858,8.208532796,20.15,15.85,5.36,0.048856628,0.024118364,0.026517289,6.389861585,-9.747557898,1,1,4,0
884,삼보산업(주),9620,19-Dec,제조업,373.33,-1.18,3.81,4.92,0.79,2.84,38.89,4.06,109.5,16.67,1.07,-28.77,5.41,2.32,468.46,74.97,655.27,43.79,-16.44,9.91,1.29,-1.27,7.27,92.73,64.91,5.18,0.824085904,0.065092995,-0.021021553,0.049340236,0.507669097,8.477797736,1.52,3.39,12.45,0.025055254,-0.012686917,0.037964264,77.88537792,50.89025261,2,1,5,0
844,동국산업(주),5160,19-Dec,제조업,32.25,2.68,2.72,8.23,9.76,0.29,37.0,2.44,12.42,14.71,0.88,3.58,5.69,2.17,42.1,220.37,705.38,123.39,27.32,20.82,2.79,2.36,12.49,87.51,10.29,4.11,0.29629068,0.047259922,0.209186591,0.075998679,0.49987254,8.876744691,-3.67,3.45,-11.1,0.04291158,0.023569618,0.013956074,122.8057289,786.9462988,2,1,5,0
349,(주)에스디생명공학,217480,19-Dec,제조업,34.35,-12.56,-4.21,-16.04,-28.61,-0.04,-1.6,-4.79,13.94,-0.6,1.09,-18.46,10.18,3.36,42.64,234.01,809.31,134.19,32.27,30.62,4.04,-13.66,32.46,67.54,18.42,3.76,0.298940422,0.07373689,0.304755664,0.429555442,0.436458869,8.137466127,-8.61,-21.95,-0.23,-0.11418422,-0.136594494,0.014821327,-258.6007281,-423.928191,2,1,5,0
468,(주)원익홀딩스,30530,19-Dec,제조업,23.47,10.87,18.93,29.77,7.42,1.67,74.45,6.96,11.67,13.27,0.37,4.42,15.32,1.89,30.53,86.23,1989.75,54.99,-2.48,18.22,1.51,4.02,30.37,69.63,15.24,6.36,0.233920044,0.032762361,0.287972736,0.166902099,0.844981326,9.088207088,1.34,5.04,-9.88,0.050651051,0.040243617,0.027798209,-21.44347751,-49.17312425,2,1,5,0
463,(주)원익머트리얼즈,104830,19-Dec,제조업,16.09,12.73,18.04,77.64,85.84,0.14,42.87,11.1,35.03,22.77,0.66,9.55,10.46,1.12,16.69,190.8,4877.16,128.07,12.52,53.83,5.17,8.34,33.02,66.98,6.92,8.63,0.142995071,0.07423609,0.655448193,0.166968511,0.736847814,8.554799567,13.86,13.63,-5.41,0.10699328,0.083419306,0.009831772,-14.50205099,-31.82432519,2,1,5,0
1106,한일화학공업(주),7770,19-Dec,제조업,12.25,1.53,11.04,43.67,4.64,0.36,22.3,9.93,61.95,9.88,0.91,1.8,5.98,1.97,29.43,451.76,5322.17,263.36,33.31,122.73,4.08,1.4,7.27,92.73,9.78,5.15,0.227361231,0.116198499,0.734309809,0.05116525,0.572269017,8.082389063,2.42,-13.17,-28.88,0.01961384,0.013966964,0.018948674,-49.08235948,-41.32296711,2,1,5,0
460,(주)우주일렉트로닉스,65680,19-Dec,제조업,32.25,6.17,10.78,33.26,14.6,-0.14,103.79,8.19,38.45,28.87,0.79,6.37,7.59,2.37,32.66,242.81,3819.05,206.89,34.72,78.42,3.35,4.87,23.59,76.41,14.17,9.26,0.246185646,0.190666965,0.699312224,0.152798294,0.409676847,8.400550609,8.19,2.1,2.36,0.065610279,0.0487113,0.019063088,2077.240987,2393.098773,2,1,5,0
1119,(주)강원에너지,114190,18-Dec,제조업,86.86,1.99,-8.08,-15.9,0.2,1.45,125.77,-7.4,11.22,12.36,0.92,4.19,1.97,5.7,86.93,161.8,628.4,160.55,28.72,45.27,1.94,1.83,6.86,93.14,26.05,189.82,0.465039172,0.210348381,0.269665115,0.064626965,0.46388698,7.972413804,3.934945255,3.655599709,4.718161843,0.00365009,0.038610952,0.018122286,1737.280161,477.5450922,2,0,2,1
1120,(주)녹원씨엔아이,65560,18-Dec,제조업,62.2,8.12,8.17,12.91,2.98,6.37,199.29,4.99,12.0,21.44,0.64,9.9,6.08,5.84,63.02,137.1,1032.11,122.23,14.15,24.53,1.34,5.19,0.0,0.0,0.0,0.0,0.386590169,0.093592326,0.110969464,0.126846097,0.777506791,8.097184196,57.67091759,1.414176252,245.8926396,0.138842015,0.109120904,0.046577412,118.7092645,1352.065696,2,0,2,1
1121,(주)더블유아이,73570,18-Dec,제조업,71.27,-87.6,-21.53,-9.51,-4.63,2.77,-91.38,-4.45,3.34,-10.63,0.31,-56.39,1.68,2.09,88.14,187.19,487.06,167.42,33.03,73.34,0.76,-27.28,46.78,53.22,27.2,5.52,0.468473464,0.277836998,-0.186577782,0.783163383,0.54721493,7.969347743,109.6406559,529.5075133,59.68335241,-0.098214847,-0.666902848,0.021225275,-22.93920886,-55.72467984,2,0,2,1
1122,(주)라이트론,69540,18-Dec,제조업,145.78,-107.72,-3.83,-2.67,-0.64,3.51,-110.71,-1.63,7.02,-16.2,0.46,-107.77,3.38,3.11,157.02,106.54,489.15,81.82,3.71,9.65,0.85,-49.7,19.32,80.68,46.01,2.94,0.610923105,0.054735822,-0.249271224,0.284966773,1.01698709,7.949285676,-15.66337063,8.650772713,-53.92824776,-0.04231704,-0.920572492,0.066638174,-2915.650717,-1243.115527,2,0,2,1
1123,(주)리드,197210,18-Dec,제조업,162.84,-44.2,-22.16,-10.66,-0.21,6.06,-420.17,-6.76,5.24,-11.3,0.44,-54.11,1.91,19.47,173.84,85.46,537.14,85.46,-8.65,3.57,0.64,-19.31,29.23,70.77,46.84,0.0,0.634829724,0.021549711,-0.313178432,0.32136174,1.346908359,8.031016101,404.2196192,34.46546817,-12.2500396,-0.012712222,-0.281060767,0.059203288,90.81587411,35.60099204,2,0,2,1
1124,(주)세원물산,24830,18-Dec,제조업,26.21,6.69,19.01,24.55,10.77,-0.16,40.74,6.79,20.8,19.63,0.35,3.21,5.92,0.65,38.27,91.01,4209.51,72.17,-1.7,11.31,1.3,2.34,13.43,86.57,2.35,10.47,0.276796438,0.02142886,0.57959815,0.099107477,1.144233282,8.385627042,-5.607244349,-36.70246085,20.80711286,0.012318408,0.086714745,0.001143515,-37.7794263,-10.27563326,2,0,2,1
1125,(주)셀루메드,49180,18-Dec,제조업,96.88,-90.81,-31.61,-12.9,-7.57,5.33,-43.11,-6.91,1.1,-5.53,0.19,-29.11,0.93,1.61,115.41,102.4,258.36,75.03,1.08,36.13,0.38,-17.19,0.77,99.23,27.67,1.37,0.53576464,0.162505115,-0.473348278,1.125727894,1.162046546,7.69529835,-33.32732161,-23.73302505,-49.82131441,-0.211634738,-0.345334912,0.027972641,-1091.985884,-24.88279786,2,0,2,1
1126,(주)셀바스헬스케어,208370,18-Dec,제조업,134.6,-99.83,-27.96,-21.01,-16.0,1.98,-21.98,-13.57,2.94,-9.7,0.42,-94.26,2.57,1.07,182.5,81.48,207.83,38.92,-8.82,7.27,0.75,-41.67,18.63,81.37,52.81,2.57,0.646017763,0.034639526,-0.442056866,0.844390577,1.728219159,7.615514382,-47.49150442,-28.25248001,-32.28825706,-0.274699654,-0.74686829,0.017166882,-8363.724488,-1691.242946,2,0,2,1
1127,(주)아리온테크놀로지,58220,18-Dec,제조업,68.76,-24.34,-1.55,-1.37,-1.41,6.42,-299.77,-0.92,2.75,-1.83,0.63,-47.35,5.88,5.17,204.0,129.91,139.54,99.75,6.77,26.06,0.94,-15.33,14.51,85.49,29.23,8.23,0.671057674,0.058953406,-0.344649714,0.272888805,2.146758982,7.887488562,11.03020505,-11.00369921,-11.3190587,-0.080455669,-0.229134505,0.057111872,37.97573124,47.8983462,2,0,2,1
1128,(주)어스앤에어로스페이스,263540,18-Dec,제조업,43.32,-6.62,-17.26,-17.4,-8.57,1.19,36.93,-7.64,7.86,15.55,0.47,-5.08,1.92,1.06,78.23,201.87,996.46,122.19,24.76,10.88,1.23,-3.13,-2.33,102.33,31.18,2.53,0.438942279,0.026452856,0.071404726,0.112147872,0.907818455,7.848062093,-5.262827779,7.73753731,3.658853481,-0.06401302,-0.081428402,0.007472904,-232.2268423,-376.0634056,2,0,2,1
1129,(주)에스디시스템,121890,18-Dec,제조업,98.82,-12.37,-13.24,-33.5,-16.49,0.45,42.87,-17.35,14.51,5.42,1.3,-36.69,6.39,9.88,107.44,147.38,382.39,119.49,22.57,44.7,2.33,-16.14,9.23,90.77,18.46,8.43,0.517926888,0.212932771,-0.030824471,0.193589611,0.618016503,7.54100371,19.84498913,-9.425364295,-17.7014149,-0.132136284,-0.28827084,0.008011143,38.62332493,38.36604871,2,0,2,1
1130,(주)에스앤더블류,103230,18-Dec,제조업,13.15,-33.8,-8.46,-16.35,999999999.0,-0.27,6.37,-4.42,8.4,3.37,0.5,-21.59,6.79,0.83,37.04,344.72,1172.86,175.46,23.48,69.45,2.21,-16.75,-8.22,108.22,0.0,2.95,0.270277127,0.066626797,0.454075197,0.193066804,0.917185302,7.762390994,-19.48468045,-23.06835965,-7.627220225,-0.136472364,-0.747641922,0.0,-79.99718057,-143.7969349,2,0,2,1
1131,(주)에스엘바이오닉스,214310,18-Dec,제조업,103.97,-53.76,16.09,15.59,-1.5,6.72,21.04,8.02,5.79,5.6,0.53,-72.23,4.66,1.92,105.91,96.53,479.2,90.59,-1.75,39.86,0.88,-28.57,14.79,85.21,33.66,13.08,0.514352545,0.201251733,-0.537981512,0.3160854,1.055528168,7.8093832,89.62511296,34.93960703,-33.0980609,-0.089383235,-0.472679324,0.059694218,-5851.320094,-18.98778699,2,0,2,1
1132,(주)엘앤케이바이오메드,156100,18-Dec,제조업,103.36,-12.92,-24.43,-15.37,-4.4,3.66,185.55,-8.33,5.87,13.7,0.35,-9.82,1.34,4.55,118.39,123.45,707.17,76.94,11.1,8.59,0.63,-4.46,53.78,46.22,38.04,1.88,0.542105266,0.040638298,-0.168101106,0.801031082,0.907982738,7.963017764,4.093355991,8.001038166,-0.606725333,-0.090883907,-0.081787439,0.020637953,-10.71254049,72.98417263,2,0,2,1
1133,(주)이엠네트웍스,87730,18-Dec,제조업,152.8,-58.18,-10.39,-2.9,-1.27,10.76,7.81,-1.82,8.35,0.82,0.28,-37.83,6.76,1.63,167.33,108.56,1621.09,105.23,4.89,1.9,0.49,-16.17,8.66,91.34,55.05,8.67,0.625932616,0.010870485,-0.010100931,0.360342773,1.014528976,7.881843813,128.5885352,424.522671,-18.48852841,-0.076085193,-0.282423645,0.059691837,-148.9639296,-267.0693471,2,0,2,1
1134,(주)이큐셀,160600,18-Dec,제조업,110.07,4.61,2.62,5.93,6.53,0.59,89.94,3.41,19.3,25.4,1.41,14.11,7.23,4.57,135.51,127.11,622.81,86.13,12.67,31.52,2.59,6.48,14.61,85.39,27.96,12.63,0.575387951,0.147311798,0.211195288,0.102290216,0.955925123,7.936718858,-0.027420148,29.32414789,85.99486053,0.061589163,0.119461771,0.009433357,157.3132247,658.1528825,2,1,5,1
1135,(주)인트로메딕,150840,18-Dec,제조업,102.97,-51.3,-48.72,-29.26,-1.61,9.4,112.79,-15.19,1.04,2.54,0.31,-33.27,1.81,11.21,107.92,91.66,160.55,82.96,-4.13,28.39,0.6,-15.99,59.2,40.8,38.68,7.23,0.519034379,0.140604464,-0.514765083,0.92028685,1.135311906,7.500732871,39.5731747,-16.65253564,3.333854283,-0.121873774,-0.380626899,0.075916394,-307.4553297,-21.80815073,2,0,2,1
1136,(주)제낙스,65620,18-Dec,제조업,145.99,-176.47,-110.31,-30.6,-6.31,8.4,-31.98,-20.49,0.46,-13.33,0.1,-30.45,2.4,0.38,202.79,26.6,81.84,21.47,-35.39,2.45,0.26,-18.36,-15.06,115.06,60.73,6.61,0.669741237,0.011797585,-3.192887539,1.390732523,2.639623533,7.444635176,-81.87512103,-67.58789036,-16.73075542,-0.160396551,-0.462332007,0.025434847,-93.35214032,-100.5331709,2,0,2,1
1137,(주)중앙디앤엠,51980,18-Dec,제조업,46.89,-24.34,1.24,1.72,-7.78,2.07,12.5,0.63,0.97,5.54,0.48,-20.19,2.11,1.16,57.64,160.23,111.96,90.49,17.92,24.43,1.16,-11.77,24.91,75.09,25.54,2.97,0.365646121,0.072668302,-0.35128241,0.457203694,0.825102778,7.347197384,8.703581239,-17.94025488,57.01138586,-0.100664839,-0.282387052,0.012931622,-318.3372211,-932.1034827,2,0,2,1
1138,(주)코센,9730,18-Dec,제조업,99.63,-18.89,-4.82,-7.88,-0.25,2.1,-53.69,-4.74,2.67,-8.01,0.97,-40.18,4.31,6.67,150.97,147.91,106.13,98.29,19.02,2.51,1.78,-18.32,7.85,92.15,43.75,5.13,0.601549833,0.011813475,-0.42485893,0.084928172,1.036151336,7.744892787,-24.31827901,-0.452001382,-4.508541398,-0.006198313,-0.336791366,0.025202019,-133.900813,-338.27363,2,0,2,1
1139,(주)코썬바이오,204990,18-Dec,제조업,12.82,-624.9,-102.81,-87.29,-230.74,0.1,-794.46,-14.97,0.6,-81.35,0.1,-70.79,0.35,1.36,20.7,363.46,343.03,329.06,27.99,41.26,0.76,-61.59,33.87,66.13,6.72,3.89,0.171481391,0.043825202,-0.673109985,2.855751998,0.740959143,7.816369918,-52.4364602,-47.99410552,-62.82081949,-0.248091256,-4.742356471,0.001075185,-946.4982861,-710.5314873,2,0,2,1
1140,(주)파나진,46210,18-Dec,제조업,41.32,-53.46,2.04,2.02,999999999.0,-1.19,-1.36,0.65,0.48,-0.49,0.28,-20.57,2.24,0.87,47.68,196.46,101.79,178.95,26.99,25.06,0.97,-14.74,57.21,42.79,0.0,6.48,0.322877466,0.070107676,-2.840034881,0.746099788,0.665098451,7.381612275,-31.31416264,-12.98151979,4.178867358,-0.047995011,-0.520342006,0.0,49.34326558,37.10640932,2,0,2,1
1141,(주)픽셀플러스,87600,18-Dec,제조업,4.84,-25.11,-17.19,-140.46,999999999.0,-2.67,293.65,-7.24,9.27,3.0,0.4,-10.46,45.42,7.02,5.44,1515.54,2087.03,1258.91,64.96,215.87,9.4,-10.02,25.19,74.81,0.0,3.93,0.05155474,0.099064517,0.963419494,0.501016909,0.321042736,7.953526482,-11.66083411,-15.85353513,-31.01039443,-0.099379556,-2.361209691,0.0,11.99226269,-328.9259469,2,0,2,1
1142,(주)한프,66110,18-Dec,제조업,103.57,-300.39,-87.5,-23.96,-2.36,16.42,-34.85,-12.78,0.5,-16.83,0.13,-76.1,5.22,0.21,114.3,43.1,138.06,28.59,-27.5,17.24,0.25,-37.62,-21.34,121.34,45.13,1.55,0.533365133,0.08330552,-0.834186581,1.381234264,1.696622243,7.827538053,-32.00108867,-47.10290295,-30.64359948,-0.199735509,-0.744194878,0.084644361,-156.6810746,-127.5650158,2,0,2,1
1143,(주)화신테크,86250,18-Dec,제조업,114.0,-29.02,7.13,5.41,-2.9,4.38,9.25,3.34,5.34,4.88,0.42,-30.95,11.66,0.87,161.88,81.2,435.08,81.17,-8.19,0.71,0.71,-12.32,-1.59,101.59,34.02,4292.63,0.618144379,0.003100553,0.196230683,0.18366104,1.693097997,7.74241202,-23.11178788,-41.65897957,-24.67405941,-0.084715824,-0.204645263,0.02917432,-3673.037687,-298.0425787,2,0,2,1
1144,디에스티(주),33430,18-Dec,제조업,221.66,-6.1,-18.4,-12.87,0.26,7.78,64.76,-8.91,5.61,3.88,0.47,-9.76,3.14,3.99,224.81,96.62,338.14,76.74,-2.31,4.4,0.57,-2.89,45.52,54.48,33.99,3.78,0.692127227,0.030000525,-1.236423618,0.41612431,1.106411347,7.755976705,760.4113615,25.1661688,-16.76340823,0.018450881,-0.034670962,0.071037497,-72.25198624,-152.1944469,2,0,2,1
1145,메디앙스(주),14100,18-Dec,제조업,91.8,2.95,3.72,5.76,4.91,0.46,149.38,3.35,18.59,14.26,0.99,6.55,8.36,4.28,139.52,133.05,845.83,82.91,12.67,21.12,1.77,2.91,53.83,46.17,32.96,4.85,0.582498779,0.080937286,0.367482699,0.507239763,1.17385034,8.077478591,5.767727653,17.94903273,-10.70116821,0.030673519,0.05233196,0.006240888,-42.97492118,-46.85592453,2,1,5,1
1146,미래오토스,176440,18-Dec,제조업,91.16,0.1,1.17,4.9,7.03,0.42,70.04,2.54,32.74,24.82,2.18,0.47,14.58,6.22,108.01,132.07,723.25,107.28,14.05,54.49,4.2,0.23,10.68,89.32,31.85,18.14,0.519258674,0.23881113,0.304505529,0.071319827,0.876204756,8.018116771,1.191997419,1.131062827,11.05708985,0.077494421,0.004334214,0.011030835,376.6863575,967.7896912,2,1,5,1
1147,에이아이비트(주),39230,18-Dec,제조업,160.25,-24.64,-14.21,-11.68,0.48,11.69,420.93,-7.19,1.53,4.67,0.59,-40.21,2.55,45.91,160.34,137.54,100.28,134.05,23.11,16.28,0.92,-14.52,33.43,66.57,32.73,32.79,0.615886328,0.100208789,-0.969573074,0.264428536,0.399307298,7.872806813,63.81472225,30.30906611,-29.89850273,0.041182412,-0.2267931,0.085394149,-1.328956672,-74.48371088,2,0,2,1
1148,엔시트론(주),101400,18-Dec,제조업,105.73,-109.49,-24.82,-17.97,-4.5,5.95,-448.62,-12.73,1.76,-30.65,0.45,-164.72,5.66,7.55,243.22,124.62,56.07,92.7,7.59,5.95,0.7,-49.7,1.3,98.7,61.17,3.31,0.708642076,0.018318153,-1.138442626,0.664419902,2.11451833,7.501263045,-41.32838861,-38.19701127,-38.02129295,-0.295705052,-0.7629862,0.065668971,-82.27185186,-103.9987811,2,0,2,1
1149,참존글로벌(주),158310,18-Dec,제조업,119.76,-211.82,-107.44,-21.62,-3.35,7.38,-114.89,-11.82,1.24,-13.8,0.13,-51.66,1.6,0.89,120.71,61.25,462.21,47.94,-21.03,15.22,0.26,-26.91,35.58,64.42,52.86,1.91,0.546922296,0.082608044,-0.424304809,1.463532988,1.473585733,7.645260057,5.170810338,-32.25868759,-63.89991109,-0.14071116,-0.549381371,0.041984842,-1636.695961,-60.76564324,2,0,2,1
1150,코오롱생명과학(주),102940,18-Dec,제조업,17.26,-38.2,-8.25,-6.34,-23.27,0.31,-4.38,-1.77,27.9,-0.97,0.2,-10.22,6.22,0.85,38.72,137.28,7818.65,88.68,4.64,42.43,0.77,-7.59,8.09,91.91,10.51,3.16,0.279134829,0.052789136,0.052779802,0.341346416,1.150266834,8.791622779,-18.20025248,-29.97777185,12.34370748,-0.051749654,-0.294585143,0.002223996,-523.2980815,-3510.997218,2,1,5,1
1151,코오롱티슈진(주),950160,18-Dec,제조업,9.46,-852.4,-964.19,-133.53,-31.45,-3.84,-3374.43,-22.17,1446.13,-14.57,0.02,-21.7,5.98,3.65,19.91,1204.81,5122701.68,1198.82,87.2,157.0,0.13,-18.07,36.04,63.96,11.89,4.7,0.166035648,0.123912348,-0.906343306,9.062722905,0.058878913,8.216486373,-14.25196654,-17.32865796,18.57689631,-0.184464978,-1.079976775,0.005865835,19.15108585,28.98229307,2,0,2,1
1152,크루셜텍(주),114120,18-Dec,제조업,67.52,-64.1,-5.13,-6.43,-8.55,2.36,-44.19,-2.82,1.76,-12.94,0.42,-62.85,2.44,1.8,78.07,160.73,129.99,64.59,23.03,26.03,0.73,-26.75,-8.83,108.83,33.85,1.35,0.438407393,0.098725983,-0.802162079,0.269669904,0.695355764,8.181930247,0.343833406,-39.40947583,-51.54935403,-0.149401981,-0.465241224,0.017465719,24.29439036,15.8497813,2,0,2,1
1153,현진소재(주),53660,18-Dec,제조업,261.21,-17.38,-23.71,-18.2,-2.42,4.8,-1.73,-13.41,10.32,-0.61,0.57,-37.37,7.01,1.59,280.0,51.08,479.98,28.93,-33.63,0.27,0.77,-9.83,-7.4,107.4,56.73,3.72,0.736844163,0.001885509,-0.552617254,0.076780465,2.465908315,8.331052767,1333.991108,29.41204736,-12.01365456,-0.092601786,-0.125980373,0.038224888,-163.2390212,-28.8993737,2,1,5,1
1154,(주)골드앤에스,35290,18-Dec,서비스업,203.22,-50.46,-15.99,-4.84,-4.56,6.13,-2.93,-3.27,0.77,-0.73,0.29,-32.3,5.94,1.51,208.23,75.1,121.1,70.49,-16.42,54.46,0.53,-14.69,49.25,50.75,52.35,7.39,0.675565919,0.359093718,-0.671052707,1.030099009,1.556018262,7.628109165,3.248093297,94.17754593,-32.19474873,-0.156489481,-0.269389611,0.03429931,-26.3394207,45.07939254,1,0,1,1
1155,(주)넥슨게임즈,225570,18-Dec,서비스업,24.16,-53.32,-2.95,-6.47,-236.72,-1.26,1159.28,-2.36,2.01,71.46,0.65,-52.21,12.99,16.75,57.57,491.3,155.55,491.3,60.0,278.64,1.95,-34.74,0.0,0.0,0.0,0.0,0.365359694,0.427232135,-0.42866187,1.456683348,0.388713713,7.468582495,-36.73294178,-37.97465357,5.250870188,-0.29750724,-1.038040834,0.001256797,-188.62391,-309.0241326,1,0,1,1
1156,(주)디에스앤엘,141020,18-Dec,서비스업,129.08,-51.5,-75.55,-43.19,-2.45,5.86,-392.64,-24.62,1.09,-12.48,0.45,-39.0,4.47,18.94,132.52,164.53,140.27,112.76,35.83,36.93,1.02,-22.96,19.39,80.61,51.11,2.06,0.569932348,0.205028112,-0.580801725,0.49053116,0.201385443,7.887664457,9.076370477,169.8159794,-45.83855334,-0.132249462,-0.526745088,0.053881363,-477.4496229,-628.6030801,1,0,1,1
1157,(주)레드로버,60300,18-Dec,서비스업,6.71,-406.82,-103.36,-101.31,-29.21,1.22,-7399.21,-11.14,0.53,-37.22,0.09,-40.75,0.27,14.02,12.36,870.53,425.54,868.13,46.02,30.91,0.76,-36.03,-84.61,184.61,9.97,2.82,0.109976538,0.018464496,-0.651990092,1.111115809,0.539351193,8.056459486,-29.4788108,-29.55910834,-65.56844875,-0.173328673,-3.107119717,0.005933947,-501.0547522,-370.8258536,1,0,1,1
1158,(주)미래SCI,28040,18-Dec,서비스업,170.83,-37.06,-13.33,-17.96,-1.59,3.27,-551.53,-11.6,4.47,-24.82,0.97,-102.28,6.16,19.74,182.36,131.56,152.09,126.33,19.09,0.97,1.5,-36.02,2.33,97.67,54.57,22.34,0.64584816,0.005886109,-1.170924497,0.097371724,0.57618163,7.820616705,28.00022506,33.98878267,201.3958824,-0.071994077,-0.555930946,0.045183491,0.426649079,-220.2395065,1,0,1,1
1159,(주)비엔지티,32790,18-Dec,서비스업,175.03,-11.61,-9.33,-13.73,-4.71,1.89,4.29,-8.89,6.88,1.32,1.13,-28.15,6.59,3.36,183.29,96.66,252.33,89.12,-2.06,51.48,2.1,-13.08,4.6,95.4,47.77,13.14,0.647001616,0.319542681,-0.67115471,0.159029594,1.140952712,7.716662995,-18.42890854,63.14655213,-6.286539519,-0.12732718,-0.244341924,0.027016468,-3207.94119,-157.5509071,1,0,1,1
1160,(주)세영디앤씨,52190,18-Dec,서비스업,113.88,-81.61,-29.64,-13.2,-4.16,5.51,-140.88,-7.25,1.88,-10.94,0.35,-64.65,4.93,3.06,121.88,70.74,258.4,70.49,-15.02,20.98,0.63,-28.67,10.64,89.36,24.2,382.58,0.549296295,0.107695266,-0.799003966,0.522546141,1.413161125,7.898499915,168.994454,75.75356838,66.2528224,-0.14616853,-0.515400976,0.035156074,-2535.493196,32.05147711,1,0,1,1
1161,(주)세토피아,222810,18-Dec,서비스업,140.47,-88.93,-18.04,-8.29,-3.02,5.03,-29.26,-4.86,7.55,-5.08,0.39,-77.95,4.22,1.54,141.67,68.12,1043.44,66.81,-18.53,42.3,0.7,-34.72,32.49,67.51,44.39,26.65,0.586219838,0.245842029,-0.24599185,0.698087228,1.459856041,7.693601618,105.9424659,186.3252433,-10.76478208,-0.145657995,-0.625900515,0.048220057,-420.8497089,-122.8312358,1,0,1,1
1162,(주)셀바스에이아이,108860,18-Dec,서비스업,101.6,-74.76,-10.97,-7.12,-12.46,2.11,4.67,-3.93,3.22,1.26,0.35,-47.9,2.74,1.3,123.57,64.82,296.44,46.27,-15.99,12.95,0.66,-25.79,0.0,0.0,36.55,4.57,0.552705324,0.058833754,-0.375160701,1.479696114,1.577079634,7.996627191,-18.87353715,-19.27612804,-24.12151179,-0.165512715,-0.49672097,0.01328479,-3135.39729,-520.8105211,1,0,1,1
1163,(주)에스아이리소스,65420,18-Dec,제조업,51.83,-6.84,2.18,5.87,-0.12,0.93,3.96,2.13,5.34,0.62,0.96,-14.67,7.82,5.42,57.03,167.76,390.92,143.92,22.37,22.38,2.33,-6.6,32.01,67.99,15.35,19.34,0.363194365,0.073869364,-0.016004628,0.322362134,0.700778039,7.459865897,15.2253565,-0.84912619,-15.47506801,-0.002195097,-0.15938142,0.018468009,-108.7536689,-185.6192604,2,0,2,1
1164,(주)오파스넷,173130,18-Dec,서비스업,61.33,2.89,2.72,10.09,18.43,0.08,3547.86,4.17,45.23,33.92,1.85,9.77,5.12,266.31,70.54,253.61,1501.98,227.98,55.24,62.8,4.09,5.35,15.73,84.27,0.3,18.24,0.41364412,0.225831874,0.329152127,0.118447553,0.15002313,7.712335718,81.68124857,52.79540147,10.73573409,0.071766728,0.11830066,0.003893157,-11.56804684,-25.68432132,1,0,1,1
1165,(주)와이오엠,66430,18-Dec,서비스업,517.43,-9.96,2.31,2.18,0.22,2.62,-7.37,1.83,5.31,-2.44,1.16,-39.13,5.53,3.42,519.17,54.59,108.38,51.52,-37.95,1.6,1.64,-11.54,8.85,91.15,48.18,28.14,0.838494207,0.013347903,-0.079723856,0.079492975,3.367121629,7.588828692,-33.04894577,65.88664602,1.717204054,0.01039232,-0.163715557,0.047116063,-77.87782663,-10.69864481,1,0,1,1
1166,(주)위메이드맥스,101730,18-Dec,서비스업,93.23,-145.09,-35.83,-51.07,-7.35,2.33,-527.58,-24.88,6.76,-49.36,0.46,-93.92,12.02,7.07,95.01,125.47,524.92,125.47,12.17,41.37,1.41,-67.44,0.0,0.0,36.69,0.0,0.487207117,0.19777802,-0.412691561,1.459173553,0.780405281,7.617037359,-65.54950824,-25.73208729,-10.61602092,-0.213441882,-2.042458653,0.029054203,-58.45353918,-249.0745155,1,0,1,1
1167,(주)이매진아시아,36260,18-Dec,서비스업,26.44,-44.3,-15.96,-62.6,-45.2,-0.54,150.7,-13.09,1.48,1.96,0.6,-38.34,6.85,6.6,26.44,434.0,143.0,433.1,69.84,150.29,2.21,-26.79,4.85,95.15,10.77,24.46,0.20910034,0.314254295,-2.445936362,0.19911896,0.116962913,7.5042027,-32.896302,35.81794247,-13.31877562,-0.091083956,-0.978480938,0.002015052,31.01046466,23.11604757,1,0,1,1
1168,(주)제이웨이,58420,18-Dec,서비스업,100.68,-23.04,-12.8,-15.07,-3.1,2.62,71.8,-7.8,1.95,13.17,0.89,-35.69,6.91,5.99,107.33,89.45,130.0,82.81,-5.12,27.95,2.13,-20.55,16.48,83.52,35.9,29.4,0.517670894,0.135708234,-1.143317145,0.275506599,1.172665477,7.332367896,54.71426538,108.4699099,88.87206957,-0.098748052,-0.490270869,0.031902261,40.78216805,26.7785982,1,0,1,1
1169,(주)제이테크놀로지,35480,18-Dec,서비스업,15.76,-31.63,-59.06,-138.58,-71.66,-0.06,256.11,-23.85,0.69,17.32,0.3,-14.25,80.09,4.97,20.79,386.05,142.11,378.92,37.33,335.92,0.92,-9.57,30.62,69.38,0.05,55.92,0.172096855,0.438368272,-0.66665504,0.687859431,0.599358786,7.591914447,-14.25561519,-47.19706297,94.42820033,-0.11551116,-0.291841533,0.001612014,52.39555541,75.00991981,1,0,1,1
1170,(주)코너스톤네트웍스,33110,18-Dec,서비스업,71.68,-77.64,-75.18,-25.26,-1.83,11.68,78.59,-12.35,0.25,3.0,0.19,-26.38,3.47,6.57,95.57,179.26,57.2,153.87,29.05,5.31,0.37,-14.42,15.65,84.35,37.64,2.34,0.48868704,0.019473714,-1.342125655,0.719170701,0.670846583,7.733395117,35.26639497,2.918349365,124.8230543,-0.104528641,-0.290167497,0.057223204,21.17842206,87.10963735,1,0,1,1
1171,(주)팍스넷,38160,18-Dec,서비스업,47.26,-11.02,-43.65,-38.5,-0.16,-2.03,51.37,-12.44,3.23,6.45,0.28,-4.68,14.92,2.27,47.7,205.92,759.97,205.92,33.89,35.27,0.88,-3.14,0.0,0.0,24.51,0.0,0.322953551,0.112856966,0.267023921,1.001983888,0.503748071,7.797696844,-3.541295525,11.6968356,-4.637806775,0.00643864,-0.109387307,0.003990647,-71.62635335,-173.2182182,1,0,1,1
1172,(주)퓨전,195440,18-Dec,서비스업,3600.48,-75.73,-7.39,-5.81,-6.32,4.15,-695.67,-5.65,2.01,-28.8,0.67,-239.64,1.96,18.88,3666.86,84.35,4.62,75.93,-14.96,4.25,0.86,-51.05,-13.13,113.13,45.26,4.51,0.973452713,0.040585781,-0.766657881,0.404292843,7.297978331,7.356023389,-94.19203083,-25.64052215,-29.66984299,-0.361080975,-0.648697049,0.057102541,-19.5136526,-58.77032092,1,0,1,1
1173,(주)피에이치씨,57880,18-Dec,서비스업,94.26,-299.93,-85.0,-27.63,-2.78,9.19,-56.33,-13.53,0.58,-12.76,0.16,-102.33,3.14,0.61,96.0,90.79,148.47,79.4,-4.43,16.48,0.29,-48.55,20.24,79.76,36.95,2.1,0.489805461,0.079268013,-1.316662479,0.945888095,1.104181215,7.638039564,46.49258511,-5.811330068,-56.16462849,-0.12035312,-0.861517455,0.043337651,64.54466694,-9.43061248,1,0,1,1
1174,(주)한국코퍼레이션,50540,18-Dec,서비스업,87.74,-15.01,-0.22,-0.69,-7.49,0.68,1120.78,-0.33,7.68,127.95,1.58,-45.89,13.38,11.03,95.05,129.09,220.36,123.51,13.09,26.34,3.16,-23.68,6.1,93.9,16.45,82.9,0.487305347,0.118503961,-0.245178018,0.13345182,0.817785647,7.916664601,7.905910605,93.37433534,-0.098773366,-0.114298556,-0.474400812,0.015266611,-198.2913242,-5947.512014,1,1,4,1
1175,(주)핸디소프트,220180,18-Dec,서비스업,79.66,-24.44,-14.48,-24.02,-5.78,0.05,28.32,-11.12,10.27,0.74,0.69,-32.64,4.08,28.07,86.17,188.02,660.27,151.56,37.66,27.37,1.38,-16.77,20.42,79.58,22.25,5.69,0.462852065,0.117115285,-0.236348022,0.335490525,0.363905711,7.738378579,-8.574437107,-1.312971488,4.723305467,-0.090087474,-0.336921174,0.015597663,-315.3898584,-122.0333879,1,0,1,1
1176,지더블유바이텍(주),36180,18-Dec,서비스업,19.89,6.42,5.82,40.22,999999999.0,-0.72,258.67,6.67,4.43,25.54,1.16,9.24,13.6,11.47,19.89,515.15,322.18,396.54,68.88,215.44,6.12,7.48,22.88,77.12,0.0,5.54,0.16591947,0.357458692,0.282333707,0.186950471,0.174169499,7.531381905,9.682643642,0.782669351,11.40453326,0.048734597,0.392912143,0.0,15.24998251,-41.51815943,1,0,1,1
1177,지스마트글로벌(주),114570,18-Dec,서비스업,19.91,-43.4,-37.92,-27.72,-3.52,-0.63,-101.17,-7.79,1.17,-4.04,0.2,-12.36,0.68,9.01,39.11,300.02,253.23,251.88,28.63,23.0,0.62,-8.47,35.81,64.19,19.26,5.15,0.281157304,0.032924542,0.150610181,0.644988602,0.793652747,8.186232256,-0.728599976,5.934955859,-67.17723204,-0.056019608,-0.269295082,0.015895803,-142.4157805,-198.0792443,1,0,1,1
1178,코나아이(주),52400,18-Dec,서비스업,60.78,-55.73,6.42,9.93,-22.97,0.0,-49.05,3.76,11.56,-5.43,0.51,-43.69,6.19,5.2,60.9,187.82,1178.4,134.44,33.18,29.76,1.59,-28.61,20.53,79.47,27.35,2.62,0.378481784,0.112422999,0.250208413,0.559589162,0.467311871,8.186538127,-32.50623648,-19.25899827,-11.93900471,-0.181847752,-0.88337371,0.007916846,-226.7209254,-31.82464737,1,0,1,1
1179,(주)디아크,78590,19-Dec,제조업,180.53,-9.36,-2.18,-2.99,0.84,2.12,40.59,-1.96,5.94,8.44,0.91,-23.79,11.09,3.94,191.07,102.67,220.79,80.91,1.66,44.42,1.42,-8.52,19.03,80.97,23.01,11.94,0.656440664,0.275513972,-0.305945461,0.161029554,1.057165707,7.856810843,-5.478510446,10.8889112,48.89579948,0.026597008,-0.132687388,0.031524028,-21.4530264,8.73449324,2,0,2,1
1180,(주)매직마이크로,127160,19-Dec,제조업,111.71,-21.3,3.56,3.72,-1.82,4.9,34.8,2.04,12.27,9.5,0.55,-23.47,4.52,1.57,121.52,48.43,897.96,34.99,-26.01,5.63,1.07,-11.7,11.32,88.68,33.29,6.81,0.548571681,0.028393336,-0.084833882,0.227967251,1.674212475,8.11049101,-19.99007575,-14.28394845,-7.787504591,-0.063091429,-0.228501396,0.034727264,-2228.390648,-280.8110688,2,0,2,1
1181,(주)블루베리엔에프티,44480,19-Dec,제조업,44.87,-9.62,-8.28,-6.37,-1.87,3.05,68.2,-2.21,6.28,6.92,0.39,-0.99,3.59,3.88,53.24,229.19,691.5,194.77,37.83,129.4,1.06,-3.77,30.66,69.34,20.95,3.97,0.347410292,0.378912982,0.017153658,0.404655082,0.503938956,8.146505453,214.5756436,98.89372869,144.1957785,-0.038398003,-0.101749476,0.020574946,-389.0421772,49.809412,2,0,2,1
1182,(주)세동,53060,19-Dec,제조업,604.85,-4.21,2.1,3.01,-0.09,1.71,40.93,2.66,13.76,20.63,1.22,-35.04,9.12,2.24,752.84,49.72,127.38,41.11,-35.66,5.03,1.43,-5.15,8.73,91.27,49.34,20.31,0.882744758,0.035648237,-0.085020371,0.089178991,5.52130237,8.065588931,-37.2485134,5.831771804,4.667262154,-0.002250027,-0.060339797,0.025047056,88.5463507,-48.17044026,2,1,5,1
1183,(주)스킨앤스킨,159910,19-Dec,제조업,30.97,-30.11,-14.36,-21.81,-19.61,0.0,33.87,-5.83,1.68,3.73,0.38,-16.52,6.9,1.39,36.46,231.93,282.22,213.07,29.94,171.2,1.26,-11.57,10.45,89.55,15.58,5.9,0.267181875,0.38855851,-1.165848989,0.453817673,0.646291976,7.713400491,-0.591475201,-10.04576448,-33.75915471,-0.134225017,-0.380553262,0.006845445,-83.81217624,52.74256939,2,0,2,1
1184,(주)에이팸,73070,19-Dec,제조업,155.82,-113.97,-4.02,-2.73,-3.12,1.97,-226.93,-1.7,5.39,-32.85,0.39,-92.9,4.66,2.54,165.44,73.86,450.44,60.63,-15.34,12.06,0.74,-44.46,13.97,86.03,52.4,4.64,0.623266857,0.070803966,-0.113448268,0.312746889,1.503485001,8.077881403,-42.43741688,-35.93358828,-33.61467764,-0.067492496,-0.847942896,0.021641391,-930.9853514,-4718.723292,2,0,2,1
1185,(주)유씨아이,38340,19-Dec,제조업,43.11,-45.91,-35.52,-38.15,-8.54,0.54,31.47,-12.18,1.6,6.74,0.52,-37.16,5.68,2.28,46.92,111.18,221.37,74.3,3.28,6.42,1.45,-23.72,33.09,66.91,16.07,5.59,0.31936381,0.018839766,-0.91231646,0.579061502,0.989919841,7.737020681,290.7786481,256.3776332,-5.645029095,-0.12820019,-0.665426147,0.015019032,-1710.234562,-848.0950496,2,0,2,1
1186,(주)일야,58450,19-Dec,제조업,258.71,-11.08,-5.74,-5.22,-5.8,1.79,17.99,-3.96,3.8,7.73,0.69,-31.47,3.21,1.6,312.2,75.07,133.71,59.25,-15.65,4.3,0.91,-7.64,7.73,92.27,47.56,6.94,0.757398631,0.026983863,-0.123322028,0.214230676,2.180005471,7.641641569,-23.93966147,-6.45958813,-3.411177019,-0.124399487,-0.149065595,0.013235443,-3.926753163,70.61109384,2,0,2,1
1187,(주)코스온,69110,19-Dec,제조업,92.71,-4.73,9.75,8.07,0.13,3.23,36.15,4.44,9.84,6.72,0.47,-4.95,3.83,1.24,122.33,95.55,953.0,69.97,-1.86,12.53,0.91,-2.24,18.0,82.0,42.16,3.79,0.550210305,0.052837666,0.009901023,0.174956739,1.337475378,8.380142232,-3.975857395,-26.40301467,-0.965948385,0.00240687,-0.042885445,0.019047931,-83.07851476,-421.3935863,2,1,5,1
1188,(주)코아시아옵틱스,196450,19-Dec,제조업,44.84,6.62,6.74,15.01,1.23,1.96,68.64,5.08,3.85,38.38,1.0,10.08,16.46,2.42,51.24,105.0,277.76,78.21,1.48,27.74,3.02,6.65,23.68,76.32,21.58,17.3,0.338787711,0.082237511,-0.723560422,0.203474656,1.041586767,8.057950325,93.21146229,131.2167719,851.5487676,0.033442923,0.200168923,0.027147938,313.1936227,267.9587908,2,0,2,1
1189,(주)협진,138360,19-Dec,제조업,15.9,-0.47,-11.4,-29.92,0.3,1.63,35.64,-4.24,1.38,9.47,0.26,-0.13,14.04,1.11,16.52,433.14,317.61,201.41,45.45,59.87,1.2,-0.12,22.72,77.28,8.85,1.12,0.141808758,0.081682765,-0.257792888,0.218244104,0.476678372,7.70298767,1.778084124,-34.19780384,-2.701747255,0.002882848,-0.005628556,0.009729754,3521.668255,99.738303,2,0,2,1
1190,(주)휴엠앤씨,263920,19-Dec,제조업,16.07,-20.31,-8.91,-8.58,0.39,5.84,24.85,-2.52,5.76,3.31,0.41,-12.02,6.03,2.14,41.53,391.72,1321.24,329.19,33.13,88.23,1.36,-8.37,26.26,73.74,11.85,5.86,0.293411563,0.100199637,0.034948144,0.229110795,0.785654279,7.946304221,184.5612113,293.2336304,6.736871161,0.013779556,-0.275469962,0.034893499,1244.099915,-7487.186471,2,0,2,1
1191,파나케이아(주),58530,19-Dec,제조업,80.51,-60.64,5.58,2.38,0.36,12.86,-9.92,1.5,1.02,-6.22,0.25,-45.34,4.06,0.43,172.75,75.84,108.25,68.28,-7.13,13.03,0.38,-15.4,42.89,57.11,54.56,6.64,0.633367352,0.038461549,-0.16144825,0.346202601,2.116962797,8.182784048,3.207145784,-30.57311114,-41.84223196,0.021013698,-0.233198871,0.058878766,521.1008484,-42.98768801,2,0,2,1
1192,(주)시큐브,131090,19-Dec,서비스업,18.5,28.25,25.33,77.6,798.55,-1.06,278.22,12.36,4.92,27.73,0.52,17.76,3.41,5.67,18.94,527.41,826.31,527.39,66.5,316.67,3.0,14.68,65.09,34.91,0.47,16827.03,0.159216515,0.492694372,0.674636526,0.373652945,0.213391661,7.572240151,18.19573801,12.24477978,30.58096884,0.144098763,0.848757634,0.00018045,119.4700938,98.15146896,1,0,1,1
1193,(주)엔지스테크널러지,208860,19-Dec,서비스업,158.7,-132.69,-48.41,-5.06,-0.99,19.95,-14.36,-3.54,1.25,-1.45,0.07,-85.41,3.02,0.72,232.19,99.65,190.96,90.22,-0.17,23.54,0.1,-9.7,87.25,12.75,49.96,1.62,0.698970674,0.112476723,-0.076949104,1.426337907,1.740519421,7.93541554,-14.06977273,-46.44359633,1.821643339,-0.090550872,-0.263952445,0.081871043,-351.9055433,-801.7408624,1,0,1,1
1194,(주)한창바이오텍,43090,19-Dec,서비스업,27.6,-111.26,-28.9,-33.47,-5.47,4.98,-1171.36,-7.52,0.51,-15.61,0.28,-40.9,3.07,21.06,28.99,168.67,144.53,161.62,14.69,101.41,1.13,-30.88,14.81,85.19,18.51,6.76,0.224761989,0.216969848,-1.860074234,0.743874908,0.824417244,7.452548743,21.00462154,-45.12782669,-34.38311693,-0.16534724,-1.260374721,0.03024756,-15.21995674,-51.90714589,1,0,1,1
1195,디엑스앤브이엑스(주),180400,19-Dec,서비스업,26.09,-299.36,-108.91,-96.54,-5.24,10.74,-119.49,-20.85,0.56,-37.2,0.13,-70.05,9.89,0.64,27.55,91.83,220.79,75.43,-1.67,44.76,0.27,-37.75,13.3,86.7,16.25,7.4,0.216005776,0.091567543,-1.113874939,1.346844399,1.03590759,7.477815802,-3.268114836,-72.49115886,8.441396756,-0.153075298,-0.794913838,0.029192729,12.51343261,-51.76876461,1,0,1,1
1196,신라젠(주),215600,19-Dec,서비스업,13.48,-1248.27,-303.05,-313.99,-10.73,3.04,-6514.97,-39.4,0.26,-118.95,0.07,-100.14,3.12,5.36,14.35,655.87,171.68,655.87,65.52,97.31,0.49,-86.1,0.0,0.0,0.75,0.0,0.125492827,0.11469851,-4.779114784,7.450027077,0.259516145,7.843513265,-63.05451412,-53.84271566,17.59014007,-0.444915082,-6.142524676,0.041455652,0.932901741,-101.2938485,1,0,1,1
1197,엑스큐어(주),70300,19-Dec,서비스업,7.96,9.7,-3.38,-22.77,31.66,-2.44,910.96,-1.77,3.6,22.7,0.53,5.68,6.01,23.53,8.45,1160.49,632.95,1133.48,77.85,99.14,6.1,5.18,52.4,47.6,0.79,35.49,0.077914377,0.072777091,0.138050238,0.487524978,0.160630433,7.402805191,6.191265442,2.593792348,-1.232219636,0.019515158,0.59197751,0.000616419,407.8850981,482.5932614,1,0,1,1
1198,커머스마이너 (주),223310,19-Dec,서비스업,27.53,-32.04,-58.86,-59.66,0.04,25.22,898.62,-13.14,0.74,8.83,0.17,-8.22,10.12,5.86,28.25,145.59,240.52,121.72,9.79,43.21,0.4,-5.42,24.45,75.55,14.77,3.09,0.220294025,0.092747983,-1.191056242,0.236424506,0.881698257,7.607832545,3.616393089,-36.2190529,-43.76248399,0.00136489,-0.12922092,0.038792691,17188.32174,88.51679245,1,0,1,1
