,회사명,거래소코드,회계년도,통계청 한국표준산업분류 10차(대분류),유동부채비율(IFRS연결),매출액순이익률(IFRS연결),CASH FLOW 대 매출액비율(IFRS연결),CASH FLOW 대 부채비율(IFRS연결),이자보상배율(이자비용)(IFRS연결),금융비용 대 총비용비율(IFRS연결),설비투자효율(IFRS연결),CASH FLOW 대 총자본비율(IFRS연결),자본금회전률(IFRS연결),총자본투자효율(IFRS연결),총자본회전률(IFRS연결),자기자본순이익률(IFRS연결),매출채권회전률(IFRS연결),유형자산회전율(IFRS연결),부채비율(IFRS연결),유동비율(IFRS연결),자기자본배율(IFRS연결),당좌비율(IFRS연결),순운전자본비율(IFRS연결),현금비율(IFRS연결),타인자본회전률(IFRS연결),총자본순이익률(IFRS연결),총자산부채비율,순이익률,현금비율,이자비용/부채,유보이익대총자산비율,자기자본비율,매출액대판매관리비,고정비율,총자산영업이익율,log총자산,총자본증가율(IFRS연결),유동자산증가율(IFRS연결),매출액증가율(IFRS연결),차입금의존도(IFRS연결),매출액총이익률(IFRS연결),재고자산회전률(IFRS연결),매출원가 대 매출액비율(IFRS연결),영업이익증가율,순이익증가율,업종,규모,층화,label
534,(주)케이씨티,89150,17-Dec,서비스업,9.17,7.28,1.45,1.81,5.67,1.55,408.12,0.65,3.26,10.84,0.44,5.12,22.17,16.31,55.46,281.91,471.36,243.02,10.73,196.23,1.2,3.22,0.3567461901518309,0.0322240531631461,0.1157015122389504,0.0209001020194307,0.3387371229470514,0.6432538098481692,0.1278715320957512,0.8337773867911152,0.0438902559935583,7.798207860605717,-0.85,-4.7,6.75,20.69,22.71,18.08,77.29,22.68749806200692,31.147574816739137,1,0,1,0
923,참좋은여행(주),94850,17-Dec,서비스업,92.82,21.53,34.58,27.51,46.78,-0.15,4925.84,13.54,8.07,25.95,0.39,17.82,24.24,28.95,96.91,95.26,1047.18,95.26,-2.23,48.44,0.74,8.39,0.4921579741672976,0.0838764287954907,0.2283526849005732,0.0041413221967421,0.2364688952318417,0.5078420258327024,0.7099350976455299,0.5509548847891647,0.1025685579188149,8.159388999701578,-0.97,-6.78,-23.14,19.05,97.32,11.43,2.68,75.27612760524389,76.1676350681926,1,0,1,0
680,(주)현대이지웰,90850,17-Dec,서비스업,173.45,3.81,6.32,6.67,15.31,0.26,177.58,4.59,11.8,23.14,0.84,9.29,19.5,7.47,221.38,134.35,504.91,120.5,18.54,34.21,1.28,3.2,0.6888392034648637,0.0320337933344461,0.1846156544891876,0.0062217702626114,0.2253869399027496,0.311160808993799,0.4274866297389322,0.2749293481692418,0.0624094101123291,7.904528569113968,37.16,74.81,11.57,9.47,50.17,13.38,49.83,616.859036006972,774.4635661925337,1,0,1,0
662,(주)한국경제티브이,39340,17-Dec,서비스업,25.56,18.88,11.92,31.32,120.45,-3.48,1259.62,6.48,5.64,25.09,0.6,13.77,7.47,23.68,26.1,90.65,822.24,90.65,-1.89,23.71,3.24,11.24,0.2069626498332558,0.1124333152246425,0.0480594532146205,0.0037687520637963,0.6526639894820341,0.7930373501667441,0.8599070346482588,0.8162364821693621,0.0834085745251665,8.076401792813385,20.94,-51.54,-13.86,6.71,0.0,0.0,0.0,-36.820041254648174,1.6717546046336769,1,0,1,0
661,(주)한국가구,4590,17-Dec,서비스업,11.85,10.01,7.49,23.08,53.43,-0.32,32.83,3.7,36.51,12.91,0.52,6.27,4.74,1.4,19.11,399.37,6203.15,255.26,29.78,146.15,3.08,5.21,0.1604189410882378,0.0520856920751276,0.1453723269862882,0.0073878260381081,0.6272579749640781,0.8395810589117623,0.2189471218228157,0.6027421395399485,0.0667425054469437,8.044640863196795,11.12,5.87,-4.74,4.17,34.72,3.6,65.28,-6.069811555320284,-4.527892837350789,1,0,1,0
599,(주)투비소프트,79970,17-Dec,서비스업,106.07,-65.01,-3.14,-2.5,-8.82,0.52,-401.87,-1.29,4.96,-8.07,0.45,-57.97,2.61,13.71,106.7,61.35,513.49,54.37,-19.83,9.04,0.91,-29.33,0.5161998013204092,-0.2933484362807804,0.0463734983033365,0.0261448262961388,-0.0967019581139717,0.4838002090817724,0.6594244037413668,0.6851691486809737,-0.1144521670688931,7.982875562917771,22.11,-12.25,0.7,43.04,40.58,22.92,59.42,-490.3300926337666,-5158.803676767594,1,0,1,0
844,에이치엘비테라퓨틱스(주),115450,17-Dec,서비스업,38.18,-30.4,-21.5,-19.72,-6.68,2.38,-4.61,-5.88,1.52,-0.68,0.3,-13.32,7.92,1.83,42.49,74.74,332.31,63.83,-6.77,32.18,1.03,-9.12,0.2981749905694568,-0.0912056031440017,0.0862220178849278,0.0402523935484862,-0.7044521348746908,0.7018250094305432,0.4111709412223571,0.7997082431685809,-0.0785315402280099,7.797344612603921,21.42,34.61,-3.15,22.52,14.94,9.58,85.06,-11.127216374474514,3.373523487097697,1,0,1,0
573,(주)큐로컴,40350,17-Dec,서비스업,49.62,-214.11,-32.22,-9.7,-1.95,7.2,-5031.25,-3.47,0.26,-12.71,0.11,-26.97,5.97,61.29,55.7,46.52,143.14,44.83,-17.04,8.08,0.33,-23.8,0.3577511351560826,-0.2380343014822416,0.0257651010955722,0.0693646089908087,-0.906567400282138,0.6422488648439173,0.5945471277069465,0.8517534954012836,-0.0458170120317325,8.07081263655439,6.56,-65.86,-33.19,28.47,18.24,16.26,81.76,-2.298161114928409,-17.43951882309788,1,0,1,0
441,(주)이글벳,44960,17-Dec,서비스업,42.15,4.55,4.16,7.96,6.71,1.11,34.99,2.86,5.85,17.86,0.71,4.89,5.58,1.27,55.95,155.54,547.0,70.06,15.01,5.58,2.11,3.24,0.3587639853073836,0.0324216226724234,0.0150952658096275,0.0251804018318769,0.229219402765098,0.6412360146926164,0.2245629664016331,0.5795988394516902,0.0570461963682031,7.696948923007664,7.77,20.16,18.41,25.18,30.47,3.42,69.53,142.82065068869937,-30.381086234524247,1,0,1,0
448,(주)이루온,65440,17-Dec,서비스업,115.49,-4.83,5.42,6.4,-0.53,0.9,82.94,3.95,4.58,21.27,0.73,-8.88,3.01,2.76,161.45,141.43,240.01,133.67,18.3,21.88,1.23,-3.55,0.6175212234195018,-0.0354842205996925,0.097281175730704,0.0239884152328185,-0.1865281023704617,0.3824787765804981,0.3172966885782078,0.3752919561074321,-0.0076573853219834,7.680690247839014,1.6,7.52,-33.51,33.1,30.69,26.78,69.31,-174.0505711415919,-62.42333251529018,1,0,1,0
505,(주)중앙에너비스,440,17-Dec,서비스업,33.51,2.26,2.23,10.34,1.86,0.27,20.56,2.61,22.75,15.55,1.13,3.57,25.9,1.54,33.85,33.67,1451.52,23.19,-16.61,0.72,3.99,2.55,0.2529101526539303,0.0231439108719292,0.0018046713797412,0.0164522272352382,0.3584770227284682,0.7470898473460696,0.1629655169998696,0.9156976406844748,0.0093043401269951,7.781709157517756,-6.31,-10.58,2.95,19.02,17.2,34.37,82.8,-69.51156919748945,17.253732307464176,1,0,1,0
418,(주)위메이드플레이,123420,17-Dec,서비스업,6.02,19.47,18.24,128.94,2467274.0,-2.28,1467.17,9.63,15.18,18.12,0.53,11.12,12.91,52.48,8.07,1303.09,2661.34,1303.09,67.05,257.02,6.0,10.42,0.0746840313506959,0.1041522728125247,0.1432363719205157,0.0,0.8428095008105307,0.9253159759156404,0.8276680425307383,0.2738063276595162,0.0921900212177477,8.138684494660545,2.7,-14.04,-6.0,0.0,0.0,0.0,0.0,-28.137215501812943,-9.401087418089777,1,0,1,0
666,(주)한국테크놀로지,53590,17-Dec,서비스업,112.57,-135.98,-97.08,-26.59,-4.04,2.97,-1035.17,-14.33,0.45,-9.97,0.18,-46.86,9.23,5.54,116.96,126.96,129.87,124.8,13.99,1.94,0.4,-25.13,0.5390814581016008,-0.2513477488902201,0.0100812908065351,0.0536363819866373,-0.1994364002173854,0.4609185418983991,0.8405556736510794,0.3412759854678969,-0.1004368248970304,7.814421225524022,67.4,127.56,115.02,44.73,29.72,15.69,70.28,41.74562128371089,-24.853598895060813,1,0,1,0
834,에스지에이클라우드서비스(주),224880,17-Dec,서비스업,153.34,1.55,-6.88,-12.91,2.93,2.35,1473.69,-10.02,14.92,14.27,1.46,10.07,2.7,150.32,345.98,209.73,229.84,189.48,37.73,28.69,1.88,2.26,0.775775480750526,0.0209527483838684,0.098637559414703,0.0382957828248461,0.0031681953497011,0.2242245192494739,0.1039571282026379,0.2789253272227523,0.0956877627853186,7.35496152745515,0.0,0.0,0.0,46.73,17.48,20.9,82.52,58.64556397136587,-18.90360217364072,1,0,1,0
123,(주)매커스,93520,17-Dec,서비스업,76.94,10.38,3.31,7.64,39.96,0.11,444.58,3.41,10.81,21.87,1.06,20.63,6.5,15.54,80.75,205.52,586.16,191.91,44.92,47.0,2.26,10.98,0.4467559873584322,0.1097819500022171,0.2000646675415065,0.0071250553154324,0.4232742240115918,0.5532440126415678,0.1010433231431479,0.1252093786903073,0.1330145697092127,7.928806880278882,5.69,4.36,29.0,3.24,22.68,14.54,77.32,214.8098480159549,479.1153465159991,1,0,1,0
194,(주)서린바이오사이언스,38070,17-Dec,서비스업,24.49,5.32,4.76,11.12,13.84,-0.23,36.34,2.85,13.72,13.94,0.62,4.12,5.27,1.8,34.54,247.05,1596.71,144.34,26.77,26.44,2.43,3.3,0.2567431531281444,0.0329939436487157,0.0481376097506865,0.0047725006000038,0.450257748357646,0.7432568468718556,0.2733518738980062,0.5502485138998298,0.0168252649590963,7.851492437630456,6.87,-11.3,-5.06,8.12,30.05,3.7,69.95,-46.79172019434168,-45.43943441915594,1,0,1,0
457,(주)이엠넷,123570,17-Dec,서비스업,48.75,13.36,10.18,11.13,3145.21,-1.31,242.25,4.19,5.21,35.32,0.43,9.32,6.2,2.86,60.46,231.13,783.03,231.13,39.84,75.73,1.11,5.73,0.376802626351177,0.0573035425617277,0.2300496936152762,5.143124253860282e-05,0.4203479534876987,0.623197373648823,0.8548016742222567,0.297854873195112,0.0622795213843316,7.844930326535623,8.72,12.41,5.48,0.05,0.0,0.0,0.0,28.33388197403892,71.47345352936433,1,0,1,0
293,(주)알티캐스트,85810,17-Dec,서비스업,67.49,1.49,11.83,11.34,16.17,-0.04,1098.41,4.87,6.66,24.66,0.41,1.6,3.02,17.84,75.22,203.84,874.89,203.84,40.0,15.29,0.97,0.61,0.4292931928526334,0.0061364746152202,0.0588741320644633,0.0048856748425017,0.2722894505970108,0.5707068129767702,0.918755220606288,0.2148866775007299,0.0335156922192179,8.234375871823916,0.35,-0.26,7.99,3.41,0.0,0.0,0.0,262.29357630220284,16.49893128281538,1,0,1,0
669,(주)한네트,52600,17-Dec,서비스업,103.18,5.05,23.95,16.36,2.96,3.19,85.13,8.54,4.77,15.69,0.38,3.76,13.99,1.82,109.11,145.11,640.36,145.1,22.26,138.34,0.76,1.9,0.5217926782218058,0.0189503020811112,0.6825768915068975,0.022740126909958,0.3294916430857189,0.4782073217781943,0.0709347503566798,0.2840517648509663,0.0333958057636789,7.888874107078733,11.08,19.25,-4.31,44.83,15.99,8328.64,84.01,-33.66842189676093,-41.56648424243644,1,0,1,0
940,키네마스터(주),139670,17-Dec,서비스업,20.53,-42.48,-41.49,-134.45,2467274.0,-0.47,270.45,-25.21,2.88,8.98,0.53,-27.29,7.08,16.31,23.07,531.76,384.92,531.76,72.01,309.14,2.88,-22.31,0.1874808786452409,-0.2230591605131942,0.5156058231801509,0.0,0.4861618398375771,0.8125191213547591,1.3331280496705262,0.1130971616012812,-0.1749276947976472,7.220652315556675,-23.9,-22.92,8.09,0.0,0.0,0.0,0.0,32.25980732310733,18.49233909981477,1,0,1,0
507,(주)지란지교시큐리티,208350,17-Dec,서비스업,34.35,18.59,15.44,31.67,28.61,0.2,973.42,9.47,10.83,33.19,0.61,13.75,3.04,17.99,42.65,220.95,974.04,220.95,29.13,90.62,2.05,11.4,0.2989756398908754,0.1613661005148829,0.2182354014065122,0.02119371093021,0.0816379672464514,0.7010243601091246,0.2637805875118146,0.4678722966521247,0.1742052787303411,7.833222912323942,0.0,0.0,0.0,14.01,46.45,0.0,53.55,202.30724820389696,506.31369101811447,1,0,1,0
246,(주)썸에이지,208640,17-Dec,서비스업,2.64,-244.9,-161.47,-577.3,-139.54,-3.31,413.34,-20.42,0.47,5.53,0.11,-27.49,8.58,2.75,3.67,3287.88,356.73,3287.88,81.09,543.16,1.7,-26.46,0.0353664864770271,-0.2645793076490937,0.1381619731983754,0.0306474062379689,-0.3412647411193862,0.9646335135229728,3.5139213600756825,0.1636706059074776,-0.2715881560135906,7.448932511415953,-25.42,-26.86,-41.26,0.0,0.0,0.0,0.0,-478.88722484424414,-20.96244043067895,1,0,1,0
463,(주)이크레더블,92130,17-Dec,서비스업,17.47,32.02,33.47,153.66,2467274.0,-2.78,1097.27,23.07,5.54,60.84,0.72,27.45,10.56,12.07,17.67,587.88,683.11,587.88,72.46,64.85,4.67,23.2,0.1501372903569913,0.2319579268261491,0.0963138882075859,0.0,0.6314585477683451,0.8498627298830695,0.6054721790198146,0.1269256242125857,0.2857931676812735,7.693788185402985,10.72,12.46,8.12,0.0,0.0,0.0,0.0,10.712631869682037,10.774251703568687,1,0,1,0
764,베뉴지(주),19010,17-Dec,서비스업,60.3,-5.62,2.49,0.82,0.35,2.37,7.37,0.39,2.8,4.14,0.16,-0.86,46.18,0.23,88.55,56.22,861.14,54.48,-14.0,10.53,0.35,-0.89,0.4696501395710706,-0.0089379940193641,0.0336776351232919,0.0178276277340733,0.4200068823368005,0.5303498604289294,0.5269095583738008,0.8201892629791235,0.0028141439450349,8.639998702394939,5.68,22.7,-3.18,33.17,54.46,22.45,45.54,-67.81956769576377,-129.7010187268414,1,0,1,0
956,한국기업평가(주),34950,17-Dec,서비스업,20.35,24.61,24.99,78.81,2598.08,-3.29,1677.86,15.37,3.21,54.2,0.63,17.67,14.47,17.64,24.22,485.57,359.42,485.57,63.18,52.95,3.31,15.44,0.1949795332025856,0.1543805361291908,0.0867558852861747,0.0003901487277564,0.4218793763833963,0.8050204667974143,0.6938614413897796,0.204362005732204,0.1920089028186052,8.106077884373672,4.04,5.84,5.73,0.0,0.0,0.0,0.0,14.871629866133931,14.552005304059376,1,0,1,0
686,(주)휴맥스홀딩스,28080,17-Dec,서비스업,16.47,-713.21,19.72,2.88,-12.04,0.0,-20310.83,0.42,0.65,-14.7,0.02,-16.25,0.0,28.77,16.98,16.42,2623.65,16.42,-11.77,11.94,0.14,-14.06,0.1451690351626005,-0.1406017726471278,0.0168101496413818,0.0316109125492569,0.3667860451162867,0.8548309648373994,0.5846895754276713,0.9768712378340207,-0.0521785714352119,8.284718811280587,-13.03,19.68,-27.36,12.93,-206.21,0.0,306.21,-413.0896814529859,-1092.782152284738,1,0,1,0
276,(주)아이엠비씨,52220,17-Dec,서비스업,24.18,-0.31,15.27,67.31,16.93,-0.83,998.91,13.4,4.99,22.65,0.84,-0.21,8.53,38.77,24.86,178.58,446.67,178.58,15.22,48.56,3.78,-0.26,0.1990719914366649,-0.0025763599349107,0.094036180891646,0.0005580003163756,0.4865356457367183,0.8009279932742863,0.997499221805908,0.6541959043604566,0.002107282276509,7.815619535536703,-7.66,-38.76,-14.63,0.76,0.0,0.0,0.0,-92.4836399393874,-109.8925317878413,1,0,1,0
151,(주)바이오톡스텍,86040,17-Dec,서비스업,72.94,4.6,22.12,19.82,4.47,1.7,69.56,9.46,3.53,23.68,0.47,5.44,7.69,1.21,91.32,57.77,366.61,53.62,-16.1,30.99,1.0,2.18,0.477322091087674,0.0218199670399649,0.1188907698985027,0.0191636982667013,-0.0343749998954333,0.522677908912326,0.2713097575255013,0.7797639042750553,0.0405564975450695,7.776486903397918,24.5,-19.41,14.86,25.59,35.68,28.36,64.32,-0.762913382859286,1.358860088441414,1,0,1,0
59,(주)대한과학,131220,17-Dec,서비스업,33.42,3.25,10.52,40.05,20.22,0.21,84.19,11.8,11.56,27.5,1.07,4.3,6.59,3.37,41.75,267.06,670.88,108.24,39.39,15.63,3.12,3.47,0.294536218572723,0.0346726825254568,0.0368467496552981,0.0072052223951358,0.3225045517553611,0.7054638085307386,0.238771729510311,0.3703235687149728,0.0497736564167136,7.566975236449432,-9.47,-11.44,-10.21,3.79,28.55,2.97,71.45,17.79735870794308,-40.12132690965558,1,0,1,0
675,(주)헥토이노베이션,214180,17-Dec,서비스업,46.54,22.77,42.69,45.15,3833.74,-1.76,1818.84,16.1,15.92,19.48,0.43,16.99,8.26,15.01,55.41,200.81,1389.55,200.81,30.19,155.12,1.35,9.8,0.3565277813925617,0.0979582361541767,0.4645957551928075,9.328840412683764e-05,0.1862707009461339,0.6434722186074383,0.7341400866483274,0.3985698379712779,0.1143665650837298,8.329191032706822,32.74,108.77,97.79,0.05,0.0,0.0,0.0,34.88509890862513,59.93131979015447,1,0,1,0
99,(주)디지털대성,68930,17-Dec,서비스업,34.43,9.19,14.44,42.66,81.59,-0.86,209.85,12.4,8.06,27.37,0.9,10.78,25.64,6.45,41.0,116.08,620.15,112.83,3.93,36.17,3.13,8.29,0.2907772693058965,0.0829357297643755,0.0883126272023019,0.0042676884310507,0.2653955866209727,0.7092227306941035,0.3874139070683425,0.7165348998567208,0.1004776784853722,8.019450539448476,10.52,2.98,7.58,3.82,49.88,97.31,50.12,26.710634601895627,3.5184911579065297,1,0,1,0
963,한국정보인증(주),53300,17-Dec,서비스업,25.78,15.26,26.36,49.33,2467274.0,-3.65,206.21,10.2,2.32,16.59,0.4,7.67,24.14,4.61,26.05,261.02,475.38,260.74,32.93,34.76,1.92,6.08,0.2066790722825194,0.0607595034119957,0.0710915640751965,0.0,0.381585747166335,0.7933209384269333,0.7749249398796547,0.4661857008608033,0.0896428873278365,7.970232721757036,6.07,-23.02,3.44,0.0,0.0,996.75,0.0,16.786977294406284,-5.970297718941799,1,0,1,0
813,아이크래프트(주),52460,17-Dec,서비스업,76.56,2.37,6.82,23.39,16.69,-0.07,1998.52,10.21,22.98,29.34,1.59,6.2,4.92,95.44,77.42,198.84,861.53,171.58,42.65,53.16,4.04,3.76,0.4363589463835633,0.0376058030218081,0.2294078382006763,0.0055511577471071,0.4901478613141535,0.5636410536164367,0.1440860137893864,0.1420081843123223,0.0363488072689179,7.791063598725453,12.71,13.02,15.87,8.4,16.7,11.41,83.3,-53.04747155234787,0.8545515156391894,1,0,1,0
80,(주)드래곤플라이,30350,17-Dec,서비스업,132.52,-128.62,-23.84,-6.26,-4.35,5.55,3.98,-3.59,1.02,3.44,0.13,-36.56,6.44,0.16,133.84,6.87,289.79,6.87,-52.77,3.11,0.23,-16.54,0.5723629825210969,-0.1654924521376301,0.0175961052629528,0.0392595223947447,-0.1726740452865435,0.4276370174789031,1.7264992161371722,0.9610495881565084,-0.0934753045231376,7.701621910203626,-25.31,-76.14,-30.84,50.29,0.0,0.0,0.0,-449.598659739784,-3133.1597902864623,1,0,1,0
737,데브시스터즈(주),194480,17-Dec,서비스업,1.69,-91.17,-1.75,-6.92,-4464.24,-7.03,-35.29,-0.22,3.16,-0.93,0.12,-11.07,5.69,4.52,3.22,4782.7,2474.89,4777.41,76.54,229.7,5.23,-10.96,0.0311490114666366,-0.1096401125582855,0.0375470853485777,0.0009568774938192,0.1497157448798229,0.9688509885333634,1.817420061059712,0.2182148207363412,-0.0983045752701818,8.154240255390645,-4.73,-13.68,15.5,0.0,0.0,93.27,0.0,-18.56093610659014,-62.72723525331436,1,0,1,0
178,(주)비트컴퓨터,32850,17-Dec,서비스업,21.19,11.23,14.47,41.01,30.8,-0.19,84.81,8.61,3.84,24.53,0.6,8.71,7.78,2.06,26.56,211.71,509.91,211.32,18.7,69.87,2.71,6.77,0.2098297834766533,0.0676889687485901,0.1169721968889791,0.0119731965115066,0.4196346397381646,0.7901702165233466,0.1381090610592551,0.6455476414081576,0.0821243415246121,7.7294576452457555,2.7,4.64,-8.32,4.97,27.44,1406.84,72.56,24.42447585555064,-13.879390889885254,1,0,1,0
524,(주)카이노스메드,220250,17-Dec,서비스업,10.28,-120.44,-146.19,-221.31,-20.83,2.29,-624.3,-41.98,0.36,-19.01,0.49,0.0,2.03,15.46,23.41,1086.18,95.81,1086.18,82.15,706.67,1.47,-59.59,0.1896668751711727,-0.5959116993560986,0.5886376115242101,0.0786377757135693,-5.480092432604411,0.8103331248288272,2.0154535022491507,0.0952395073599981,-0.5501270382963628,6.880091034103154,522.61,1024.36,0.86,9.52,90.36,0.0,9.64,5.899165481443899,-5.081037481612427,1,0,1,0
64,(주)데이타솔루션,263800,17-Dec,서비스업,108.72,0.98,-0.48,-1.32,2.37,0.19,1800.07,-0.7,13.16,27.18,1.77,3.77,7.08,122.61,112.01,158.77,381.1,122.96,30.14,34.94,3.29,1.74,0.5283170651157364,0.0174201164398085,0.1791960874983284,0.008597943657378,0.1058574721725552,0.4716829348842636,0.1452249694245283,0.1857644044951078,0.0109608205147493,7.792714005497451,56.59,74.22,-10.69,13.49,15.14,10.45,84.86,-85.85357369998515,-71.00636914313367,1,0,1,0
536,(주)케이아이엔엑스,93320,17-Dec,서비스업,10.44,14.23,21.5,155.55,2467274.0,-1.3,260.15,15.58,19.38,41.82,0.75,11.75,6.52,4.54,11.13,646.47,2324.11,646.47,51.35,272.82,8.04,10.72,0.1001353315756886,0.1071978379165755,0.2563674687513941,0.0,0.7145075026313197,0.8998646684243113,0.2819218512312355,0.392522082495241,0.1458311515961162,7.814748424058992,8.35,10.61,7.0,0.0,47.55,0.0,52.45,17.3379358531809,6.237939705316667,1,0,1,0
566,(주)코엔텍,29960,17-Dec,서비스업,11.38,26.22,41.77,54.23,43.15,-0.61,48.53,14.81,2.45,23.71,0.38,13.6,6.72,0.69,37.58,524.5,502.19,524.24,35.1,328.51,1.35,9.83,0.2731742725841758,0.0983222017868978,0.271644606891072,0.0095201309670615,0.574601894957576,0.7268257274158242,0.0871348110496259,0.566291977570198,0.1137960382290093,8.237408608310112,12.23,46.58,11.18,15.56,39.06,1385.89,60.94,20.10189315815545,9.103337503395224,1,0,1,0
352,(주)엔텔스,69410,17-Dec,서비스업,43.11,-7.53,5.24,14.61,2467274.0,-0.53,625.23,4.43,13.61,25.9,0.86,-8.73,4.77,19.88,43.56,168.75,1121.16,166.71,20.64,92.6,3.37,-6.49,0.3034341826357376,-0.0649400484386111,0.2780263597823273,0.0,0.3754694329443824,0.6965658353746959,0.2600164731456238,0.4933241446502925,-0.0324562279992915,7.744475833464873,4.22,16.52,-16.86,0.0,22.24,131.17,77.76,-790.1291462432671,-1329.858795023012,1,0,1,0
34,(주)넥스트엔터테인먼트월드,160550,17-Dec,서비스업,70.42,-7.89,-9.29,-6.99,-6.92,-0.34,20.96,-3.42,6.9,3.81,0.39,-5.98,3.33,1.97,96.16,165.57,931.85,165.5,23.54,40.88,0.86,-3.06,0.4902055255736779,-0.0306428086973004,0.1467642132899351,0.006785496335279,0.1081289512121261,0.5097944744263221,0.276165571155824,0.4056418110752413,-0.021179295627916,8.409024840086442,11.25,0.8,-24.8,18.06,22.16,2860.36,77.84,-177.64083918610692,-309.25291745204373,1,0,1,0
137,(주)모바일리더,100030,17-Dec,서비스업,7.18,7.32,16.64,103.47,2467274.0,-4.44,5891.45,6.94,8.13,32.01,0.4,3.09,3.75,81.75,7.18,596.08,1801.71,596.08,33.25,90.7,6.12,2.96,0.0670322508854493,0.0295876940812966,0.0607960738568484,0.0,0.7294864270237835,0.9329677491145506,0.3430942487977125,0.6004366947924455,0.017629009310075,7.50541613283683,-5.87,-22.19,-0.56,0.0,38.67,0.0,61.33,-29.55925065349985,577.8086145648313,1,0,1,0
440,(주)이글루코퍼레이션,67920,17-Dec,서비스업,18.31,6.96,8.88,68.33,2467274.0,-0.48,2216.05,10.81,11.33,70.99,1.29,10.8,11.02,49.86,18.79,424.15,753.67,421.64,49.97,116.97,8.03,8.99,0.1582060599841339,0.0898712440994698,0.1803145838434845,0.0,0.2033562942909512,0.841793940015866,0.9483593426067692,0.3461532756387295,0.0666693428888717,7.693270576936305,12.81,12.28,3.42,0.02,0.0,601.27,0.0,12.81484521810449,19.91362913848434,1,0,1,0
170,(주)비엘,142760,17-Dec,서비스업,5.52,-87.38,-112.07,-357.72,-61.33,-1.59,-60.64,-22.69,0.96,-5.81,0.2,-18.9,4.54,1.95,6.77,1590.6,442.18,1529.43,77.08,712.52,3.19,-17.69,0.063423877117562,-0.2246002605951003,0.3684517624726562,0.0340670253088222,-1.3125975411259854,0.936576122882438,1.015167212277741,0.1774761144914028,-0.2306426973419255,7.574908432099513,0.0,0.0,0.0,0.0,11.79,6.4,88.21,-13.728155757159616,-12.740998003287825,1,0,1,0
814,아이텍(주),119830,17-Dec,서비스업,29.14,5.85,30.82,34.55,5.75,1.73,50.78,16.21,9.87,37.85,0.54,5.98,12.42,0.74,88.38,48.02,989.71,48.02,-8.04,19.96,1.15,3.16,0.4691645179746705,0.0316236838630494,0.0308790128041542,0.0191514625616989,0.2091997854353869,0.5308354820253294,0.0956423269062438,0.92571821613107,0.051871021568377,7.691414347225503,5.61,-4.76,0.26,31.04,19.16,0.0,80.84,15.992189194647436,5.52011105375504,1,0,1,0
328,(주)에이치시티,72990,17-Dec,서비스업,34.53,0.32,11.11,15.5,1.29,0.31,59.32,4.94,12.17,31.7,0.46,0.21,3.56,0.85,46.72,136.07,1868.19,135.67,8.49,63.31,1.63,0.15,0.3184083764962296,0.0014704648167855,0.1489911114439163,0.0171888473918042,0.3490375855756531,0.6815916235037703,0.3340248741629922,0.6797813788016143,0.0063158754628527,7.797725144405064,9.82,-35.12,-1.28,23.46,34.76,590.91,65.24,-92.29967756293948,-97.8935067771086,1,0,1,0
567,(주)코원플레이,56000,17-Dec,서비스업,12.06,0.59,-12.1,-153.9,0.92,-0.2,921.18,-16.77,4.38,22.03,1.39,0.92,10.15,49.6,12.23,820.16,281.29,634.18,77.39,153.2,12.72,0.82,0.1089974283996553,0.0055531203164797,0.1646250877154446,0.0221736187722121,0.0148807788580084,0.8910025716003446,0.4237239690561092,0.1186619687436075,0.0081746714596088,7.3448935256543955,0.0,0.0,0.0,0.0,43.24,6.94,56.76,2305.301005472827,4507.368200629308,1,0,1,0
476,(주)인포바인,115310,17-Dec,서비스업,5.13,46.76,44.79,271.02,2199.94,-7.79,3086.93,13.23,14.38,24.6,0.3,14.62,6.48,39.14,5.13,1794.01,4574.3,1794.01,82.69,520.83,6.24,13.92,0.0488115119250769,0.1392359904101667,0.254222933555938,0.0015688878903221,1.055323162623358,0.9511884880749232,0.4472442243460381,0.1243152793920326,0.1645949690429733,7.885211153280685,1.63,3.05,8.15,0.0,0.0,0.0,0.0,0.3114434397939235,-2.3066739264422584,1,0,1,0
514,(주)진로발효,18120,17-Dec,제조업,15.23,17.52,19.5,107.62,141.26,-1.36,117.22,16.12,22.2,25.28,0.85,18.23,4.7,3.86,17.61,562.69,2266.26,497.73,59.91,14.57,5.47,14.9,0.1497540727619931,0.1489579874529024,0.0188705011185696,0.0087453584380164,0.8061092303480997,0.8502459272380068,0.0329792621820719,0.2714401392994393,0.1921690554447269,8.029507302690838,5.9,8.56,1.9,5.78,25.9,9.6,74.1,-6.770173227844212,-14.154991502425649,2,0,2,0
743,동양파일(주),228340,17-Dec,제조업,8.72,9.31,31.37,217.07,36.7,-0.22,30.88,17.4,8.86,10.83,0.51,5.67,3.3,1.56,8.72,603.4,1468.94,563.36,40.35,374.96,3.06,4.73,0.0801638883150731,0.0473253029046215,0.3005794613444184,0.0138634538444141,0.4267554898078863,0.9198361179468216,0.1415658105919343,0.5162906168179929,0.0844749947628169,8.203294231329405,-15.39,-24.13,-26.76,0.0,30.77,20.54,69.23,-61.72264399968363,-71.03695461004736,2,0,2,0
278,(주)아이윈,90150,17-Dec,제조업,108.98,-3.07,4.87,8.22,-3.59,0.76,74.66,4.87,20.13,12.12,1.0,-7.21,5.92,5.97,145.38,112.79,820.63,72.61,5.68,26.05,1.74,-3.07,0.592475047457648,-0.0307015875304074,0.1156854879345485,0.0177165560651023,0.2923870528543487,0.407524952542352,0.2125085313094955,0.49908923477499,-0.0364684314580362,7.987865494261855,-0.14,-10.26,-8.14,35.02,17.6,5.34,82.4,-333.52508763513777,-244.1392782602906,2,0,2,0
808,씨큐브(주),101240,17-Dec,제조업,34.22,9.42,12.07,26.3,13.54,0.95,80.16,7.41,10.28,26.17,0.64,8.43,5.02,1.68,39.2,226.51,1168.12,105.72,31.1,45.57,2.21,6.0,0.2816223321735822,0.0600109986134912,0.1120294282347978,0.0201606152749613,0.490695436953374,0.7183776678264178,0.2733872566125129,0.4431853023465817,0.0787277735691911,7.815922735925988,7.79,13.4,6.05,19.86,39.7,2.16,60.3,-12.666500795215867,-22.0959638568596,2,0,2,0
239,(주)시스웍,269620,17-Dec,제조업,9.65,17.66,24.21,239.61,119.0,-0.57,197.11,21.6,17.43,25.56,0.89,17.32,4.19,5.54,9.91,884.32,1778.42,834.24,68.84,588.57,9.9,15.76,0.0901389308876823,0.1999115369933504,0.5166165291315332,0.0110387968632988,0.5199659413983883,0.9098610691123176,0.0900159000982965,0.2237877054382885,0.2364635641864387,7.54633149814713,0.0,0.0,0.0,1.42,29.9,20.29,70.1,10.846669210348944,6.322845158527138,2,0,2,0
907,제이더블유신약(주),67290,17-Dec,제조업,116.19,-7.92,-1.14,-1.01,-1.37,2.47,205.28,-0.71,3.86,16.5,0.58,-16.12,2.33,7.82,236.73,129.55,181.66,103.52,10.2,2.43,0.8,-4.56,0.7030269759450966,-0.0455768325039405,0.008400339636251,0.0241121772624974,-0.1881550329350225,0.2969730240549034,0.5390847812990759,0.5529951564276467,-0.02372959988108,8.09116266881819,-14.1,-21.48,-7.85,54.18,49.79,6.96,50.21,-147.40202211274266,-1118.8794656184195,2,0,2,0
776,삼영이엔씨(주),65570,17-Dec,제조업,7.04,8.27,4.51,23.19,63.57,0.12,79.31,1.85,8.64,15.2,0.41,3.7,1.93,2.15,8.69,996.35,1933.03,450.23,58.07,84.66,5.14,3.4,0.0799499954881016,0.0339070292441034,0.0548435796984174,0.010032096637565,0.7910181592497411,0.9200500045118984,0.2881696496329221,0.3545239996972019,0.0561611419056714,7.965880880533999,0.0,0.0,0.0,3.76,42.52,1.16,57.48,-34.81170393267783,-58.36788541274029,2,0,2,0
126,(주)메디아나,41920,17-Dec,제조업,14.63,7.65,9.99,57.76,178.23,-0.05,183.88,9.36,12.11,31.46,0.95,8.94,5.15,4.05,19.33,470.06,1083.02,305.6,45.38,131.07,5.09,7.27,0.1620091225099043,0.0726864851101386,0.1607362087427592,0.0033683999124419,0.5617349223404533,0.8379908774900956,0.2206609023014014,0.4235529279977325,0.1122089471961952,7.747406439382992,2.97,-5.16,-1.93,1.94,33.87,4.63,66.13,-27.90706163199,-49.65831357762278,2,0,2,0
285,(주)아진엑스텍,59120,17-Dec,제조업,15.91,20.05,5.96,27.05,16.35,1.83,214.78,3.97,10.03,28.81,0.7,18.49,3.62,3.88,17.18,509.8,1191.62,365.69,55.64,215.43,2.97,14.11,0.1466083484340672,0.1411268305677859,0.292499446318462,0.046082394943251,0.4858881636973011,0.8533916515659328,0.2729549029902688,0.3078244194578645,0.1782755517850683,7.664130861880171,12.28,14.04,74.8,6.42,52.62,4.92,47.38,656.3813128906196,435.9569763291459,2,0,2,0
473,(주)인텔리안테크놀로지스,189300,17-Dec,제조업,47.91,4.08,-1.13,-2.15,19.97,0.11,166.19,-0.87,23.28,24.86,0.81,5.35,3.28,5.25,68.55,226.33,1786.02,157.99,35.91,45.95,2.12,3.3,0.4066933756828528,0.0330348031725817,0.1306297895436061,0.0088997656883917,0.2588738653485587,0.5933066151117972,0.3631558796185895,0.3566143109316845,0.0678917262310856,8.035959694274968,10.65,2.42,7.63,18.38,44.7,4.35,55.3,-4.945959295618576,-44.69318507659828,2,0,2,0
79,(주)듀오백,73190,17-Dec,제조업,16.61,3.42,-5.23,-35.26,108.72,-2.3,93.65,-5.17,6.49,21.57,1.0,4.05,10.47,4.19,17.18,310.63,558.6,230.71,29.85,77.09,6.52,3.44,0.1466361446097223,0.0343856774055968,0.1092703352266669,0.0008950145425183,0.5685609812652744,0.8533638553902777,0.2788400027370419,0.559728603967477,0.0149929207714452,7.594166746959847,3.11,23.44,19.63,0.08,29.38,7.99,70.62,974.665406968224,514.6925879681241,2,0,2,0
857,영화테크(주),265560,17-Dec,제조업,26.44,9.81,11.6,47.11,47.02,0.02,121.51,11.18,28.49,27.27,1.07,14.9,4.44,4.25,31.12,345.7,1750.88,304.02,49.55,107.12,3.57,10.46,0.2373299620964028,0.1045533330784762,0.2160271641767448,0.0088436690318295,0.4943690938871719,0.7626700216048303,0.1155061915164708,0.3028290666014064,0.1239840183902162,7.787845253290691,23.61,34.08,-3.62,7.99,23.18,11.41,76.82,5.546613226428312,3.8481715077626553,2,0,2,0
799,신신제약(주),2800,17-Dec,제조업,34.1,5.72,7.4,17.21,15.62,0.15,139.92,5.79,8.14,29.46,0.78,6.92,2.43,2.15,50.74,232.44,687.12,195.87,29.96,40.82,2.33,4.48,0.3365856231345198,0.0478440348193692,0.0923445792368061,0.0094842247953429,0.3818546818623961,0.6634143641839277,0.2783441383126336,0.4742189555501315,0.0611021235044895,7.896827578311269,0.0,0.0,0.0,10.88,35.14,9.46,64.86,-18.471895167338648,-20.462427277111864,2,0,2,0
906,제룡전기(주),33100,17-Dec,제조업,13.9,-1.16,12.77,69.96,-18.88,-0.33,48.13,10.52,5.93,18.17,0.79,-1.11,7.82,2.12,17.7,399.2,612.04,336.18,35.34,226.21,4.69,-0.92,0.150356715206236,-0.0092164906361813,0.2689019959934726,0.0062248985718459,0.6383721359149427,0.8496432847937639,0.1380126715640652,0.5284332107908593,-0.0199229354558923,7.76232283666079,-6.92,-7.92,19.51,3.68,11.29,6.96,88.71,71.94529645752907,79.44885281101342,2,0,2,0
854,엘티씨(주),170920,17-Dec,제조업,36.69,-3.1,2.57,2.91,1.41,1.94,20.49,1.17,17.48,9.07,0.46,-1.63,18.31,0.95,67.68,151.27,2275.93,122.22,11.22,44.2,1.16,-1.41,0.4036209015308404,-0.014132244613487,0.0967306572802052,0.0286480088801689,0.3130729512112425,0.5963790984691596,0.2154288565049014,0.6689719498084113,0.0159282872082395,8.15820402411578,-0.47,-3.67,-7.42,33.24,25.04,8.26,74.96,250.8786027439349,-9.429187978939154,2,0,2,0
249,(주)쎄트렉아이,99320,17-Dec,제조업,19.95,12.62,23.73,64.19,22.98,0.55,151.27,14.37,23.37,37.46,0.61,10.76,15.12,2.43,28.85,195.98,2996.77,175.59,14.86,66.54,2.47,7.72,0.2238970666716603,0.0772145037560743,0.103008205445781,0.0135105893112806,0.5589718758557978,0.7761029333283397,0.1189015825424448,0.6966022012934304,0.076833122883039,7.848778107389934,2.03,-13.58,24.9,0.0,24.45,14.7,75.55,70.03042427761734,70.00258305953952,2,0,2,0
488,(주)제닉,123330,17-Dec,제조업,50.51,-11.54,-1.67,-2.76,-6.31,1.25,29.99,-1.16,19.13,12.27,0.66,-12.85,5.53,1.73,72.06,118.91,1566.33,71.68,5.55,29.89,1.64,-7.66,0.4188063112337264,-0.0766080708725406,0.0877532750599292,0.0333702262298525,0.283742727737852,0.5811936887662735,0.3186314111685453,0.6509075473466857,-0.0850062848130968,7.970265803459956,-8.06,-31.22,-27.86,30.75,19.05,5.51,80.95,-254.5764446505665,-709.4180325126151,2,0,2,0
908,제이스코홀딩스(주),23440,17-Dec,제조업,39.57,5.3,11.45,11.38,1.45,2.43,11.3,3.92,2.38,7.73,0.33,2.81,5.97,0.49,52.59,66.45,455.5,23.63,-8.7,7.34,0.91,1.77,0.3446652849912059,0.0177421259962793,0.0190252932913835,0.0224777583299254,0.261990964045426,0.6553347039554493,0.0683933255152861,0.827673823711067,0.0120546651533957,7.956506284863542,-4.57,-4.65,-18.09,23.94,10.44,4.79,89.56,223.65049140227163,251.717844928252,2,0,2,0
694,(주)힘스,238490,17-Dec,제조업,31.34,13.25,9.11,41.1,39.32,0.24,93.66,11.5,38.9,39.53,1.51,32.53,9.97,3.81,38.83,232.32,1985.14,189.36,29.87,106.92,3.94,20.04,0.279715351526225,0.2003909909918998,0.2413434502398991,0.0171110073631485,0.4371530371973162,0.7202846346728242,0.1528878570366428,0.4755758363900599,0.2583949808454138,7.860090993500124,49.47,27.02,79.7,14.67,32.38,10.25,67.62,137.61625675306576,144.73779670787113,2,0,2,0
642,(주)프럼파스트,35200,17-Dec,제조업,16.84,8.9,5.95,46.92,70.77,0.05,124.98,7.1,12.69,25.45,1.22,13.9,2.51,5.7,17.83,511.05,859.83,418.32,58.76,74.59,6.0,10.85,0.151291153914636,0.1085380816141741,0.1066252726662414,0.0099086220023366,0.6328299785856351,0.8487088460853639,0.0996442548462895,0.2694455066940301,0.1424547194448137,7.611818736123848,4.45,4.09,7.62,3.12,21.65,9.05,78.35,41.42710593208676,35.59431562846454,2,0,2,0
747,디케이락(주),105740,17-Dec,제조업,23.0,0.91,10.98,26.26,7.36,0.33,34.98,5.91,13.64,14.75,0.54,0.63,3.12,1.27,29.03,288.33,1964.04,175.52,33.57,49.54,2.51,0.49,0.2250066119051101,0.0049244692764677,0.0882974393065487,0.0114229746249124,0.4715204355838497,0.7749933880948898,0.1818984487116626,0.4861148184371761,0.018175670155235,7.997998273407681,1.88,0.66,2.99,9.46,21.54,2.54,78.46,-32.7137310634854,-81.35330245330368,2,0,2,0
622,(주)파커스,65690,17-Dec,제조업,18.29,-4.01,6.93,15.13,-3.38,-0.3,52.99,3.76,9.38,9.24,0.59,-2.97,4.6,2.7,33.06,558.05,1281.62,486.32,62.96,140.71,3.03,-2.35,0.2484526514515247,-0.0235493970070695,0.1934071165004041,0.0114214804955847,0.6056918558524664,0.7515473569598297,0.1707250980537151,0.2329543104145403,-0.0074751469186891,8.075134068638993,17.89,36.46,1.06,11.37,15.8,6.06,84.2,-119.57626793409818,-202.01052497522923,2,0,2,0
645,(주)프리엠스,53160,17-Dec,제조업,7.9,3.97,1.92,13.04,4646.79,-1.69,73.28,1.16,9.55,13.11,0.61,2.66,16.73,3.34,9.74,1092.96,1443.7,1029.12,71.47,228.22,6.32,2.41,0.0887448139895223,0.024082392133863,0.164265800957684,6.302183067400306e-05,0.5913795097156614,0.9112551860104776,0.128877498953213,0.2133157796358875,0.0281161766847011,7.676957105281329,1.11,0.85,41.54,0.0,17.52,17.9,82.48,88.77343897592218,-30.656847599368408,2,0,2,0
468,(주)인콘,83640,17-Dec,제조업,45.43,2.16,5.86,11.75,9.95,-0.64,100.57,3.67,5.56,9.64,0.72,2.08,9.02,5.35,45.49,219.18,382.03,209.03,37.21,92.4,3.34,1.56,0.3126763606289844,0.0156259115386631,0.2887125293680304,0.0096143965831055,0.3798683569096323,0.6873236393710155,0.1868198013711852,0.3155882735775432,0.0206959329349369,7.846266381947158,35.93,32.59,21.85,18.41,21.55,16.91,78.45,261.9322020835207,204.42213821782263,2,0,2,0
329,(주)에이치알에스,36640,17-Dec,제조업,10.4,9.29,4.18,12.51,23.12,0.4,75.3,2.75,8.28,17.97,0.68,8.1,5.06,2.65,28.15,715.92,983.65,552.43,49.97,208.6,3.0,6.28,0.2196543911326091,0.0627583511266294,0.1692347672386935,0.0146797887188207,0.5976305206865253,0.7803456088673908,0.1111351348541691,0.4191924450256037,0.0765361629658372,8.013167070459192,5.93,12.46,19.88,13.22,22.44,5.3,77.56,73.0202549181974,58.38988236106118,2,0,2,0
728,대주산업(주),3310,17-Dec,제조업,40.54,3.15,6.03,15.26,11.75,0.17,24.78,6.12,4.57,13.13,1.06,5.47,8.19,1.78,66.93,130.69,270.11,83.07,7.45,17.33,2.75,3.34,0.40096391442018,0.0334147884097664,0.0420933893529307,0.0098056472444939,0.2982545258741229,0.59903608557982,0.1762377577456269,0.6826246039223394,0.0444451703270362,7.925652312002948,9.69,10.31,0.54,17.35,21.81,8.72,78.19,10.89106211962998,39.77165321617383,2,0,2,0
279,(주)아이윈플러스,123010,17-Dec,제조업,83.25,-22.7,9.38,11.7,-7.82,1.92,31.19,6.1,5.39,18.94,0.57,-28.41,5.27,0.97,108.83,86.27,387.12,67.21,-5.47,22.44,1.04,-12.91,0.5211460624725033,-0.1290568943466529,0.0894602397712274,0.0291920185291386,-0.1052025590262501,0.4788539375274967,0.1413921814718977,0.6560885485408418,-0.1245108259015056,7.338870668764539,-22.26,-32.25,-50.72,42.06,-7.76,7.83,107.76,-9899.659241496813,-716.4980901994005,2,0,2,0
556,(주)코디엠,224060,17-Dec,제조업,10.01,-5.51,-5.87,-76.1,-1.59,2.32,164.59,-7.08,7.72,11.16,1.14,-9.28,7.14,15.64,10.25,505.44,450.06,423.36,36.8,247.83,2.54,-6.27,0.0930097471355143,-0.0626935382206659,0.2249685622185552,0.073385826418491,-0.0643940199972295,0.9069902528644856,0.1590575825394394,0.5411847446905312,-0.0522828212460036,7.784983279290962,-10.6,-42.94,66.07,2.54,11.31,9.46,88.69,14.724695379570884,25.231491358290125,2,0,2,0
74,(주)동운아나텍,94170,17-Dec,제조업,40.28,-5.68,0.24,0.81,-13.85,0.19,1593.88,0.31,18.36,18.43,1.28,-10.53,5.02,96.65,61.74,249.94,886.15,167.15,37.34,49.3,4.17,-7.29,0.3817349315379261,-0.0729003456050114,0.1227496890332018,0.0098442901256268,0.4813704777983541,0.6182650917537224,0.2793705052011023,0.3776229074666596,-0.0419885774561445,7.632799773950011,0.42,-8.72,0.58,19.8,24.67,5.83,75.33,-222.5650347153856,-334.53242055831254,2,0,2,0
482,(주)장원테크,174880,17-Dec,제조업,53.78,-3.54,9.04,24.57,3.55,0.8,47.74,8.98,29.33,26.0,0.94,-5.24,10.91,1.74,57.6,109.71,1873.44,89.52,3.31,44.94,2.54,-3.31,0.365483861963453,-0.0331027080062883,0.1533514326384103,0.0227854890626515,0.3626842178058654,0.6345161492422056,0.1088118333052899,0.6256326504743182,0.0298035993137641,7.950562612952942,-10.94,-18.55,-12.44,20.65,14.07,13.01,85.93,-44.72458764165349,-194.71863948644227,2,0,2,0
0,(주)CMG제약,58820,17-Dec,제조업,11.11,6.83,6.34,22.67,2467274.0,-2.82,84.87,2.4,0.76,12.51,0.38,2.85,3.01,2.51,11.87,746.28,179.9,673.66,64.2,34.9,3.86,2.57,0.1060904439997268,0.025707789169905,0.0346725202167093,0.0,-0.0310100417591232,0.8939095560002732,0.3967544410349987,0.2586593113420466,0.014133946883767,8.03968434077042,-1.27,3.12,25.98,0.0,43.43,5.81,56.57,-9.94630660758641,64.06674016650318,2,0,2,0
133,(주)멕아이씨에스,58110,17-Dec,제조업,13.16,-22.77,-18.43,-10.68,-1.78,5.26,24.09,-6.97,3.21,12.68,0.36,-21.98,5.07,0.71,188.0,794.99,293.6,538.75,31.75,341.89,0.57,-8.2,0.6527755634023348,-0.0820054542404422,0.1561686803290675,0.0383988847169639,-0.0809995477251136,0.3472244365976652,0.5327079261359079,0.6368621796272632,-0.0428244212417538,7.356844046769307,-9.15,-17.62,8.61,60.4,41.38,3.25,58.62,30.827536404353378,-8.099780269746201,2,0,2,0
635,(주)포인트엔지니어링,176560,17-Dec,제조업,60.53,14.01,28.0,51.06,19.21,1.12,66.25,21.34,39.93,32.15,0.76,18.3,5.19,1.44,71.82,110.33,3047.94,100.53,3.64,52.59,1.82,10.68,0.4179930691622996,0.2136468187544886,0.1852383086425179,0.0373007227088706,0.5243867005700898,0.5820069308377004,0.1275937112856867,0.6113506226583306,0.2994513150984116,7.812500126014343,0.0,0.0,0.0,29.59,32.4,22.08,67.6,0.0,0.0,2,0,2,0
413,(주)웹스,196700,17-Dec,제조업,60.36,-2.53,4.86,5.51,1.21,1.61,26.03,2.26,8.96,10.23,0.46,-1.96,9.61,1.07,69.51,109.1,1137.4,80.14,3.24,48.08,1.15,-1.17,0.4100554001328113,-0.0117392758211373,0.1712153005145017,0.020423156599406,0.2966281851176388,0.5899445998671887,0.2332377518822945,0.6114736441386021,0.0099529619019913,7.819715086221421,-0.34,6.06,12.59,36.3,25.47,4.72,74.53,-65.12465093658396,-139.9277282904609,2,0,2,0
946,피씨엘(주),241820,17-Dec,제조업,2.64,-764.45,-600.38,-695.03,-516.62,-1.77,-38.63,-19.14,0.12,-7.19,0.04,-33.8,2.35,0.2,2.83,3144.36,346.07,3143.01,78.1,281.47,0.54,-31.23,0.0275433225064734,-0.3123295236941305,0.0722063718482406,0.0084225700603239,-0.6053897767219215,0.9724566774935266,8.439447193985913,0.1933641820830094,-0.3299076057319874,7.2006807126494765,78.3,88.95,-14.03,0.0,36.47,65.91,63.53,-71.52195590353436,-65.31011063905419,2,0,2,0
76,(주)동일기연,32960,17-Dec,제조업,9.21,21.12,15.21,74.1,2467274.0,-2.21,522.16,7.27,7.35,31.78,0.5,11.87,8.97,7.73,10.88,951.9,1340.19,779.71,70.79,55.65,5.12,10.56,0.0981276711755356,0.1055554230643412,0.0462438394611828,0.0,1.1228271152106255,0.9018723288244644,0.3458159278852574,0.20905791644298,0.0346522747435943,7.857354482032909,9.46,16.32,21.74,0.0,41.52,3.5,58.48,120.54166458810248,36.739897818484245,2,0,2,0
744,동일금속(주),109860,17-Dec,제조업,17.1,5.34,6.71,24.05,15.2,-3.07,40.01,3.92,20.36,8.75,0.59,3.7,12.26,2.55,19.48,210.28,2899.92,140.67,15.79,26.46,3.69,3.14,0.1630482349806822,0.0314017302294305,0.0378799805732886,0.0095318094001475,0.665922278252812,0.8369517650193178,0.0622196415900965,0.6989985732100024,0.0231047911636189,8.086356388343368,1.36,66.64,20.71,6.0,10.15,6.42,89.85,78.51683341536877,3.2795027414682285,2,0,2,0
809,아미코젠(주),92040,17-Dec,제조업,39.11,-4.85,15.72,24.33,1.96,1.12,34.06,7.08,15.75,13.32,0.48,-5.4,4.86,1.15,41.06,159.99,1858.95,101.14,16.64,29.73,1.7,-2.31,0.2910592717797772,-0.0230784149385359,0.0824399274849348,0.0223244931571859,0.1268247593525407,0.7089407282202228,0.3109229759777132,0.5563479694720069,0.0122356907544243,8.2135568337729,11.74,31.76,6.81,14.27,33.67,3.25,66.33,-54.62833645092456,-287.91329443008743,2,0,2,0
483,(주)정다운,208140,17-Dec,제조업,50.7,12.27,11.12,32.09,15.48,0.27,88.22,13.29,39.75,34.16,1.26,29.03,16.66,3.2,70.69,187.08,1914.32,177.92,25.87,16.95,2.7,15.42,0.4141367675463092,0.1542450566509396,0.0503448256516915,0.0239691810737605,0.3657940035895404,0.5858632324536908,0.104734784707038,0.4443032850977499,0.1728708190812564,7.828521615521599,10.95,20.96,39.44,29.88,24.22,21.3,75.78,239.7633851081189,1120.3847508373242,2,0,2,0
968,한양디지텍(주),78350,17-Dec,제조업,39.81,-2.84,4.2,16.73,-14.8,0.13,36.45,5.47,15.34,14.33,1.23,-5.23,10.19,3.2,48.59,96.12,792.77,83.68,-1.04,32.6,3.69,-3.48,0.3270273866814649,-0.0348429756504184,0.087334645809258,0.0086908769128499,0.4475763162283056,0.672972613318535,0.1205825053224335,0.7425114662244465,-0.042869553231291,7.770118111424693,-10.68,-27.37,-13.03,6.35,8.57,16.92,91.43,-634.9567084422036,-214.18156025909937,2,0,2,0
316,(주)에스텍파마,41910,17-Dec,제조업,13.08,3.96,20.04,58.97,11.32,0.32,36.91,7.91,6.59,13.47,0.39,1.88,4.14,1.04,15.49,421.85,1424.27,294.09,36.46,195.67,2.31,1.56,0.1341064336657123,0.0155865901266801,0.2216637618091073,0.0135582229385968,0.4815177988214906,0.8658935663342877,0.2240967933330229,0.5221092575087848,0.0260882454478577,7.986104068871646,-0.64,0.77,-11.94,6.2,29.04,2.66,70.96,-8.660300822702274,-63.48873339132347,2,0,2,0
102,(주)딜리,131180,17-Dec,제조업,8.13,4.99,6.13,66.04,2467273.56,-0.59,74.0,5.08,17.34,12.99,0.85,4.55,8.89,4.81,8.34,850.69,1930.23,674.51,56.35,137.63,13.57,4.25,0.0769899343244942,0.0424797923205769,0.103311216864503,2.665127289144457e-07,0.694650406084672,0.9230100656755056,0.2361173665798643,0.3614389755744054,0.0412461072980484,7.787984591744695,5.34,6.29,31.74,0.0,28.46,6.47,71.54,-34.07216679412546,-38.54465424776139,2,0,2,0
449,(주)이미지스테크놀로지,115610,17-Dec,제조업,13.42,-18.77,6.27,45.65,2467274.0,-0.5,-434.29,5.68,7.2,-3.22,0.82,-17.52,10.76,88.15,14.2,648.54,694.24,489.86,64.47,182.84,6.0,-15.3,0.1243570866442822,-0.1529890827578338,0.2148859079061754,0.0,0.3012182787115417,0.8756429133557178,0.269691734044112,0.2378103312793286,-0.1556759398417793,7.484012212697078,-18.25,-26.83,-38.67,0.0,7.87,4.11,92.13,-948.9210821529106,-758.1281757630084,2,0,2,0
229,(주)슈프리마에이치큐,94840,17-Dec,제조업,3.32,16.25,16.87,72.86,2467274.0,-2.81,117.03,3.74,5.47,5.43,0.22,3.95,6.73,5.53,5.4,1345.01,2315.58,1223.12,39.22,323.12,4.24,3.66,0.0512761687611942,0.0365649874750674,0.1017876227025401,0.0,0.7892740735052409,0.9487238312388058,0.2193904349328089,0.5762998552738625,0.0291511107406161,8.111543063982808,3.25,1.09,-10.86,0.0,34.9,5.95,65.1,2.0375339103013044,20.60629861049008,2,0,2,0
354,(주)엘디티,96870,17-Dec,제조업,6.57,-40.33,-13.75,-153.3,2467274.0,-0.39,23.94,-10.98,2.8,4.79,0.65,-29.57,8.47,3.94,7.71,749.65,325.02,488.2,39.61,273.98,5.42,-26.05,0.0716193236667039,-0.260456695087566,0.1670681288736027,0.0,-0.2143351391505163,0.928380676333296,0.2313526027112912,0.5428733664819447,-0.0684088105249091,7.067821309730542,-32.13,-28.7,22.32,0.0,12.54,4.16,87.46,31.76545911651153,-57.11893650002191,2,0,2,0
98,(주)디지아이,43360,17-Dec,제조업,5.96,2.19,2.69,17.09,32.97,-1.04,33.15,1.27,5.5,8.03,0.47,1.11,3.09,1.93,8.0,972.42,1082.1,877.25,48.18,12.18,6.26,1.03,0.0741152911585502,0.010287198864892,0.0067235622573994,0.0041443099534343,0.6636013988267764,0.9258847088414498,0.2395166775653197,0.4630147888973757,0.0102790599272167,7.7209226512794356,0.02,-5.78,30.41,0.63,26.14,7.35,73.86,408.1100081029781,512.3533652513079,2,0,2,0
54,(주)대성미생물연구소,36480,17-Dec,제조업,10.16,6.48,10.82,57.98,77.35,-0.33,76.5,7.48,12.65,28.39,0.68,5.25,6.91,1.86,14.81,622.51,1594.55,402.14,46.26,170.39,4.34,4.43,0.1289719338129601,0.0442550089499278,0.1508575055029893,0.0046520790111683,0.6369687088540807,0.8710280661870399,0.217679931277532,0.4488542630065344,0.0566499596895596,7.541360281875452,-2.32,-6.82,-21.94,3.45,30.06,3.63,69.94,-59.69477259559734,-65.34783890362806,2,0,2,0
465,(주)인바디,41830,17-Dec,제조업,4.67,20.73,19.74,334.16,2467274.0,-0.89,156.86,16.43,13.63,44.17,0.89,19.44,8.02,3.12,5.17,1509.12,1556.25,1296.08,62.62,225.85,18.22,18.49,0.049172368122775,0.1849091166368801,0.1003634688032541,0.0,0.9216317787645936,0.950827631877225,0.4778432468420855,0.3293801382899822,0.23818401301807,8.049313964009148,15.42,16.76,16.79,0.0,74.49,9.39,25.51,12.971969122938445,13.78385955601839,2,0,2,0
295,(주)앤디포스,238090,17-Dec,제조업,8.98,15.42,16.98,72.78,151.55,-1.94,36.69,9.58,6.95,18.78,0.58,10.03,6.57,1.85,15.16,592.37,1068.64,539.26,38.4,95.72,5.11,8.89,0.131674484372626,0.0889444380391366,0.0746564209682814,0.0058541235658575,0.3594667310223994,0.8683255156273739,0.139842134909037,0.5380090585769745,0.1001800016359978,7.967202762135278,4.43,-45.21,-25.84,0.7,31.35,14.78,68.65,-45.9173731341579,-45.92720746481418,2,0,2,0
419,(주)위지트,36090,17-Dec,제조업,18.78,11.42,12.25,19.76,7.98,0.08,90.56,5.59,1.13,17.82,0.54,8.17,4.52,2.29,39.41,231.88,166.63,168.22,17.77,88.65,2.36,6.18,0.2826937913805772,0.0618070009740437,0.1194476868334694,0.0316348003352535,0.157502464685875,0.7173062086194228,0.1547198334523924,0.687574915466173,0.0578671015127725,7.93396441046128,45.89,-15.93,21.59,17.23,26.17,6.83,73.83,3.3350824334348994,5.8616472089247775,2,0,2,0
409,(주)월덱스,101160,17-Dec,제조업,95.27,7.78,11.02,17.28,5.82,2.18,100.48,8.91,10.97,39.67,0.79,13.94,7.12,1.91,106.4,103.1,645.55,55.18,1.43,19.71,1.42,6.15,0.5155015924003331,0.0614799424635292,0.0909563611846206,0.0311952270862252,0.1456189927347833,0.4844984167057057,0.1505056474706743,0.5240987858062424,0.1011480711629598,8.040670500804199,-4.38,4.52,27.77,40.54,27.85,3.62,72.15,205.1867397129577,1294.874156481835,2,0,2,0
283,(주)아이티엑스에이아이,99520,17-Dec,제조업,55.94,-1.08,-3.68,-10.67,1.01,0.84,64.77,-4.11,4.07,18.61,1.16,-2.14,7.96,3.7,62.56,160.02,208.53,80.19,20.65,2.97,2.83,-1.26,0.3848496270774452,-0.0126065998287839,0.0102275658848956,0.0351594168612369,-0.4364806616293935,0.6151503729225548,0.2549652350013824,0.4493750107491128,0.0146152701990542,7.445748632760206,9.14,19.13,26.83,26.76,26.75,4.73,73.25,1208.8425087250655,95.1413140073948,2,0,2,0
11,(주)국영지앤엠,6050,17-Dec,제조업,21.36,2.28,-2.43,-11.33,17.57,-0.06,30.51,-2.31,3.64,14.66,0.95,2.78,16.26,1.98,25.64,266.88,301.54,238.44,28.37,64.83,4.4,2.17,0.2040734269050868,0.0217288179847911,0.1102408856071501,0.0056121298081569,0.3132517870152709,0.7959265730949131,0.0278893044203843,0.5462187698758334,0.0214061088600539,7.820208042840748,0.65,1.42,22.16,4.16,5.03,17.33,94.97,466.7860228665581,271.36520338363124,2,0,2,0
535,(주)케이씨피드,25880,17-Dec,제조업,68.28,8.47,6.26,10.63,2.71,0.16,40.81,4.73,9.7,11.31,0.75,12.24,4.03,2.63,79.99,136.76,698.42,118.3,13.95,47.66,1.58,6.38,0.4444064400456224,0.0637683934939947,0.180830404528324,0.0210235428094909,0.3934621505220992,0.5555935599543775,0.1199655854173445,0.4811557880625691,0.0271479481802596,8.023298471828603,-0.72,5.96,-1.35,34.88,15.6,10.74,84.4,51.18814781468628,794.7546253294342,2,0,2,0
817,알리코제약(주),260660,17-Dec,제조업,137.29,4.68,10.37,19.58,14.73,0.83,70.19,12.82,32.23,21.3,1.44,19.85,6.96,4.03,189.67,109.02,620.72,79.07,4.27,20.03,2.17,6.71,0.6547775645829917,0.0671431375390446,0.0949334691364166,0.0183052826878832,0.2718611322961897,0.3452224354170082,0.4829351798177484,0.483309778312076,0.1784061289208116,7.761524591426485,38.48,48.1,48.0,23.93,60.73,8.86,39.27,96.47348859604652,46.3727513425851,2,0,2,0
132,(주)메타바이오메드,59210,17-Dec,제조업,117.46,-6.08,3.66,3.3,1.3,2.35,38.9,2.0,5.97,14.5,0.55,-8.41,5.32,1.38,153.12,78.53,420.69,52.18,-9.96,9.85,0.94,-3.31,0.6049237837027059,-0.0331395607352085,0.0457341739896175,0.0256101192675761,0.0589097904937945,0.395076216297294,0.2811707972575999,0.6355681017906349,0.0194658163063132,8.077966277754694,-0.34,-6.67,-0.67,50.12,31.69,4.32,68.31,-41.97062647536605,-630.5496530861642,2,0,2,0
318,(주)에스티오,98660,17-Dec,제조업,83.41,-0.15,4.86,12.04,1.16,0.98,82.45,6.28,21.59,18.04,1.25,-0.4,22.19,5.63,108.94,160.87,796.23,38.37,24.3,9.46,2.32,-0.19,0.5213887555595127,-0.0018638520722039,0.0377596708285622,0.0239520004856922,0.4061802594903256,0.4786112444404873,0.5489618565357516,0.3577740132431024,0.0149087039732525,7.847148360914404,-6.8,-4.83,-9.64,27.54,56.09,2.53,43.91,-78.5252311964715,-104.2277831886908,2,0,2,0
172,(주)비엠티,86670,17-Dec,제조업,68.74,4.81,11.93,19.13,7.68,1.08,40.77,7.81,15.62,16.49,0.66,5.44,4.03,1.65,68.93,136.37,1441.71,75.49,14.8,11.76,1.62,3.2,0.4080360350296373,0.0319567314600374,0.0478714836873827,0.0198200750666187,0.3419424023413416,0.5919639546877546,0.2022658497071539,0.445087911774236,0.0625050939121539,7.987896719418374,3.09,-0.29,54.74,32.5,29.64,2.84,70.36,617.0493963512519,357.653921773265,2,0,2,0
705,국일신동(주),60480,17-Dec,제조업,7.27,8.94,9.67,49.41,817.49,-0.03,27.35,6.76,6.01,16.53,0.72,7.49,3.34,1.16,15.86,620.73,741.03,414.79,32.66,59.66,5.03,6.42,0.1369122512023242,0.0642169511072768,0.0374140175602996,0.0007205275349144,0.7481739414418204,0.8630877487976757,0.0550923434650494,0.6107284021418652,0.0840780131969162,7.677683704750501,5.45,12.78,20.24,1.05,17.22,6.24,82.78,448.4519363980956,678.1788490430466,2,0,2,0
450,(주)이브이첨단소재,131400,17-Dec,제조업,116.76,1.34,4.3,9.29,3.0,1.77,43.61,5.07,10.16,23.45,1.21,3.59,6.54,2.13,120.46,83.93,385.37,67.12,-8.51,23.7,2.21,1.62,0.546396211334299,0.0162371865933543,0.125597584184483,0.0399339698761836,-0.0487531475021768,0.453603802221127,0.1265573751741399,0.5554761779922884,0.0656140538966361,7.867886824423405,5.19,29.93,43.1,28.81,18.08,15.34,81.92,209.981738208518,574.3281865080078,2,0,2,0
333,(주)에이텍티앤,224110,17-Dec,제조업,52.11,28.12,46.08,47.01,74.94,-0.37,46.24,17.57,15.33,9.47,0.38,23.06,2.76,1.86,59.69,180.16,1428.56,128.28,26.16,46.46,1.02,10.72,0.3737904094125011,0.1628612036366761,0.1516086364466169,0.0022065288715301,0.0985993856390806,0.6262095999016426,0.1460414457375978,0.4121153258646319,0.0524241383688144,8.030857065361452,0.0,0.0,0.0,6.93,23.66,2.25,76.34,416.1571790882844,1464.8455169189283,2,0,2,0
718,다믈멀티미디어(주),93640,17-Dec,제조업,65.76,-22.63,-6.5,-17.06,-18.12,0.16,1621.91,-10.78,5.63,22.71,1.42,-68.4,25.63,132.08,171.62,305.38,124.57,266.33,49.73,42.76,2.66,-32.03,0.6318340688322777,-0.3202579257218935,0.1035232106528574,0.0224759201601858,-0.7666784775986192,0.3681658406856083,0.4325744587179704,0.2606161759580336,-0.2165564472438377,7.043437261038299,-25.63,-29.52,-28.55,38.91,27.95,20.05,72.05,-1763.6822381138743,-5134.221062848823,2,0,2,0
576,(주)큐에스아이,66310,17-Dec,제조업,3.89,3.32,12.36,113.75,2467274.0,-2.04,78.04,5.08,5.47,19.32,0.41,1.43,4.97,1.52,4.68,1355.85,1269.96,1010.84,46.72,524.5,8.69,1.36,0.0446963689307066,0.0135949432564219,0.2031730635985746,0.0,0.5622749896977569,0.9553036310692932,0.2028534996515886,0.4956101404058288,0.0193038424769691,7.74055551291313,-0.9,-13.96,2.76,0.0,25.0,3.06,75.0,19.32669639941489,-47.03230786039283,2,0,2,0
69,(주)동방선기,99410,17-Dec,제조업,7.11,-19.09,7.64,31.95,2467274.0,-0.51,34.78,4.21,2.85,19.27,0.5,-10.85,2.71,0.98,15.17,705.88,449.65,606.15,37.43,308.18,4.22,-9.56,0.1317034367186366,-0.0953524762533002,0.1903874727741703,0.0,0.1210672339840531,0.8682965347595749,0.0989229206004613,0.5639178555379972,-0.0172618939341031,7.544823245878301,-16.56,28.62,-33.93,0.0,6.44,7.78,93.56,-137.1263393570196,-62.24447609592012,2,0,2,0
687,(주)휴메딕스,200670,17-Dec,제조업,10.17,24.44,14.96,51.94,84.41,-0.89,71.63,6.37,12.39,23.17,0.42,10.69,3.19,1.43,13.97,569.01,2399.75,490.63,41.87,331.12,3.23,10.3,0.1225482739582161,0.1029794521381082,0.2956049416185976,0.0082853406838746,0.293244530903277,0.8774517260417838,0.225058351436519,0.4920208950333247,0.0912945049214583,8.109337076845417,-1.93,-20.74,16.11,7.77,44.17,8.61,55.83,-7.636354997914559,27.75632116371149,2,0,2,0
20,(주)나노엔텍,39860,17-Dec,제조업,69.31,-8.7,-2.76,-3.53,3.38,1.72,54.33,-1.55,1.95,17.91,0.54,-8.41,3.92,1.61,78.54,137.62,193.97,101.73,14.61,59.37,1.23,-4.71,0.4399089391203604,-0.0470534966874168,0.2304533860550424,0.0255312394425441,-0.0930281962457495,0.5600910608796397,0.3659091106681243,0.4657470247271789,0.0379756576544438,7.627057397994816,-7.3,3.25,7.22,29.6,43.61,3.82,56.39,679.124028495473,85.99776903181548,2,0,2,0
444,(주)이녹스,88390,17-Dec,제조업,22.99,363.52,-11.3,-6.77,-5.81,2.67,205.24,-1.99,8.52,11.67,0.16,115.54,1.41,0.75,41.7,175.21,3499.46,132.58,12.21,57.02,0.42,58.38,0.2942685844706615,0.583778413910709,0.0925345059386513,0.0242529137608555,1.0432864243855928,0.7057314155293385,0.5584191092261811,0.7156614016371441,-0.0534623063179123,8.417866160636907,-16.31,-52.43,-80.16,22.32,22.55,1.43,77.45,-261.4614809104638,5216.815056603355,2,0,2,0
805,씨아이에스(주),222080,17-Dec,제조업,131.8,-28.73,-38.8,-15.99,-89.66,-0.69,-27.2,-9.17,4.87,-2.47,0.24,-15.95,0.92,2.42,134.38,155.16,863.35,115.17,31.02,30.69,0.41,-6.79,0.5733345236993012,-0.1357436417579332,0.1725768237500327,0.0016892986868016,0.2024110173633106,0.4266654763006988,0.3333418446371359,0.1274342199597552,-0.0868384452290454,8.043707371583722,0.0,0.0,0.0,1.81,14.95,1.05,85.05,0.0,0.0,2,0,2,0
926,케이맥(주),43290,17-Dec,제조업,20.8,-7.96,-3.15,-10.67,-0.33,1.37,84.61,-3.59,26.31,13.71,0.97,-12.94,2.0,4.97,50.76,477.61,1528.72,457.77,52.11,18.05,2.43,-7.76,0.336681621516762,-0.0775689011095191,0.0249163112053683,0.0384271174508953,0.2983554489572659,0.6633183784832379,0.2922234787089978,0.3408786974599431,-0.0050172477373466,7.896315296467685,-25.55,-23.4,0.47,20.25,28.71,25.94,71.29,-103.8927275124374,-173.61586871582213,2,0,2,0
380,(주)오이솔루션,138080,17-Dec,제조업,37.06,-2.33,-0.42,-1.1,-3.98,0.43,67.03,-0.33,23.71,20.42,0.82,-2.92,4.07,2.57,43.48,230.77,1729.98,154.82,33.77,88.37,2.4,-1.92,0.3030488585038199,-0.019205375044151,0.2282351483692577,0.0151232795770086,0.3533026741185736,0.6969511310855808,0.320361068022676,0.4040280586470697,-0.0206185959462471,7.982524271562456,6.81,8.17,-3.92,20.82,29.53,4.2,70.47,-140.61246125120869,-129.14711767259527,2,0,2,0
983,휴림로봇(주),90710,17-Dec,제조업,197.2,2.44,2.53,3.64,1.89,2.97,147.47,2.44,8.92,13.98,1.22,9.16,3.99,9.8,202.35,65.2,221.81,57.38,-22.7,17.08,1.81,2.98,0.6692577802934847,0.0297822284044552,0.1148301797677992,0.0585404276874599,-0.2333968752301433,0.3307422197065153,0.1531572112401761,0.5747696906993699,0.0746917162478084,7.871552989063036,74.57,-4.11,58.56,47.49,21.43,17.58,78.57,168.88205086554115,59.58825506644283,2,0,2,0
297,(주)야스,255440,17-Dec,제조업,17.08,18.77,14.03,62.33,141.98,-0.25,126.59,9.62,13.3,22.47,0.69,15.22,7.52,3.48,18.26,509.37,1639.86,489.6,59.13,37.32,4.44,12.87,0.1544153326811985,0.1567376171156409,0.0539054441262334,0.0048675343334802,0.3843308634910785,0.8455846593919103,0.1123116773166438,0.2643027969060487,0.1713447361615553,8.100897104258454,0.0,0.0,0.0,0.3,31.75,24.02,68.25,10.579208975899917,24.318241542093745,2,0,2,0
762,바디텍메드(주),206640,17-Dec,제조업,31.43,-5.97,12.05,16.76,2.47,1.56,70.09,5.86,2.37,17.87,0.53,-3.0,4.11,1.98,53.78,268.28,291.28,213.17,34.39,103.03,2.06,-3.16,0.3497209950409997,-0.0315533352431167,0.2105645565931373,0.0454605346627017,0.2599528335783741,0.6502790049590004,0.5056565719137657,0.4517302177422874,0.0288867018833147,8.034092203088063,19.14,42.72,-4.33,26.27,56.03,4.87,43.97,-76.800072854498,-125.49661388822034,2,0,2,0
57,(주)대창솔루션,96350,17-Dec,제조업,109.27,-26.48,-6.15,-3.24,-2.64,5.42,6.12,-1.92,5.82,4.66,0.3,-19.8,4.71,0.4,144.26,38.99,617.27,16.0,-27.29,1.09,0.51,-7.98,0.5906040258193948,-0.0798005258811891,0.0048615245349491,0.0357442922577199,0.1190066852333613,0.4093959668991678,0.1643501810666612,0.8255655565290029,-0.056257295685576,8.137782876238521,-6.28,-19.86,-13.28,47.84,-2.23,3.03,102.23,-32.04420867103938,-35.26948575031918,2,0,2,0
706,국일제지(주),78130,17-Dec,제조업,81.55,4.03,-4.57,-4.1,0.2,-2.11,66.29,-1.88,3.79,11.67,0.42,3.14,4.18,2.31,84.89,98.77,495.88,73.57,-0.54,8.23,0.92,1.7,0.459148198725118,0.0169712049358093,0.0362885225947882,0.0325573299312469,0.3183461086794224,0.540851801274882,0.1323991784547006,0.564402074407387,0.0029810963722679,8.028214513034715,4.63,12.55,8.77,38.16,13.95,3.6,86.05,177.9857915195925,660.1768819806227,2,0,2,0
87,(주)디스플레이테크,66670,17-Dec,제조업,10.78,5.7,-0.78,-3.5,31.42,-0.44,41.03,-0.39,8.85,6.79,0.48,3.22,4.36,2.75,12.46,435.94,1587.47,410.71,32.21,12.78,3.05,2.71,0.1107592257029808,0.027141060911301,0.0122491664193699,0.009527796620596,0.8030835590650356,0.8892407742970191,0.0513095437320977,0.5820700341506856,0.0468248234520121,8.222310822351519,-7.45,-20.8,-7.26,4.04,14.96,25.21,85.04,80.36726474079163,18.591216983378843,2,0,2,0
869,와토스코리아(주),79000,17-Dec,제조업,2.4,17.0,21.43,150.58,2467274.0,-4.51,76.76,6.1,6.54,12.07,0.29,5.13,4.34,1.88,4.22,3040.54,2124.06,2909.42,67.69,218.76,7.55,4.93,0.0405019802822879,0.0493322412847536,0.0503610887291726,0.0,0.822697301544689,0.959498006431596,0.1887407028831787,0.3000422950213389,0.0479270331098603,7.876601963532392,4.01,5.66,20.96,0.0,35.39,8.15,64.61,38.29087439317613,7.265208903991562,2,0,2,0
612,(주)파루,43200,17-Dec,제조업,11.51,-96.71,-49.9,-173.36,-22.5,1.44,-65.9,-21.0,2.02,-24.63,0.32,-36.29,3.42,1.03,13.78,419.48,403.81,279.75,32.32,91.88,1.59,-31.26,0.1211061718788507,-0.3125587475036832,0.0960139998276196,0.0564353524766417,-0.161892754518492,0.8788938281211492,0.7463833148496452,0.5756317846897493,-0.2584023654486997,7.836423510920057,-37.65,-61.11,-72.68,2.66,-5.32,2.31,105.32,-559.9468102276436,-957.8879254323342,2,0,2,0
901,자안바이오(주),221610,17-Dec,제조업,40.17,-0.77,11.34,34.99,3.73,0.05,82.21,10.26,22.93,16.83,0.85,-0.94,3.74,4.24,41.5,246.48,1790.53,194.46,41.58,96.37,2.75,-0.65,0.2932960698388869,-0.0065106068883548,0.2735821467952431,0.0130273947959108,0.299253466311891,0.706703930161113,0.2982773605092346,0.300286434351912,0.0149611396767218,7.704049278378417,-11.76,-14.13,-17.3,7.01,31.59,5.75,68.41,-86.92537568693199,-106.5285159733642,2,0,2,0
322,(주)에쎈테크,43340,17-Dec,제조업,86.26,0.94,8.36,21.71,0.72,1.2,91.82,10.22,1.84,23.5,1.07,2.19,3.73,4.31,88.95,130.37,79.52,66.53,13.86,0.53,1.97,1.0,0.4707621519372693,0.0100151506739095,0.0024044318219929,0.0243316133344754,-0.1525268035947191,0.5292378665509648,0.0775192784491961,0.4048397833667052,0.0095147253989263,7.733104568262836,-22.3,-36.72,-9.31,24.88,8.64,3.96,91.36,-79.05548971246142,-65.67486738050945,2,0,2,0
915,조아제약(주),34940,17-Dec,제조업,31.02,2.34,0.22,0.42,0.58,0.57,123.29,0.15,4.16,29.22,0.74,3.18,2.57,2.84,57.03,319.72,382.73,264.55,43.4,64.12,2.02,1.74,0.3631940462111134,0.0173659145451349,0.1266665922716848,0.018702112446338,-0.2196498826878143,0.6368059537888865,0.4767927421756159,0.3684487226241932,0.0040054207801637,7.921781011362484,11.21,17.93,5.97,19.96,48.22,7.47,51.78,6674.110099337749,1110.8774397749253,2,0,2,0
578,(주)크린앤사이언스,45520,17-Dec,제조업,74.64,6.11,6.46,14.71,11.7,0.42,93.58,7.59,21.13,25.31,1.33,16.08,4.71,4.95,106.61,172.77,870.86,121.96,26.29,18.92,2.67,8.1,0.5159853718780424,0.0810325570374179,0.0683332283928335,0.0186320964500809,0.3388566398823489,0.4840146281219576,0.1378940876223821,0.37585901539519,0.1082155132271688,7.817381135423376,29.67,18.33,28.58,28.35,21.95,7.84,78.05,44.5318682509814,31.17096059148949,2,0,2,0
265,(주)아스타,246720,17-Dec,제조업,43.48,-417.26,-636.57,-71.4,-47.72,-0.76,-6.92,-27.83,0.24,-0.29,0.07,-45.63,4.47,1.28,63.89,243.36,306.3,219.74,38.03,44.84,0.17,-28.38,0.389846474530233,-0.2837878940764911,0.1189758427915428,0.0183367618782185,-0.3966374397296182,0.610153525469767,5.350009961681377,0.3544116027000116,-0.342843669457841,7.3737680622031,249.89,164.32,331.56,32.85,30.91,0.88,69.09,-1.029766603035975,16.491058480487535,2,0,2,0
766,비디아이(주),148140,17-Dec,제조업,158.17,3.79,-11.8,-17.18,6.45,0.69,98.85,-11.55,35.94,13.33,0.98,11.41,1.67,7.26,205.17,148.95,1199.18,148.95,25.37,9.67,1.46,3.71,0.6723169211011446,0.042251548903348,0.0501299152608375,0.0143712885683667,0.1140893334895473,0.3276830685790701,0.0448898888871408,0.2280087929936831,0.0660466786161493,7.986329339032198,0.0,0.0,0.0,35.14,10.41,0.0,89.59,-17.50332996913544,-8.988183615020969,2,0,2,0
579,(주)클라우드에어,36170,17-Dec,제조업,36.52,-5.16,23.03,14.58,4.83,-0.73,17.19,4.02,0.66,2.63,0.2,-1.29,4.73,1.1,38.04,276.09,262.54,269.82,46.59,196.55,1.05,-1.04,0.275557488382082,-0.0104147028851641,0.5200333682334456,0.0193981922502077,-0.0870600130970274,0.724442511617918,0.2019885301813449,0.2695225916260898,0.0180198583548951,7.978394099847575,37.52,57.98,-6.07,15.75,29.12,11.06,70.88,34.95985795330252,-241.9009290903272,2,0,2,0
67,(주)동국알앤에스,75970,17-Dec,제조업,47.57,2.72,3.28,6.24,4.25,0.77,34.77,2.47,5.17,12.55,0.76,3.49,3.57,2.07,65.32,172.07,395.03,92.47,20.73,18.87,1.92,2.06,0.3951255838660828,0.0205585050692723,0.0542820785157803,0.0179289213530221,0.2930144546692327,0.604874424033153,0.1364272520301686,0.5049432469141675,0.0299825633626523,8.102414927013157,1.15,3.21,0.7,17.77,17.61,3.81,82.39,4.917219302476541,34.951704400265754,2,0,2,0
124,(주)맥스로텍,141070,17-Dec,제조업,94.93,-5.87,3.77,2.92,0.62,4.7,24.23,1.74,3.02,12.55,0.47,-6.67,4.08,0.77,148.05,106.19,261.14,102.59,2.37,19.82,0.81,-2.78,0.5968617920063255,-0.0278437221253178,0.0758485907737514,0.0428865432566317,-0.0753730351213363,0.4031382079936745,0.0965834727054491,0.5936193942881697,0.015523958639643,7.922223181347409,5.34,59.96,-3.59,39.3,12.93,23.78,87.07,377.4708369302964,74.11208809841423,2,0,2,0
40,(주)뉴로스,126870,17-Dec,제조업,95.51,-12.36,2.83,1.78,0.89,4.52,22.01,1.02,5.93,6.43,0.39,-10.83,1.52,1.17,135.5,143.02,656.22,103.09,17.45,15.93,0.72,-4.88,0.5753768615809167,-0.0487823982511581,0.0646150019956883,0.040726331534559,0.0865413042783756,0.4246231384190832,0.2678978689446658,0.4199743371059324,0.0200350139654171,8.09216444084474,19.75,18.46,1.53,43.07,31.87,2.29,68.13,38.46502498346011,-608.7744233231991,2,0,2,0
856,영풍정밀(주),36560,17-Dec,제조업,3.67,13.9,16.45,18.36,2467274.0,-5.9,44.52,2.92,8.36,6.03,0.18,2.99,4.52,1.13,18.93,622.7,3957.69,466.78,16.15,118.73,1.1,2.5,0.1591486504582888,0.0250095532416943,0.0366790415040048,0.0,0.3511183849354503,0.8408513495417111,0.1658702176793896,0.8076356694675234,0.0204141313932768,8.568972829691274,2.57,15.76,8.68,0.0,27.93,3.67,72.07,68.67576063706706,30.131781416116404,2,0,2,0
421,(주)윈팩,97800,17-Dec,제조업,111.81,-15.13,2.44,3.04,-1.86,3.28,37.26,1.62,3.68,22.28,0.66,-24.87,14.91,0.96,114.21,56.51,194.88,44.88,-22.7,29.34,1.11,-10.05,0.5331620862852453,-0.1005048637232343,0.1531226362517158,0.0459398899967822,-0.3080974624971789,0.4668379137147547,0.0574730797410758,0.7050287655381919,-0.0508434549184703,7.852216696004933,0.54,128.86,35.73,41.75,-1.91,12.07,101.91,62.432242712844456,44.82499927864501,2,0,2,0
941,테고사이언스(주),191420,17-Dec,제조업,32.03,-72.59,25.43,18.59,3.97,0.65,-33.45,4.54,4.53,-5.17,0.19,-19.99,3.01,0.62,32.32,208.62,1855.72,201.01,26.3,3.66,0.57,-13.49,0.2442420870616701,-0.1348608545095585,0.0088676797380846,0.0345735013790914,0.1374846227192816,0.7557579336042874,0.5551146912532406,0.4949612572193164,0.0448612283540238,7.684744466188508,8.39,-22.32,3.59,8.25,79.66,10.67,20.34,-10.586417055291902,-932.1145091630676,2,0,2,0
268,(주)아우딘퓨쳐스,227610,17-Dec,제조업,13.09,-0.63,-4.28,-32.46,-8.22,-0.07,89.35,-4.15,13.7,18.62,1.2,-0.93,4.69,4.7,14.64,636.4,918.89,532.96,61.22,28.49,6.49,-0.76,0.1277381536400626,-0.0075784318390649,0.0325191104617342,0.0082398641412888,0.2718590002566793,0.8722618463599373,0.3384198530693968,0.2736330305326932,-0.01255293966306,7.721585745744794,63.54,95.35,-10.15,0.0,32.8,9.57,67.2,-105.54466222093724,-103.52567594913064,2,0,2,0
253,(주)씨유메디칼시스템,115480,17-Dec,제조업,40.55,-5.4,5.76,17.17,-2.2,0.24,52.69,5.45,7.79,6.1,0.93,-7.53,4.07,7.97,46.55,202.53,540.49,125.16,28.37,40.63,2.81,-5.03,0.3176423018104016,-0.0503247581366962,0.1140070041685888,0.0293549567284343,0.1690690400154434,0.6823576981895983,0.2377264613384862,0.4396625560253052,-0.0214844685806549,7.790038679493599,-2.95,-12.73,6.91,21.62,21.47,4.65,78.53,-345.57055165437885,-79.34388023642582,2,0,2,0
942,티제이미디어(주),32540,17-Dec,제조업,8.43,2.0,1.53,7.03,89.16,-0.01,32.64,1.3,12.01,16.92,0.86,2.07,11.21,1.75,22.62,591.34,1162.75,291.93,33.79,144.08,4.84,1.72,0.1844418725107505,0.0171625857416669,0.0990999073968312,0.0014691527976207,0.6625884341344269,0.8155581274892495,0.22801989899708,0.5932768049927027,0.023200664483294,7.9949803158208175,2.71,-9.26,7.3,5.76,25.51,3.88,74.49,717.8150306981249,94.32676882932368,2,0,2,0
936,코위버(주),56360,17-Dec,제조업,19.65,11.98,11.51,26.04,29.42,-0.81,99.9,5.28,11.09,12.29,0.47,7.13,3.06,2.54,25.45,306.37,1925.97,238.87,32.33,132.89,2.16,5.59,0.2028717302733782,0.0558990338257536,0.2081762161889772,0.0081570902794674,0.6532702855490542,0.7971282697266218,0.2489269571120741,0.5200531443084973,0.0517485606151093,8.073174551875171,3.24,-14.58,-7.44,8.47,35.99,3.82,64.01,16.200753559282894,-1.6346989585382012,2,0,2,0
142,(주)미래생명자원,218150,17-Dec,제조업,19.5,-4.89,10.22,66.44,21.9,0.02,-11.64,13.51,23.93,-1.36,1.32,-8.11,7.73,7.54,25.53,516.62,1442.2,454.91,64.73,315.92,6.5,-6.46,0.203379402182044,-0.1292317058139694,0.4908132756216278,0.0219867794094455,0.4895845095697952,0.7966205978179559,0.1116517012033911,0.1973850858427598,0.0979453447650813,7.490805553039133,0.0,0.0,0.0,13.11,14.87,13.79,85.13,0.0,0.0,2,0,2,0
820,알에프에이치아이씨(주),218410,17-Dec,제조업,19.55,9.87,8.42,18.91,27.16,-0.32,50.17,3.37,5.63,11.33,0.4,4.99,3.81,1.73,21.69,430.26,1117.42,230.96,53.07,142.28,2.24,3.95,0.1782558432033206,0.0790171353195758,0.2322992604108709,0.0215085131006105,0.3952081137909747,0.8217441567966793,0.2084411324699346,0.30864195524672,0.1041508529910415,8.19054298566798,0.0,0.0,0.0,11.74,33.86,1.25,66.14,0.0,0.0,2,0,2,0
345,(주)엑시콘,92870,17-Dec,제조업,15.27,12.22,12.0,50.56,26.5,0.0,74.03,8.82,15.13,20.35,0.72,11.24,9.87,2.6,21.14,339.7,1694.9,224.81,30.21,50.54,3.33,8.83,0.1745064564649149,0.0883462344801181,0.0636857257005034,0.0141520534582139,0.5350102191152349,0.8254935435350851,0.2303574117085577,0.571935178695489,0.0814016783362109,7.960959153101281,-3.33,-9.11,48.99,11.48,34.3,5.82,65.7,144.99040067277832,60.89974466784784,2,0,2,0
108,(주)로보로보,215100,17-Dec,제조업,6.54,-7.76,-7.34,-38.84,164.64,-0.7,7.43,-4.31,8.74,0.86,0.59,-5.13,5.38,5.05,12.49,1128.01,1321.94,967.63,59.81,153.47,5.29,-4.56,0.1110306477109741,-0.0911218638523292,0.0901479764311149,0.0078467414666226,0.4102179723664708,0.8889693522890258,0.2831166640325481,0.343731891135568,0.1434361475971951,7.388451232612571,0.0,0.0,0.0,5.07,40.52,6.3,59.48,0.0,0.0,2,0,2,0
120,(주)마이크로프랜드,147760,17-Dec,제조업,12.42,10.98,8.48,52.73,96.88,-0.51,146.73,7.59,9.35,33.5,0.9,12.21,37.53,4.81,16.8,623.35,887.97,316.26,55.66,280.33,4.75,9.89,0.1438636981121449,0.0989494733294884,0.2981510677890721,0.0061535920845391,-0.0231425244606519,0.8561363018878551,0.1182242330167561,0.3370249007169445,0.1131961496029693,7.749048279586422,1.56,-14.56,12.09,3.81,24.38,3.03,75.62,16.53869103365617,18.41496550974097,2,0,2,0
381,(주)오킨스전자,80580,17-Dec,제조업,106.0,-2.63,2.86,3.4,0.07,2.33,57.67,1.97,12.68,26.98,0.69,-4.2,7.05,1.37,138.43,96.35,766.72,68.83,-1.62,6.97,1.19,-1.8,0.5805935488234661,-0.0180467463290205,0.0325303865336774,0.0328136560089861,0.0610380443512959,0.4194064511765339,0.159930929251823,0.5716565031216927,0.0013039027094567,7.755049147905781,-1.08,8.37,56.73,48.37,16.18,5.99,83.82,12406.53062866183,89.45075405333046,2,0,2,0
646,(주)플래스크,41590,17-Dec,제조업,90.25,-31.14,15.15,7.45,-0.21,7.34,-36.03,3.59,2.01,-2.47,0.26,-17.42,6.42,3.09,92.85,71.24,381.36,69.93,-13.46,7.81,0.49,-8.19,0.4814587591625618,-0.0818667414880128,0.03652819940135,0.0635915578443574,-0.2575542612451535,0.5185412408374382,0.1014947626755316,0.6665990076735326,-0.0069944214883511,8.180030971164236,25.05,60.88,-55.64,33.76,7.49,7.79,92.51,91.63383510359154,53.01753616915996,2,0,2,0
313,(주)에스엠코어,7820,17-Dec,제조업,26.78,-2.53,-17.93,-56.49,17.01,-0.27,78.35,-13.1,8.2,13.01,0.91,-3.39,2.24,4.41,30.19,375.38,755.7,363.96,56.64,123.13,3.47,-2.31,0.2318930830139323,-0.0230768198198057,0.2532535470174442,0.0015006250246379,0.2581033609764442,0.768106906896666,0.0607859652130818,0.2279182522371608,0.0067040187116,7.99613458729199,65.98,110.75,43.71,0.01,6.81,54.27,93.19,2748.3586249903738,85.83043225629116,2,0,2,0
630,(주)펩트론,87010,17-Dec,제조업,1.5,-137.68,-129.93,-101.81,2467274.0,-6.16,-3.2,-7.88,0.86,-0.94,0.06,-8.67,7.43,0.18,8.38,3148.58,1289.47,3082.32,42.14,131.12,0.73,-7.98,0.077353819699157,-0.0797982382084711,0.0181252234389154,0.0,-0.5024825624570971,0.9226461803008428,1.8633889451462096,0.5647521240658215,-0.0860536908778677,7.7246740497697,-8.38,-52.98,2.7,3.77,37.87,8.89,62.13,-33.93926011634647,-38.72924772859464,2,0,2,0
199,(주)서울제약,18680,17-Dec,제조업,49.67,-31.06,-4.45,-4.57,-3.14,3.89,17.25,-2.15,8.63,10.49,0.43,-28.62,3.08,0.72,89.3,129.3,885.48,74.06,7.69,24.01,0.81,-13.39,0.4717325596835595,-0.1339326470964094,0.0629953499528915,0.0451913939998906,0.0222571929168803,0.5282674403164405,0.6809881319118148,0.6607224518154392,-0.0755312104299689,7.846775522013377,-19.86,-26.6,-10.55,31.3,50.58,3.68,49.42,-180.50040251894097,-137.23529997541849,2,0,2,0
703,고려제약(주),14570,17-Dec,제조업,15.1,8.45,3.98,22.45,201.37,0.04,121.21,3.3,10.07,26.98,0.85,8.47,1.62,3.76,17.24,566.47,1035.88,460.99,60.08,27.86,5.66,7.19,0.1470318719328754,0.0719370353252945,0.0358827850421074,0.0026890879624964,0.7254491362888916,0.8529681280671245,0.3180765662411683,0.2704380713038222,0.0813909896178569,7.824737679807049,5.33,8.48,0.17,1.5,41.37,6.37,58.63,-13.610327308939354,-7.262762318561633,2,0,2,0
423,(주)유니온커뮤니티,203450,17-Dec,제조업,33.05,4.82,9.92,21.35,11.35,0.03,81.64,7.6,5.09,16.08,0.75,5.7,2.9,3.88,55.29,298.84,428.54,212.27,42.32,60.31,2.01,3.59,0.3560296967481974,0.035927805954935,0.1283556801598717,0.0106003483053089,0.180929997410215,0.6439703032518026,0.3427390043976625,0.3639571750561328,0.0446046199098577,7.688002075486552,-5.31,-10.79,-7.94,20.13,40.26,4.71,59.74,-56.23059860884623,-66.72440903848602,2,0,2,0
284,(주)아즈텍더블유비이,32080,17-Dec,제조업,10.76,-1.06,7.97,19.76,-23.17,-3.83,18.26,2.7,3.37,3.17,0.35,-0.42,2.96,1.97,15.85,675.87,838.53,426.45,53.48,20.88,3.51,-0.37,0.1367906657470044,-0.0037464570493543,0.0193873509114501,0.0121353421090617,0.566864137343475,0.8632093342529956,0.1421260461712105,0.3723116302214373,-0.028377467019132,8.00686728186354,9.22,-2.28,-34.49,10.9,6.19,1.51,93.81,-179.73940085066374,-108.4422080529546,2,0,2,0
688,(주)휴비츠,65510,17-Dec,제조업,31.29,4.92,15.83,19.64,11.67,0.98,30.68,7.91,11.85,15.33,0.5,3.99,4.36,0.96,67.4,159.96,1324.42,94.47,11.21,15.71,1.24,2.47,0.4026314603162712,0.0246873967764367,0.0293679072176591,0.0137450441104222,0.4518337203944194,0.5973685396837288,0.2753310821977697,0.7010042634746153,0.0649767532257356,8.148859968986798,0.98,-9.65,5.18,29.06,40.48,4.25,59.52,-26.73516880723793,-69.5590728007487,2,0,2,0
17,(주)기산텔레콤,35460,17-Dec,제조업,72.01,-8.73,-1.16,-2.09,-6.37,0.38,264.18,-1.05,8.71,7.55,0.88,-13.79,3.24,28.83,100.44,231.57,444.91,147.39,47.27,61.54,1.83,-7.67,0.5010892272374349,-0.0767387479996856,0.2253035291230538,0.0146026589212122,-0.2851289810125246,0.4989107727625652,0.194230393357491,0.1680273612889705,-0.0447613600175665,7.845949284791295,-5.49,-7.29,7.26,0.0,14.33,3.29,85.67,-10.84656529435359,-109.81269767549342,2,0,2,0
806,씨앤지하이테크(주),264660,17-Dec,제조업,28.64,10.99,5.7,53.97,902.11,-0.21,517.78,12.63,53.56,59.07,2.53,40.14,17.84,18.65,30.56,387.62,1806.8,216.52,63.09,154.65,8.18,27.75,0.2340671044289538,0.2774922751033278,0.3392141261658727,0.0012331988490434,0.5920417892568803,0.765932925049591,0.0675093142495563,0.1497547222933883,0.3434047762554452,7.530493957910746,32.41,39.11,69.56,0.14,20.35,10.21,79.65,57.23330149274483,50.25251551577258,2,0,2,0
242,(주)신화콘텍,187270,17-Dec,제조업,40.54,11.13,13.57,20.39,13.15,1.46,44.78,8.4,12.3,20.64,0.69,13.54,6.79,1.43,70.04,163.93,1057.76,130.08,15.24,73.81,1.59,7.67,0.4119174080677403,0.0767137868488667,0.1759647045538847,0.0215840040581311,0.2724583239815627,0.5880825919322596,0.1315375706706348,0.6091729327022686,0.1230641430170361,7.951680247846166,25.74,44.11,57.21,35.51,31.01,7.93,68.99,1027.1022229013693,1512.996012786311,2,0,2,0
258,(주)아가방앤컴퍼니,13990,17-Dec,서비스업,9.4,-3.48,-0.93,-2.96,-16.64,0.01,33.78,-0.62,8.57,7.52,0.64,-2.65,3.32,2.15,26.64,584.79,1015.9,346.95,35.97,59.26,2.86,-2.24,0.2103484853553146,-0.0223808885580435,0.0439737518778458,0.0048014783895522,0.5264817218319714,0.7896515099153246,0.4852998817951664,0.5660639548893902,-0.0179999416092541,8.325197561646265,-6.48,-14.49,-6.25,0.65,45.73,3.81,54.27,-339.2115828422406,-362.9681567729361,1,1,4,0
117,(주)링네트,42500,17-Dec,서비스업,55.13,3.17,-0.47,-2.3,205.22,-0.45,3244.67,-0.82,19.98,27.01,1.72,8.91,4.76,201.08,55.23,243.28,735.34,231.04,50.89,51.27,4.44,5.45,0.3557970209278413,0.054545566655035,0.1821033009036908,0.0007577754974334,0.4567409649184122,0.6442029790721586,0.0643723171843447,0.135910400434822,0.0602974034733113,7.930696950121778,-2.36,-5.45,15.17,2.17,9.94,44.78,90.06,11.087378383710869,43.71653985747899,1,1,4,0
713,나이스평가정보(주),30190,17-Dec,서비스업,36.32,8.51,11.17,63.75,2467274.0,-0.3,1424.81,17.15,11.87,65.97,1.59,18.77,10.07,15.17,36.81,197.39,565.07,197.39,25.86,115.59,5.7,13.53,0.2690671337163906,0.1353006247843477,0.306882716052802,0.0,0.4202536639795354,0.7309328620226008,0.8817338140877503,0.4759585925066976,0.1880344174701087,8.370487586308032,7.32,4.8,4.3,0.0,0.0,0.0,0.0,8.714575845180855,8.327394213916662,1,1,4,0
223,(주)손오공,66910,17-Dec,서비스업,177.89,-11.81,-0.09,-0.22,-35.96,0.24,-18.52,-0.15,9.51,-4.58,1.47,-48.7,5.47,6.82,214.56,130.77,174.4,64.53,17.4,4.02,2.29,-17.38,0.6820911592654276,-0.1737631945168602,0.0227223733028406,0.0072890757800408,-0.8049743852096491,0.3179088407345723,0.2129942493556518,0.2604228324001393,-0.168605604415197,7.778571407944953,-26.24,-30.21,-19.52,16.48,9.84,3.35,90.16,-421.40290348066304,-795.9597978341966,1,1,4,0
495,(주)제이콘텐트리,36420,17-Dec,서비스업,122.46,2.59,1.77,1.74,3.81,1.21,77.45,1.12,7.37,22.36,0.69,5.31,9.03,2.07,180.8,72.18,277.76,63.99,-12.13,17.11,0.99,1.8,0.6438750407442801,0.017960961268213,0.074621659780655,0.0205734662307924,0.1133336712695352,0.3561249592557198,0.4453960996169058,0.6851871446905472,0.0550253883205387,8.82081832250291,20.31,52.87,25.41,35.62,52.47,17.88,47.53,15.227794126889757,-51.41122682399556,1,1,4,0
807,씨제이프레시웨이(주),51500,17-Dec,서비스업,217.79,0.05,0.37,1.39,6.04,0.24,101.14,1.03,210.96,27.35,2.86,-0.83,9.64,10.09,283.33,98.78,1518.15,68.72,-0.69,10.67,3.93,0.14,0.739124851220608,0.001380520199572,0.0606214239940394,0.0113888593555027,0.0377786199870829,0.260875148779392,0.123435591220719,0.4387531197147779,0.050057520134922,8.955515446955342,6.13,8.0,7.58,32.87,14.1,14.79,85.9,108.66208759580805,583.3170956634266,1,1,4,0
863,옴니시스템(주),57540,17-Dec,제조업,60.72,5.42,4.84,11.12,6.18,0.42,57.78,4.59,5.93,18.27,1.05,9.07,8.65,2.96,70.4,127.58,355.35,75.0,9.83,33.82,2.82,5.72,0.4131299929519944,0.0572063376210579,0.1205262539172404,0.0131350464767491,0.1255695863227415,0.5868700070480056,0.1235503011689833,0.5453643298498723,0.0304405314860977,8.104130273097033,25.06,38.38,73.08,15.34,15.24,6.3,84.76,36.30181208944512,141.0290343426543,2,1,5,0
978,현대에이치티(주),39010,17-Dec,제조업,65.04,13.02,8.89,25.68,10481.18,-0.61,252.91,10.36,27.21,23.9,1.36,28.9,4.62,12.14,67.66,213.0,1391.36,187.1,43.83,28.6,3.52,17.73,0.4035528444708215,0.1772594346086356,0.1109293571275445,5.047547704314836e-05,0.5074281427967086,0.5964471555291785,0.0807858902530758,0.1737595288965365,0.2044656371440469,8.002732405570418,40.13,46.78,33.61,0.0,23.1,13.98,76.9,65.14511677594632,45.31808750627298,2,1,5,0
31,(주)네패스,33640,17-Dec,제조업,87.86,1.38,18.25,27.78,3.32,1.8,69.26,16.89,25.79,34.59,0.94,5.05,8.99,1.84,154.91,98.06,1183.3,89.63,-0.67,45.16,1.54,1.3,0.607703949789653,0.0129939273153739,0.1556783729576173,0.03147650398949,0.1446344977640015,0.3922960502103469,0.1501524759663756,0.6619802325638795,0.0636385451327656,8.488721570716862,3.19,4.0,11.98,38.63,21.79,31.15,78.21,134.22308605982076,-78.0599379295286,2,1,5,0
784,서울반도체(주),46890,17-Dec,제조업,64.42,4.18,11.8,23.75,22.6,0.29,68.57,10.67,38.09,25.76,0.96,6.73,3.9,2.18,81.58,132.15,2039.28,100.58,11.41,10.83,2.24,4.0,0.4492835395622607,0.0400176602645647,0.0384234320020083,0.0087834034949761,0.2433195319339929,0.5507164604377393,0.1675673576184224,0.5311376342087879,0.0847776066713272,9.088966269531014,12.54,14.25,16.41,14.23,25.61,9.03,74.39,70.77206611445567,23.52164148076921,2,1,5,0
364,(주)엠에스오토텍,123040,17-Dec,제조업,250.05,-1.6,11.3,16.97,1.14,2.75,38.3,13.08,67.47,22.07,1.14,-10.9,8.03,1.88,337.12,61.43,649.31,48.0,-22.06,8.41,1.45,-1.81,0.7712287766596406,-0.0181403244974997,0.0481373335331817,0.0427832006262233,-0.0142676998638637,0.2287712233403594,0.0578185946935555,0.6485974905311317,0.0384271929516907,8.783999415632762,-3.56,1.24,-5.84,58.28,9.16,15.26,90.84,-42.12410795729318,-145.7300558152423,2,1,5,0
325,(주)에이스침대,3800,17-Dec,제조업,6.65,12.82,14.22,88.24,2467274.0,-1.58,25.44,6.88,18.58,15.41,0.5,6.94,11.81,0.82,8.46,276.18,3539.39,178.26,10.8,82.57,6.16,6.36,0.0779721434362169,0.0636402740452666,0.0506063870337214,0.0,0.8749006390474952,0.922027856563783,0.4060946094137564,0.8307206419916069,0.0757025545613793,8.629301691044962,5.24,-20.82,1.19,0.0,55.86,8.04,44.14,-12.168098721967752,-12.704205052923232,2,1,5,0
111,(주)루멘스,38060,17-Dec,제조업,46.22,0.32,3.98,11.65,-4.5,0.32,49.97,4.16,15.3,13.51,1.04,1.47,16.92,3.85,55.58,173.87,888.33,98.23,21.95,54.09,2.79,0.34,0.3572582039226492,0.0033525070460624,0.1606807559356915,0.0157844084125994,0.2603243773745404,0.6427417960773508,0.1640601592142369,0.4834609683251787,-0.0264871766585355,8.53845865817068,-1.25,-10.29,-10.25,20.76,13.86,4.76,86.14,-275.59373344808694,634.4406755233452,2,1,5,0
66,(주)동구바이오제약,6620,17-Dec,제조업,91.61,10.82,10.92,29.19,23.2,0.61,92.56,14.61,27.99,34.53,1.44,36.61,5.54,3.5,100.27,128.74,990.31,93.61,13.15,28.66,2.49,15.53,0.5006859923825365,0.1553301983907793,0.1310954044205311,0.0141607223332143,0.2848759491651421,0.4993140076174635,0.4702217932757893,0.4110938249176631,0.1891566349711431,7.878483907974168,15.74,38.32,15.75,19.88,60.2,8.87,39.8,26.140903708091457,0.2795148246496466,2,1,5,0
531,(주)케이씨씨건설,21320,17-Dec,제조업,128.67,1.7,4.08,8.95,18.16,0.03,5703.71,5.74,12.4,12.38,1.44,6.93,11.3,464.01,178.61,156.86,316.13,127.46,26.26,54.55,2.22,2.44,0.6410767008820457,0.0243742648411634,0.2519395532813124,0.0066121286122156,0.1974934777572296,0.3589233001794343,0.0418375474126595,0.2755744759604751,0.0778957573082453,8.974088174909232,4.36,7.9,18.35,22.25,9.6,9.76,90.4,104.19380139345128,35.04246722160437,2,1,5,0
912,제이엠아이(주),33050,17-Dec,제조업,132.35,0.43,8.05,15.48,0.3,0.65,63.22,8.85,3.61,18.41,1.08,1.1,3.95,3.35,133.59,115.6,140.64,90.6,8.84,30.03,1.89,0.47,0.571903940286496,0.0046932824357968,0.1701376067648277,0.0159032217916049,0.0057298858103834,0.4280960597135039,0.0445297525830853,0.3450336576660693,0.0026951121419983,8.02951637555213,-2.69,1.53,5.43,20.02,4.7,9.38,95.3,-92.47498919286112,336.66387180005773,2,1,5,0
972,한일사료(주),5860,17-Dec,제조업,144.24,0.63,7.83,22.91,-0.35,0.64,29.9,14.05,15.18,10.88,1.69,2.92,19.46,4.89,158.57,100.08,327.69,60.17,0.05,16.64,2.65,1.06,0.613250157819799,0.010592981322047,0.0928531141250073,0.0217074961073469,0.1429707345327292,0.386749842180201,0.0921979464544843,0.4416932714289638,-0.0048247932917857,8.222334730211054,-11.34,-19.42,-3.5,46.3,8.93,6.35,91.07,-112.91312927376084,-13.635407558177985,2,1,5,0
740,동국제약(주),86450,17-Dec,제조업,28.69,11.52,9.59,36.28,209.11,-0.36,188.75,9.12,15.96,32.83,1.02,15.8,3.73,5.37,33.57,338.21,1187.31,274.98,51.17,78.74,3.93,11.7,0.2513020862806593,0.1170313533997156,0.1691153867230481,0.0026520386999947,0.6417836472995776,0.7486979137193407,0.4489859307329167,0.2735585329068433,0.1433846369651805,8.572067319071886,14.83,15.89,14.56,2.65,59.01,7.4,40.99,6.70107813987787,0.4297562985911768,2,1,5,0
838,에스텍(주),69510,17-Dec,제조업,45.19,3.3,6.11,30.59,55.07,-0.14,266.6,9.95,55.07,47.06,1.6,7.97,6.06,8.96,48.18,255.36,2281.5,197.18,47.38,60.48,4.73,5.27,0.3251549207742774,0.0527337943189153,0.1844197948826207,0.0045755336384129,0.7113001825746149,0.6748450792257226,0.0958407108737906,0.2213124893050433,0.0852563927501919,8.2658104620872,-3.6,-4.6,3.39,8.32,14.92,9.11,85.08,-7.080850149424692,-32.82831885336614,2,1,5,0
951,피에이치에이(주),43370,17-Dec,제조업,72.38,7.07,5.81,15.7,8.92,0.08,90.92,6.83,100.37,28.89,1.16,15.06,4.77,3.65,76.95,133.15,4824.27,98.01,13.56,29.39,2.57,8.23,0.4348732575185052,0.082315189979081,0.1203227661638298,0.0068837232954554,0.4907877295467581,0.5651267413658527,0.0912175716530043,0.4553923381846486,0.0278453958414001,8.95247514452048,-1.96,0.41,-13.8,12.55,11.51,8.11,88.49,-63.81261661369889,39.82412463139459,2,1,5,0
428,(주)유라테크,48430,17-Dec,제조업,21.47,1.81,5.2,36.16,2467274.0,-0.1,68.58,7.67,33.66,27.64,1.48,3.41,8.21,3.57,26.92,285.02,1797.51,187.69,31.3,68.84,6.73,2.67,0.2121291281901993,0.0266562125990233,0.1164512736324786,0.0,0.7277939502267025,0.7878708718098006,0.0497282112638578,0.5178471362209548,0.0104479052327443,8.11863764242781,0.12,5.9,-8.19,0.0,5.68,9.39,94.32,-84.75729335215264,-64.23790632950313,2,1,5,0
526,(주)캠시스,50110,17-Dec,제조업,236.13,-8.11,1.37,3.05,2.92,1.06,64.37,2.27,15.4,18.56,1.66,-44.98,11.29,4.71,290.05,99.47,223.25,55.09,-0.32,16.32,2.38,-13.46,0.743625138389872,-0.1345515018209551,0.0987999577600945,0.0263247381389095,-0.1737292435490614,0.2563748616101279,0.0784591332341297,0.3978267051824485,0.0536291050211059,8.40853643294253,0.26,20.28,16.02,38.41,11.08,7.17,88.92,228.75173577846,-22.47384061513045,2,1,5,0
68,(주)동국에스엔씨,100130,17-Dec,제조업,45.89,1.68,10.8,25.93,6.91,-0.05,28.94,9.06,12.88,9.36,0.84,2.74,8.47,2.52,53.72,181.38,930.22,126.6,24.29,32.61,2.45,1.41,0.3494743679599508,0.0141391099707283,0.0973424700822259,0.0108336548560794,0.148735703289731,0.6505256320400492,0.0663212592649593,0.4585762465239925,0.0257683610084071,8.642041381587955,0.91,6.74,-4.16,11.16,9.69,4.63,90.31,-56.04908560551918,-61.31703099873304,2,1,5,0
542,(주)케이엠,83550,17-Dec,제조업,31.01,3.71,6.08,25.92,30.93,0.04,63.63,6.66,22.58,22.4,1.12,6.14,6.02,3.42,34.58,240.96,1452.42,157.85,32.48,39.6,4.43,4.14,0.2569685211204312,0.0413693232897389,0.0912376653811856,0.0067854489909249,0.4920664740314134,0.7430314788795688,0.1330927903418299,0.4448568637026035,0.0528875521763179,8.005252813083288,3.77,-8.39,1.17,8.29,18.05,6.06,81.95,45.03570650984629,20.007840534160472,2,1,5,0
109,(주)로보스타,90360,17-Dec,제조업,138.36,3.62,2.77,7.15,28.7,0.17,108.9,4.39,52.95,21.2,1.56,16.14,3.86,8.09,159.12,140.4,1288.98,93.8,21.57,21.85,2.43,5.66,0.6140794913334054,0.0566072673934711,0.1201760503661479,0.0042864557507374,0.3093073542814709,0.3859205163450352,0.0944995179416958,0.2503410225852425,0.0791939415148529,8.114726967398664,-2.79,-3.17,36.11,11.5,14.52,7.56,85.48,54.92649704788687,10.191215044464382,2,1,5,0
633,(주)포스코엠텍,9520,17-Dec,제조업,67.26,3.83,7.26,31.1,10.52,0.07,728.2,13.1,12.38,67.16,1.76,12.38,9.53,18.55,72.79,160.52,397.07,136.23,23.56,2.85,3.85,6.73,0.421263898910958,0.0649296834682957,0.0111081245380166,0.0159707029476229,0.193324937265748,0.578736101089042,0.0505334084110566,0.3751073139771942,0.0799569227979313,8.154892946544534,-5.26,-6.22,-0.47,18.95,9.77,21.4,90.23,-12.947943498707057,216.96039241272103,2,1,5,0
491,(주)제이브이엠,54950,17-Dec,제조업,38.68,10.79,15.5,32.08,41.47,0.05,73.6,9.54,33.54,24.25,0.61,9.82,4.21,1.89,42.33,144.19,3827.05,100.55,12.01,7.14,1.83,6.57,0.2974024447796204,0.0656653100944965,0.0193970651117034,0.007810696618183,0.4498290234340924,0.7025975494206612,0.248471622798672,0.6081273529058476,0.1073906572908156,8.236593098999823,-2.38,-2.62,8.18,14.34,42.5,5.58,57.5,26.73542651779473,3.260532356858891,2,1,5,0
681,(주)형지아이앤씨,11080,17-Dec,제조업,152.88,-22.84,-0.43,-0.99,-5.44,1.2,-238.35,-0.64,5.83,-10.06,1.24,-65.59,8.87,28.13,186.18,135.01,136.29,34.42,18.7,2.21,2.17,-28.27,0.6505638479846388,-0.2826613325722126,0.0118307043515434,0.0311498743145699,-0.2703864035441448,0.3494361520153611,0.6230827545395919,0.2787527155608844,-0.0963460219866919,7.880642315053946,-29.34,-23.19,-11.75,32.02,54.52,2.38,45.48,-823.7477218004882,-532.5774388360892,2,1,5,0
615,(주)파세코,37070,17-Dec,제조업,29.09,3.03,4.19,22.03,14.36,0.19,35.2,5.57,17.84,20.69,1.31,5.43,11.14,2.21,33.86,178.96,973.65,91.01,17.16,10.18,4.81,3.95,0.2529377330708294,0.0395315706373533,0.0221207649910549,0.0108556882573363,0.6265050327104118,0.7470622669291705,0.1658773291589392,0.6111152428397797,0.0423266086689412,7.960145553312201,-3.51,-2.45,18.96,4.82,19.83,6.73,80.17,33.077340171250285,29.05964101589037,2,1,5,0
909,제이씨케미칼(주),137950,17-Dec,제조업,78.82,-1.24,1.96,4.1,2.83,1.08,40.01,2.29,17.76,8.3,1.17,0.23,19.44,4.69,126.26,82.8,693.35,53.38,-5.99,14.95,2.13,-1.45,0.5580393708796129,-0.0145223670763574,0.0520896748949296,0.025334650944679,0.22292919204563,0.4419606291203872,0.0600212674715302,0.7115523468476954,0.0392908659068776,8.167651485877899,0.0,11.5,10.92,48.38,9.37,11.02,90.63,-64.80076776624051,-117.933182439899,2,1,5,0
461,(주)이지,37370,17-Dec,제조업,63.69,-0.61,0.26,0.94,2.57,0.27,62.42,0.44,21.86,24.7,1.68,-1.22,7.23,4.06,88.38,158.8,676.36,122.09,19.88,21.37,3.62,-1.03,0.4691654218497427,-0.0102593920555865,0.07223214695208,0.0113604130334323,0.1461978608323625,0.5308345781502573,0.0806970299814172,0.4631327661969189,0.0135461677354254,7.988647893421759,-0.43,0.44,11.71,16.86,8.88,10.46,91.12,50.67585427433394,-728.0335973280864,2,1,5,0
5,(주)고영테크놀러지,98460,17-Dec,제조업,20.01,13.15,12.09,56.02,6141.06,-0.2,259.28,11.98,29.74,32.01,1.02,16.76,3.33,8.27,27.21,499.8,2357.41,430.73,62.9,142.52,4.98,13.36,0.2138822343065285,0.1335607961245319,0.2242217306165662,0.000174300520987,0.7635989708654979,0.7861177656934715,0.4313359475615477,0.2136903796128,0.2185649596789014,8.3121929861037,5.17,4.17,18.38,0.0,64.65,9.72,35.35,31.835407555481947,-10.058050245573124,2,1,5,0
711,나라엠앤디(주),51490,17-Dec,제조업,117.17,1.34,9.55,12.59,5.67,0.82,63.2,7.26,19.48,21.47,0.79,2.8,3.32,2.14,136.28,117.11,1067.57,64.04,8.49,12.75,1.41,1.06,0.5767798051961391,0.0105882768487217,0.0632481093924395,0.0118671303800231,0.3059114539897493,0.4232201948038608,0.0958486628508331,0.4192383005323675,0.037765163901142,8.267807131514202,8.71,11.55,7.52,28.89,14.35,3.13,85.65,185.86670900072608,-10.939262420564711,2,1,5,0
75,(주)동원개발,13120,17-Dec,제조업,15.49,17.87,17.24,89.19,2467274.0,-0.46,12058.93,13.8,12.4,23.99,0.83,18.31,2.75,477.35,18.3,742.1,1310.01,604.86,84.08,188.61,4.35,14.82,0.1546740540732802,0.1482258121154146,0.2469885794209347,0.0,0.7708105379143785,0.8453259473479193,0.0208685961834438,0.0282254337248398,0.2107205458662381,8.847344939692574,7.59,7.11,5.36,0.19,27.49,3.47,72.51,9.066837291525312,2.6904523643919767,2,1,5,0
145,(주)미코,59090,17-Dec,제조업,49.09,10.37,12.7,27.4,13.12,0.89,109.49,11.56,12.39,48.43,1.0,14.74,7.92,2.06,72.94,158.68,407.08,138.19,16.66,87.97,2.12,10.33,0.421768195938391,0.1033481354989262,0.2501938046275366,0.0256082559443161,0.0337188480630409,0.5782317991131319,0.297699271444929,0.5495610062545879,0.1577536038560139,8.305528443792221,21.03,25.75,30.48,18.79,45.6,13.91,54.4,56.18891450762135,239.68814124487005,2,1,5,0
300,(주)에스디생명공학,217480,17-Dec,제조업,18.18,10.56,2.5,14.41,134.81,-0.31,88.0,2.48,12.45,22.4,1.3,17.89,10.34,4.63,20.83,405.58,949.11,280.78,45.98,45.2,7.04,13.69,0.1724147532207519,0.1368809349956544,0.0680087660023725,0.0079695886511023,0.4427188961619994,0.827585246779248,0.3917069083929743,0.3897063552549006,0.1976667759653989,8.107459044132872,86.72,65.24,21.69,3.83,54.43,7.11,45.57,-30.7819363003096,-40.04953119163168,2,1,5,0
308,(주)에스에프에이,56190,17-Dec,제조업,54.93,10.59,14.09,32.75,21.34,0.26,116.1,14.94,142.61,28.43,1.16,29.26,12.22,3.84,83.87,209.46,4329.26,204.19,32.7,108.3,2.47,12.26,0.4561244714374044,0.1226367024007983,0.3235378217369451,0.0142217703425597,0.4031897996872219,0.5438755291148349,0.046346174775752,0.3742585879199515,0.1423901946826539,9.257872630668563,20.3,37.55,45.51,13.78,16.93,56.3,83.07,95.4221943085839,155.56395861700315,2,1,5,0
271,(주)아이센스,99190,17-Dec,제조업,15.61,9.65,10.86,24.74,18.36,0.78,90.55,7.28,22.87,30.22,0.7,10.07,4.51,1.75,41.73,371.53,2370.66,258.67,29.9,106.57,2.38,6.71,0.2944536636802335,0.0670614216497641,0.1173732288766543,0.0187574926051769,0.4764900444770726,0.7055463363197665,0.2959112846662015,0.5908254012784152,0.1007678982091334,8.369358753902585,7.58,0.94,18.49,17.95,44.09,5.17,55.91,-11.44834971182807,-13.683106532537751,2,1,5,0
407,(주)원일특강,12620,17-Dec,제조업,62.3,3.07,0.61,1.52,6.08,0.65,41.62,0.72,106.35,12.07,1.29,7.22,3.28,4.14,90.59,204.11,4691.44,136.61,34.03,12.31,2.87,3.97,0.4753163963246787,0.0396952215141188,0.0402362366786029,0.0186034335931909,0.5115473233832971,0.5246836036753213,0.0497996887264341,0.3328368301043864,0.0509309642054241,8.293831699519226,18.67,19.62,13.35,36.15,8.93,6.14,91.07,25.581899993986656,38.15116768518433,2,1,5,0
107,(주)레이언스,228850,17-Dec,제조업,9.94,13.52,13.61,74.44,28.32,-0.65,105.99,7.38,12.84,18.39,0.55,8.55,5.31,3.09,11.0,799.53,2129.35,644.18,62.61,117.95,4.87,7.44,0.0990948752625165,0.0744386989654415,0.1055754647842775,0.0279036008665174,0.3446159096409898,0.9009051247374836,0.2181476058136739,0.2843726296190696,0.0894468135755452,8.293253120817042,3.2,3.28,8.19,2.95,38.06,4.08,61.94,-3.762875643921272,-1.8369351830689515,2,1,5,0
454,(주)이엔에프테크놀로지,102710,17-Dec,제조업,35.73,6.72,10.08,52.46,77.4,0.08,75.66,14.71,54.51,32.47,1.49,15.9,5.87,3.18,38.97,169.86,2649.36,131.49,17.96,23.14,4.73,9.99,0.280421822801541,0.0998876249668666,0.0594940531964932,0.0071594133041259,0.6325713966967964,0.7195781771984591,0.0964518702002368,0.563298576745368,0.1741583124996015,8.423573026811495,3.77,-6.33,15.78,9.26,21.36,14.65,78.64,9.730632649916087,20.238280318022063,2,1,5,0
77,(주)동진쎄미켐,5290,17-Dec,제조업,126.4,5.73,12.25,24.08,5.59,1.7,71.64,14.42,31.77,31.09,1.19,19.73,6.45,2.51,149.32,89.53,1027.09,68.77,-5.31,21.59,1.83,6.79,0.5989032051834567,0.0679317082359318,0.1100625117797097,0.029891372374608,0.1539080382509418,0.4010967948165432,0.096606585991129,0.5460887144481157,0.1085553206981354,8.824236154793033,1.46,14.37,2.64,47.59,18.82,11.66,81.18,58.36695940664086,70.5876287151163,2,1,5,0
90,(주)디에이테크놀로지,196490,17-Dec,제조업,99.09,1.11,-5.69,-11.81,2.95,1.02,52.43,-6.26,32.05,12.71,1.22,2.87,2.8,4.63,112.63,124.56,1312.46,116.21,11.45,14.22,2.33,1.36,0.529701643120049,0.0136141066131245,0.0662641503946274,0.0362076610189648,0.1978477503517165,0.470298356879951,0.0689510818322818,0.4194975577222366,0.0560216712423989,7.964469488484767,25.26,15.55,35.27,29.83,11.47,42.24,88.53,53.64319541297492,-71.73956561030197,2,1,5,0
604,(주)티에스이,131290,17-Dec,제조업,20.16,9.09,10.07,40.74,29.57,0.32,103.93,9.07,33.59,38.17,0.94,11.15,6.13,2.54,28.63,292.4,2414.19,222.19,30.16,62.89,4.02,8.54,0.2225813749788486,0.085394474279082,0.0985928682097729,0.0167099095171553,0.536337392907246,0.7774186298708533,0.1338952175009307,0.5416218366285676,0.1153863181388431,8.31428495615966,8.92,4.91,46.59,10.41,25.67,8.2,74.33,280.3287793563581,222.4889668055797,2,1,5,0
358,(주)엘오티베큠,83310,17-Dec,제조업,27.18,12.13,10.66,47.1,73.59,-0.02,200.89,13.97,32.62,38.37,1.49,26.09,14.11,4.58,42.19,303.74,1685.91,238.86,38.94,127.32,5.05,18.06,0.296694436099832,0.1806068583694348,0.2433431123699555,0.0094505650413248,0.5722215526936311,0.7033055573681818,0.1724159679322667,0.4194561938547204,0.2051682577777911,8.1849547378116,31.46,62.0,61.81,11.19,31.02,8.44,68.98,222.30124500809035,186.7962880922981,2,1,5,0
139,(주)모베이스전자,12860,17-Dec,제조업,230.1,-6.13,4.87,7.89,-1.6,1.13,54.47,6.0,52.61,20.55,1.16,-27.13,4.58,2.92,317.78,82.62,937.67,52.22,-9.57,4.1,1.59,-7.13,0.7606396046839023,-0.0712888502478115,0.0225907201335863,0.0199660703695327,0.1350977167362171,0.2393603953160977,0.070278006496528,0.5449893338529623,-0.0233448701042424,8.760539056241463,-10.8,-18.82,-2.86,47.63,5.02,7.14,94.98,-187.9619978682844,-350.69682849800654,2,1,5,0
367,(주)연우,115960,17-Dec,제조업,26.73,3.4,9.63,30.36,15.48,0.17,64.77,8.52,36.99,33.09,0.93,4.26,7.01,1.63,39.0,177.67,3007.64,132.45,14.94,52.86,3.54,3.15,0.2805531261607829,0.0314516422606604,0.1016406216214525,0.0089772264882661,0.4379076582406732,0.7194468738392171,0.0939673877698895,0.658355147915017,0.0363772501727133,8.413549381476265,9.75,-3.17,-2.25,15.44,13.33,10.64,86.67,-63.813248953259496,-62.76974365453081,2,1,5,0
