종목명,years,month,상장주식수대비월거래량합계,거래대금,상장시가총액,벤치마크지수,소외주,EPS,PER,BPS,PBR,업종명,업종월평균PBR,LOW P/B
BYC,2018,11,0.3395691746115607,5292702.0,1396110029.2727273,0.379092720665869,소외주,7414.0,33.05,475434.0,0.52,섬유의복,0.8630434782608696,LOW
KPX홀딩스,2017,2,0.3004512094031074,4484081.35,1347227097.25,0.332872062289318,소외주,8324.0,7.69,131838.0,0.49,화학,1.8615662650602403,LOW
KPX홀딩스,2017,10,0.25303895284954053,6202413.625,1615598492.5,0.3839944110923485,소외주,7238.0,9.91,136803.0,0.52,화학,1.8470588235294119,LOW
KPX홀딩스,2018,1,0.42107670086440374,7142576.590909091,1638788275.2272727,0.43546683537567626,소외주,7238.0,9.27,136803.0,0.49,화학,2.0458333333333334,LOW
KPX홀딩스,2018,4,0.4392794094463773,7812027.0,1638803401.1904762,0.4763979976332588,소외주,7238.0,9.17,136803.0,0.49,화학,2.147441860465116,LOW
KPX홀딩스,2018,6,0.4686546517743735,7546209.263157895,1599775900.2105262,0.47096295606117344,소외주,9872.0,6.56,145038.0,0.45,화학,1.8056666666666652,LOW
KPX홀딩스,2018,9,0.2679514449257997,6069409.294117647,1542969295.5882354,0.3931282063723475,소외주,9872.0,6.52,145038.0,0.44,화학,1.7448888888888898,LOW
KPX홀딩스,2018,11,0.22271688562781355,5292702.0,1396110029.2727273,0.379092720665869,소외주,9872.0,6.46,145038.0,0.44,화학,1.495,LOW
KPX홀딩스,2019,1,0.2523525048015857,5603161.363636363,1386157413.6363637,0.4032552534195176,소외주,9872.0,6.04,145038.0,0.41,화학,1.549555555555556,LOW
KPX홀딩스,2019,2,0.2162548057281012,5618904.588235294,1458848750.7058823,0.3853572669702385,소외주,9872.0,6.18,145038.0,0.42,화학,1.5652222222222218,LOW
KPX홀딩스,2019,3,0.20458518891286986,4921997.25,1428377200.5,0.34430832741815387,소외주,9872.0,6.08,145038.0,0.41,화학,1.525730337078652,LOW
KPX홀딩스,2019,5,0.26797511554814296,5382849.0,1384116388.9047618,0.3889409605308684,소외주,901.0,64.04,143401.0,0.4,화학,1.2902127659574467,LOW
KPX홀딩스,2019,6,0.3219914757354817,4600446.7894736845,1401948765.631579,0.328197911702071,소외주,901.0,65.82,143401.0,0.41,화학,1.3104255319148932,LOW
KPX홀딩스,2019,7,0.3175413987349473,4429029.478260869,1386277749.3913043,0.3196414166485545,소외주,901.0,62.26,143401.0,0.39,화학,1.2288297872340426,LOW
KPX홀딩스,2019,8,0.2791239786718224,4662803.333333333,1297011945.4761906,0.3597976258187877,소외주,901.0,59.71,143401.0,0.38,화학,1.1825531914893614,LOW
KPX홀딩스,2019,9,0.20356735215210933,4520648.368421053,1366227666.631579,0.3305468144199756,소외주,901.0,60.6,143401.0,0.38,화학,1.2070212765957447,LOW
KPX홀딩스,2019,10,0.24437550507190425,4421096.380952381,1382344362.4761906,0.3197189769367066,소외주,901.0,60.71,143401.0,0.38,화학,1.2218085106382977,LOW
KPX홀딩스,2019,12,0.3405965848972908,5065497.6,1442768030.8,0.3508687773816782,소외주,901.0,60.38,143401.0,0.38,화학,1.2323404255319146,LOW
KPX홀딩스,2020,4,0.4994027901982793,10802955.45,1243969280.2,0.8701321292741879,소외주,901.0,49.0,143401.0,0.31,화학,1.1198958333333338,LOW
LS네트웍스,2017,5,0.3245802165744519,6208851.684210527,1500435875.631579,0.4137612507588453,소외주,,,7650.0,0.41,유통업,1.528775510204082,LOW
LS네트웍스,2017,6,0.3604646299324381,6132872.19047619,1537018560.0952382,0.39906106450836776,소외주,,,7650.0,0.4,유통업,1.4075510204081632,LOW
LS네트웍스,2017,7,0.27892587258335394,5310060.428571428,1567589319.857143,0.3387411617151975,소외주,,,7650.0,0.4,유통업,1.3410204081632657,LOW
LS네트웍스,2017,10,0.1811707308258354,6202413.625,1615598492.5,0.3839944110923485,소외주,,,7650.0,0.38,유통업,1.2830000000000001,LOW
LS네트웍스,2018,2,0.25268068420122397,6886748.222222222,1607400127.2222223,0.42888500986471795,소외주,,,7650.0,0.41,유통업,1.25734693877551,LOW
LS네트웍스,2018,3,0.19450143887893834,6883677.857142857,1628916155.6190476,0.4228930866411998,소외주,,,7650.0,0.41,유통업,1.2916326530612245,LOW
LS네트웍스,2018,11,0.3020493530349143,5292702.0,1396110029.2727273,0.379092720665869,소외주,280.0,9.18,7902.0,0.33,유통업,1.290192307692308,LOW
LS네트웍스,2018,12,0.3097965184479741,5249589.157894737,1371269442.0,0.38276591485349426,소외주,280.0,8.86,7902.0,0.31,유통업,1.2709615384615387,LOW
LS네트웍스,2019,1,0.33271061605053287,5603161.363636363,1386157413.6363637,0.4032552534195176,소외주,280.0,10.13,7902.0,0.36,유통업,1.3688461538461536,LOW
LS네트웍스,2020,5,0.7241271070132645,9957334.47368421,1320678066.5789473,0.7521586946298098,소외주,,,6590.0,0.29,유통업,1.137857142857143,LOW
NPC,2017,2,0.32893790849673205,4484081.35,1347227097.25,0.332872062289318,소외주,596.0,11.41,4960.0,1.37,화학,1.8615662650602403,LOW
NPC,2017,3,0.336593137254902,5025620.090909091,1382749052.590909,0.3634812135281776,소외주,596.0,10.82,4960.0,1.3,화학,1.838674698795181,LOW
NPC,2017,5,0.29936546840958606,6208851.684210527,1500435875.631579,0.4137612507588453,소외주,966.0,6.78,5845.0,1.12,화학,1.6759523809523802,LOW
NPC,2017,6,0.3825381263616558,6132872.19047619,1537018560.0952382,0.39906106450836776,소외주,966.0,6.64,5845.0,1.1,화학,1.6410714285714287,LOW
NPC,2017,7,0.1262418300653595,5310060.428571428,1567589319.857143,0.3387411617151975,소외주,966.0,6.61,5845.0,1.09,화학,1.622976190476191,LOW
NPC,2017,8,0.20142701525054466,4939218.2272727275,1539981849.409091,0.320802677188011,소외주,966.0,6.61,5845.0,1.09,화학,1.671428571428572,LOW
NPC,2017,10,0.29732298474945534,6202413.625,1615598492.5,0.3839944110923485,소외주,966.0,6.24,5845.0,1.03,화학,1.8470588235294119,LOW
NPC,2017,11,0.34544117647058825,6269779.636363637,1645791085.9545455,0.3812153047557505,소외주,966.0,5.65,5845.0,0.93,화학,1.9811764705882347,LOW
NPC,2018,2,0.16108660130718955,6886748.222222222,1607400127.2222223,0.42888500986471795,소외주,966.0,5.8,5845.0,0.96,화학,1.9010714285714279,LOW
NPC,2018,4,0.3247113289760349,7812027.0,1638803401.1904762,0.4763979976332588,소외주,966.0,5.61,5845.0,0.93,화학,2.147441860465116,LOW
NPC,2018,7,0.12363017429193901,5510769.181818182,1527309146.4545455,0.3608696312306022,소외주,280.0,15.48,5966.0,0.73,화학,1.720111111111111,LOW
NPC,2018,8,0.10782952069716775,5226406.636363637,1527952908.6363637,0.3420772858876253,소외주,280.0,16.48,5966.0,0.77,화학,1.7758888888888884,LOW
NPC,2018,12,0.36155773420479304,5249589.157894737,1371269442.0,0.38276591485349426,소외주,280.0,13.45,5966.0,0.63,화학,1.477555555555555,LOW
NPC,2019,1,0.2391230936819172,5603161.363636363,1386157413.6363637,0.4032552534195176,소외주,280.0,13.86,5966.0,0.65,화학,1.549555555555556,LOW
NPC,2019,3,0.33275599128540306,4921997.25,1428377200.5,0.34430832741815387,소외주,280.0,14.2,5966.0,0.67,화학,1.525730337078652,LOW
NPC,2019,5,0.3818654684095861,5382849.0,1384116388.9047618,0.3889409605308684,소외주,282.0,12.94,6215.0,0.59,화학,1.2902127659574467,LOW
SJM홀딩스,2018,4,0.46288980158574977,7812027.0,1638803401.1904762,0.4763979976332588,소외주,418.0,10.85,8884.0,0.51,유통업,1.3889999999999998,LOW
WISCOM,2017,10,0.28394933554817275,6202413.625,1615598492.5,0.3839944110923485,소외주,126.0,33.69,7868.0,0.54,화학,1.8470588235294119,LOW
경방,2019,10,0.29284044986607827,4421096.380952381,1382344362.4761906,0.3197189769367066,소외주,740.0,13.51,25854.0,0.39,유통업,1.1140740740740742,LOW
광주신세계,2017,8,0.2595,4939218.2272727275,1539981849.409091,0.320802677188011,소외주,28471.0,8.64,333931.0,0.74,유통업,1.292448979591837,LOW
광주신세계,2017,10,0.27256250000000004,6202413.625,1615598492.5,0.3839944110923485,소외주,28471.0,8.41,333931.0,0.72,유통업,1.2830000000000001,LOW
광주신세계,2020,4,0.783125,10802955.45,1243969280.2,0.8701321292741879,소외주,28183.0,5.2,387910.0,0.38,유통업,1.0951785714285713,LOW
광주신세계,2020,5,0.47412499999999996,9957334.47368421,1320678066.5789473,0.7521586946298098,소외주,29953.0,4.74,413244.0,0.34,유통업,1.137857142857143,LOW
광주신세계,2020,7,0.8261875,13033438.304347826,1487005703.5217392,0.874744942823614,소외주,29953.0,4.61,413244.0,0.33,유통업,1.1353571428571427,LOW
넥센,2018,9,0.38676619034107235,6069409.294117647,1542969295.5882354,0.3931282063723475,소외주,1499.0,4.2,16048.0,0.39,화학,1.7448888888888898,LOW
대구백화점,2017,10,0.3040859628016568,6202413.625,1615598492.5,0.3839944110923485,소외주,,,33074.0,0.37,유통업,1.2830000000000001,LOW
대구백화점,2018,8,0.28529024005760323,5226406.636363637,1527952908.6363637,0.3420772858876253,소외주,,,31301.0,0.3,유통업,1.4778846153846152,LOW
대구백화점,2018,10,0.2656720889338935,6101581.952380952,1441967973.857143,0.4244951731957202,소외주,,,31301.0,0.28,유통업,1.171730769230769,LOW
대구백화점,2018,11,0.15615050291495416,5292702.0,1396110029.2727273,0.379092720665869,소외주,,,31301.0,0.28,유통업,1.290192307692308,LOW
대구백화점,2018,12,0.24466782256357208,5249589.157894737,1371269442.0,0.38276591485349426,소외주,,,31301.0,0.28,유통업,1.2709615384615387,LOW
대동전자,2017,10,0.37672369919032045,6202413.625,1615598492.5,0.3839944110923485,소외주,209.0,20.72,11615.0,0.37,전기전자,1.6018604651162789,LOW
대동전자,2018,4,0.4504002546316663,7812027.0,1638803401.1904762,0.4763979976332588,소외주,209.0,19.59,11615.0,0.35,전기전자,1.9858695652173908,LOW
대동전자,2018,7,0.3338561264357944,5510769.181818182,1527309146.4545455,0.3608696312306022,소외주,209.0,18.06,11615.0,0.33,전기전자,2.1685106382978714,LOW
대동전자,2018,8,0.3238184226086839,5226406.636363637,1527952908.6363637,0.3420772858876253,소외주,209.0,18.18,11615.0,0.33,전기전자,2.054893617021277,LOW
대동전자,2018,9,0.24048546263090598,6069409.294117647,1542969295.5882354,0.3931282063723475,소외주,62.0,61.69,11629.0,0.33,전기전자,1.93468085106383,LOW
대림통상,2017,1,0.23020689655172413,4111711.45,1332105848.55,0.3084809580932052,소외주,,,7781.0,0.75,기계,1.3066666666666666,LOW
대림통상,2017,2,0.27031855500821017,4484081.35,1347227097.25,0.332872062289318,소외주,,,7781.0,0.76,기계,1.3277777777777777,LOW
대림통상,2017,3,0.36232512315270937,5025620.090909091,1382749052.590909,0.3634812135281776,소외주,,,7781.0,0.7,기계,1.3903703703703703,LOW
대림통상,2017,5,0.33576354679802956,6208851.684210527,1500435875.631579,0.4137612507588453,소외주,21.0,290.48,7649.0,0.8,기계,1.5928,LOW
대림통상,2017,6,0.3323743842364532,6132872.19047619,1537018560.0952382,0.39906106450836776,소외주,21.0,267.62,7649.0,0.73,기계,1.5992307692307695,LOW
대림통상,2017,7,0.19720197044334975,5310060.428571428,1567589319.857143,0.3387411617151975,소외주,21.0,270.48,7649.0,0.74,기계,1.6053846153846156,LOW
대림통상,2017,9,0.26064367816091955,5271438.952380952,1543381995.1904762,0.34141436809326026,소외주,21.0,257.62,7649.0,0.71,기계,1.5146153846153845,LOW
대림통상,2017,10,0.15911986863711003,6202413.625,1615598492.5,0.3839944110923485,소외주,21.0,260.48,7649.0,0.72,기계,1.5099999999999996,LOW
대림통상,2017,12,0.2392249589490969,5520971.631578947,1604123875.631579,0.34413165406707064,소외주,21.0,261.9,7649.0,0.72,기계,1.5092307692307696,LOW
대림통상,2018,2,0.16718555008210179,6886748.222222222,1607400127.2222223,0.42888500986471795,소외주,21.0,245.24,7649.0,0.67,기계,1.521923076923077,LOW
대림통상,2018,4,0.3848013136288998,7812027.0,1638803401.1904762,0.4763979976332588,소외주,21.0,235.71,7649.0,0.65,기계,1.5867857142857142,LOW
대림통상,2018,5,0.42079474548440066,9053263.1,1644402624.65,0.5506904628679582,소외주,,,7264.0,0.69,기계,1.4649999999999999,LOW
대림통상,2018,6,0.13666995073891627,7546209.263157895,1599775900.2105262,0.47096295606117344,소외주,,,7264.0,0.62,기계,1.2961290322580648,LOW
대림통상,2018,7,0.1020032840722496,5510769.181818182,1527309146.4545455,0.3608696312306022,소외주,,,7264.0,0.64,기계,1.2819354838709676,LOW
대림통상,2018,8,0.09694581280788177,5226406.636363637,1527952908.6363637,0.3420772858876253,소외주,,,7264.0,0.64,기계,1.2845161290322578,LOW
대림통상,2018,9,0.04786863711001642,6069409.294117647,1542969295.5882354,0.3931282063723475,소외주,,,7264.0,0.66,기계,1.3112903225806452,LOW
대림통상,2018,10,0.1395270935960591,6101581.952380952,1441967973.857143,0.4244951731957202,소외주,,,7264.0,0.53,기계,1.0467741935483872,LOW
대림통상,2018,11,0.09541543513957307,5292702.0,1396110029.2727273,0.379092720665869,소외주,,,7264.0,0.55,기계,1.0929032258064513,LOW
대림통상,2018,12,0.11435796387520526,5249589.157894737,1371269442.0,0.38276591485349426,소외주,,,7264.0,0.58,기계,1.09,LOW
대림통상,2019,1,0.1675008210180624,5603161.363636363,1386157413.6363637,0.4032552534195176,소외주,,,7264.0,0.61,기계,1.199354838709677,LOW
대림통상,2019,2,0.1491822660098522,5618904.588235294,1458848750.7058823,0.3853572669702385,소외주,,,7264.0,0.6,기계,1.163225806451613,LOW
대림통상,2019,4,0.34127422003284075,5378292.2272727275,1465638150.6363637,0.36671252951950345,소외주,,,7264.0,0.58,기계,1.202258064516129,LOW
대림통상,2019,5,0.12587848932676518,5382849.0,1384116388.9047618,0.3889409605308684,소외주,,,6988.0,0.61,기계,1.1006451612903225,LOW
대림통상,2019,6,0.3119737274220033,4600446.7894736845,1401948765.631579,0.328197911702071,소외주,,,6988.0,0.61,기계,1.1538709677419359,LOW
대림통상,2019,7,0.2841707717569787,4429029.478260869,1386277749.3913043,0.3196414166485545,소외주,,,6988.0,0.58,기계,1.011290322580645,LOW
대림통상,2019,8,0.29347783251231524,4662803.333333333,1297011945.4761906,0.3597976258187877,소외주,,,6988.0,0.59,기계,0.9854838709677418,LOW
대림통상,2019,9,0.2495435139573071,4520648.368421053,1366227666.631579,0.3305468144199756,소외주,,,6988.0,0.6,기계,1.06,LOW
대림통상,2019,10,0.18394745484400657,4421096.380952381,1382344362.4761906,0.3197189769367066,소외주,,,6988.0,0.56,기계,1.0058064516129033,LOW
대림통상,2019,11,0.22442036124794745,5317097.80952381,1429027490.0952382,0.37201412441539816,소외주,,,6988.0,0.58,기계,1.0058064516129033,LOW
대림통상,2019,12,0.11244663382594416,5065497.6,1442768030.8,0.3508687773816782,소외주,,,6988.0,0.59,기계,1.070322580645161,LOW
대림통상,2020,1,0.1624367816091954,6434673.0,1482796763.9,0.4344625497397481,소외주,,,6988.0,0.57,기계,1.022258064516129,LOW
대림통상,2020,2,0.2778916256157636,7582885.65,1460014517.3,0.5216620675978796,소외주,,,6988.0,0.54,기계,0.9438709677419354,LOW
대림통상,2020,3,0.84135960591133,10096721.454545455,1203158162.5454545,0.8573532841063983,소외주,,,6988.0,0.51,기계,0.7696774193548385,LOW
대림통상,2020,5,0.228551724137931,9957334.47368421,1320678066.5789473,0.7521586946298098,소외주,,,6005.0,0.7,기계,1.15375,LOW
대림통상,2020,6,0.3414515599343186,13074635.409090908,1435652800.2272727,0.9104022837640375,소외주,,,6005.0,0.69,기계,1.1503124999999998,LOW
대림통상,2020,7,0.6834548440065681,13033438.304347826,1487005703.5217392,0.874744942823614,소외주,,,6005.0,0.73,기계,1.2393749999999997,LOW
대림통상,2020,8,0.5037766830870278,16197444.3,1596772035.0,1.0138335220437622,소외주,,,6005.0,0.69,기계,1.2321874999999998,LOW
대림통상,2020,9,0.8125714285714286,14195647.19047619,1613102538.0952382,0.8796248441518392,소외주,,,6005.0,0.69,기계,1.4724242424242424,LOW
대림통상,2020,10,0.4080919540229885,10847027.0,1611789923.5263157,0.6731917998729725,소외주,,,6005.0,0.7,기계,1.4460606060606058,LOW
대림통상,2020,11,0.4038620689655172,15249273.666666666,1717620789.6666667,0.8855653759387491,소외주,,,6005.0,0.67,기계,1.865151515151515,LOW
대림통상,2021,1,0.6301806239737274,26477822.2,2129149293.35,1.2436685347301648,소외주,,,6005.0,0.68,기계,1.9496969696969697,LOW
대한화섬,2019,10,0.2503012048192771,4421096.380952381,1382344362.4761906,0.3197189769367066,소외주,39390.0,2.34,375351.0,0.25,화학,1.2218085106382977,LOW
대한화섬,2020,2,0.4766566265060241,7582885.65,1460014517.3,0.5216620675978796,소외주,39390.0,2.09,375351.0,0.22,화학,1.0886315789473684,LOW
동남합성,2017,1,0.2685961085350784,4111711.45,1332105848.55,0.3084809580932052,소외주,3462.0,17.33,41755.0,1.44,화학,1.8408433734939762,LOW
동남합성,2017,8,0.2080030515060851,4939218.2272727275,1539981849.409091,0.320802677188011,소외주,5866.0,9.68,44008.0,1.29,화학,1.671428571428572,LOW
동남합성,2017,9,0.329255387484322,5271438.952380952,1543381995.1904762,0.34141436809326026,소외주,5866.0,8.68,44008.0,1.16,화학,1.621666666666666,LOW
동남합성,2018,5,0.46610030928862095,9053263.1,1644402624.65,0.5506904628679582,소외주,1124.0,54.63,38920.0,1.58,화학,1.8044444444444452,LOW
동남합성,2018,8,0.1374954085811432,5226406.636363637,1527952908.6363637,0.3420772858876253,소외주,1124.0,54.63,38920.0,1.58,화학,1.7758888888888884,LOW
동남합성,2018,9,0.14905475709017735,6069409.294117647,1542969295.5882354,0.3931282063723475,소외주,1124.0,53.65,38920.0,1.55,화학,1.7448888888888898,LOW
동남합성,2018,11,0.19658497299903493,5292702.0,1396110029.2727273,0.379092720665869,소외주,1124.0,53.29,38920.0,1.54,화학,1.495,HIGH
동남합성,2019,1,0.25186952749670305,5603161.363636363,1386157413.6363637,0.4032552534195176,소외주,1124.0,52.49,38920.0,1.52,화학,1.549555555555556,LOW
동남합성,2019,8,0.2096754420744671,4662803.333333333,1297011945.4761906,0.3597976258187877,소외주,1639.0,14.67,16991.0,1.42,화학,1.1825531914893614,HIGH
동남합성,2019,9,0.24131727202144357,4520648.368421053,1366227666.631579,0.3305468144199756,소외주,1639.0,14.77,16991.0,1.42,화학,1.2070212765957447,HIGH
동남합성,2019,11,0.2591261553685638,5317097.80952381,1429027490.0952382,0.37201412441539816,소외주,1639.0,15.16,16991.0,1.46,화학,1.2124468085106381,HIGH
동남합성,2020,1,0.3071411137261485,6434673.0,1482796763.9,0.4344625497397481,소외주,1639.0,15.07,16991.0,1.45,화학,1.1851578947368417,HIGH
동남합성,2020,9,0.5607479224376731,14195647.19047619,1613102538.0952382,0.8796248441518392,소외주,4926.0,7.5,20576.0,1.8,화학,1.3308333333333333,HIGH
동남합성,2021,2,0.5883102493074792,19095421.888888888,2133992453.2777777,0.8955554340315732,소외주,4926.0,9.62,20576.0,2.3,화학,1.6708333333333334,HIGH
동아타이어,2018,12,0.3387165891830745,5249589.157894737,1371269442.0,0.38276591485349426,소외주,15.0,846.67,23549.0,0.54,화학,1.477555555555555,LOW
동아타이어,2020,4,0.2529306201151022,10802955.45,1243969280.2,0.8701321292741879,소외주,1178.0,9.42,24769.0,0.45,화학,1.1198958333333338,LOW
동아타이어,2020,5,0.4328474118756879,9957334.47368421,1320678066.5789473,0.7521586946298098,소외주,1799.0,6.03,25988.0,0.42,화학,1.111875,LOW
동아타이어,2020,6,0.6744549539922589,13074635.409090908,1435652800.2272727,0.9104022837640375,소외주,1799.0,6.34,25988.0,0.44,화학,1.1419791666666665,LOW
동아타이어,2020,7,0.31845155634068706,13033438.304347826,1487005703.5217392,0.874744942823614,소외주,1799.0,5.89,25988.0,0.41,화학,1.2616666666666665,LOW
동아타이어,2020,8,0.8644642127020177,16197444.3,1596772035.0,1.0138335220437622,소외주,1799.0,5.52,25988.0,0.38,화학,1.3462500000000002,LOW
동일산업,2020,11,0.8035988561838847,15249273.666666666,1717620789.6666667,0.8855653759387491,소외주,1726.0,39.8,145886.0,0.47,철강금속,0.7026190476190477,LOW
디씨엠,2019,10,0.1371965811965812,4421096.380952381,1382344362.4761906,0.3197189769367066,소외주,715.0,17.06,13349.0,0.91,철강금속,0.9631707317073169,LOW
롯데제과,2019,12,0.34804402313519517,5065497.6,1442768030.8,0.3508687773816782,소외주,2192.0,68.2,183085.0,0.82,음식료품,1.0785714285714283,LOW
메리츠금융지주,2020,9,0.7955448889255559,14195647.19047619,1613102538.0952382,0.8796248441518392,소외주,2797.0,3.26,19600.0,0.46,기타금융,0.672,LOW
미원상사,2018,1,0.23595791852578638,7142576.590909091,1638788275.2272727,0.43546683537567626,소외주,25254.0,8.71,208257.0,1.06,화학,2.0458333333333334,LOW
미원상사,2018,4,0.4340818575979458,7812027.0,1638803401.1904762,0.4763979976332588,소외주,25254.0,9.31,208257.0,1.13,화학,2.147441860465116,LOW
미원상사,2018,5,0.322597731474592,9053263.1,1644402624.65,0.5506904628679582,소외주,32510.0,7.4,228360.0,1.05,화학,1.8044444444444452,LOW
미원상사,2018,8,0.18122476158287282,5226406.636363637,1527952908.6363637,0.3420772858876253,소외주,32510.0,7.67,228360.0,1.09,화학,1.7758888888888884,LOW
미원상사,2018,9,0.18916989726813446,6069409.294117647,1542969295.5882354,0.3931282063723475,소외주,32510.0,7.89,228360.0,1.12,화학,1.7448888888888898,LOW
미원에스씨,2018,6,0.37122201088179035,7546209.263157895,1599775900.2105262,0.47096295606117344,소외주,3321.0,18.22,35770.0,1.69,화학,1.8056666666666652,LOW
미원에스씨,2020,5,0.7236078431372549,9957334.47368421,1320678066.5789473,0.7521586946298098,소외주,7559.0,10.16,47326.0,1.62,화학,1.111875,HIGH
미원에스씨,2020,7,0.6395882352941177,13033438.304347826,1487005703.5217392,0.874744942823614,소외주,7559.0,10.62,47326.0,1.7,화학,1.2616666666666665,HIGH
미원에스씨,2020,8,0.930921568627451,16197444.3,1596772035.0,1.0138335220437622,소외주,7559.0,11.44,47326.0,1.83,화학,1.3462500000000002,HIGH
미원에스씨,2020,9,0.8401960784313725,14195647.19047619,1613102538.0952382,0.8796248441518392,소외주,7559.0,12.53,47326.0,2.0,화학,1.3308333333333333,HIGH
미원에스씨,2020,11,0.5911960784313726,15249273.666666666,1717620789.6666667,0.8855653759387491,소외주,7559.0,13.69,47326.0,2.19,화학,1.4682291666666671,HIGH
미원에스씨,2021,1,0.8135490196078432,26477822.2,2129149293.35,1.2436685347301648,소외주,7559.0,13.82,47326.0,2.21,화학,1.6213541666666662,HIGH
미원에스씨,2021,2,0.6265490196078431,19095421.888888888,2133992453.2777777,0.8955554340315732,소외주,7559.0,14.82,47326.0,2.37,화학,1.6708333333333334,HIGH
미원에스씨,2021,5,0.504078431372549,15976395.789473685,2217874507.0,0.7203665890756749,소외주,6769.0,25.19,51194.0,3.33,화학,1.8601041666666667,HIGH
미원에스씨,2021,6,0.7078823529411765,16947706.772727273,2279987060.409091,0.7434450167336567,소외주,6769.0,26.67,51194.0,3.53,화학,1.9439583333333335,HIGH
미원화학,2017,4,0.31110091743119267,4598756.05,1400871421.9,0.32783726157889626,소외주,5017.0,13.35,35341.0,1.9,화학,1.9644047619047622,LOW
미원화학,2018,7,0.27956507015440374,5510769.181818182,1527309146.4545455,0.3608696312306022,소외주,6265.0,7.45,38134.0,1.22,화학,1.720111111111111,LOW
미원화학,2018,9,0.38028903797398844,6069409.294117647,1542969295.5882354,0.3931282063723475,소외주,6265.0,7.17,38134.0,1.18,화학,1.7448888888888898,LOW
미원화학,2018,10,0.3904026212943556,6101581.952380952,1441967973.857143,0.4244951731957202,소외주,6265.0,6.32,38134.0,1.04,화학,1.3527777777777783,LOW
미원화학,2018,12,0.2583218259795863,5249589.157894737,1371269442.0,0.38276591485349426,소외주,6265.0,6.9,38134.0,1.13,화학,1.477555555555555,LOW
미원화학,2019,5,0.3141690229343387,5382849.0,1384116388.9047618,0.3889409605308684,소외주,3675.0,11.35,41025.0,1.02,화학,1.2902127659574467,LOW
미원화학,2020,1,0.3399312862279631,6434673.0,1482796763.9,0.4344625497397481,소외주,3675.0,12.07,41025.0,1.08,화학,1.1851578947368417,LOW
미원화학,2020,3,0.5837851503318378,10096721.454545455,1203158162.5454545,0.8573532841063983,소외주,3675.0,11.28,41025.0,1.01,화학,0.9379999999999995,HIGH
미원화학,2021,5,0.4761129612216428,15976395.789473685,2217874507.0,0.7203665890756749,소외주,6806.0,11.31,51337.0,1.5,화학,1.8601041666666667,LOW
미원화학,2021,6,0.6298004608806202,16947706.772727273,2279987060.409091,0.7434450167336567,소외주,6806.0,11.83,51337.0,1.57,화학,1.9439583333333335,LOW
미원화학,2021,7,0.4135466891711242,13814302.181818182,2283967307.909091,0.6047813477702445,소외주,6806.0,11.96,51337.0,1.59,화학,1.9742268041237114,LOW
미원화학,2021,8,0.29523459623838477,15521821.095238095,2282889808.2380953,0.6794792783800361,소외주,6806.0,11.75,51337.0,1.56,화학,1.982040816326531,LOW
미원화학,2021,9,0.4272330611821752,14061364.421052631,2278255780.0526314,0.6175593717315779,소외주,6806.0,11.65,51337.0,1.54,화학,2.0786734693877547,LOW
미원화학,2021,10,0.35852838308018853,11753813.789473685,2173605748.1578946,0.5415259074732128,소외주,6806.0,11.77,51337.0,1.56,화학,1.983367346938775,LOW
미원화학,2021,11,0.39785965148403923,11717785.818181818,2182238704.6363635,0.5377736168737557,소외주,6806.0,11.49,51337.0,1.52,화학,1.7601010101010102,LOW
미창석유,2018,12,0.1915303574466911,5249589.157894737,1371269442.0,0.38276591485349426,소외주,7310.0,10.47,142513.0,0.54,화학,1.477555555555555,LOW
미창석유,2019,2,0.2524039014250962,5618904.588235294,1458848750.7058823,0.3853572669702385,소외주,7310.0,10.57,142513.0,0.54,화학,1.5652222222222218,LOW
미창석유,2020,7,0.7035809049062122,13033438.304347826,1487005703.5217392,0.874744942823614,소외주,11366.0,5.09,148274.0,0.39,화학,1.2616666666666665,LOW
미창석유,2020,9,0.38375050009427064,14195647.19047619,1613102538.0952382,0.8796248441518392,소외주,11366.0,5.3,148274.0,0.41,화학,1.3308333333333333,LOW
미창석유,2020,10,0.2703383166481958,10847027.0,1611789923.5263157,0.6731917998729725,소외주,11366.0,5.51,148274.0,0.42,화학,1.3032291666666667,LOW
미창석유,2020,11,0.83412275417435,15249273.666666666,1717620789.6666667,0.8855653759387491,소외주,11366.0,5.72,148274.0,0.44,화학,1.4682291666666671,LOW
미창석유,2020,12,0.838606357980125,18199005.333333332,1896653999.857143,0.9590558432486715,소외주,11366.0,5.66,148274.0,0.43,화학,1.5645833333333332,LOW
부국증권,2018,7,0.35326328563303394,5510769.181818182,1527309146.4545455,0.3608696312306022,소외주,3797.0,6.31,35752.0,0.67,증권,0.6146666666666666,HIGH
부국증권,2018,9,0.18032985126355294,6069409.294117647,1542969295.5882354,0.3931282063723475,소외주,3797.0,6.04,35752.0,0.64,증권,0.6253333333333334,HIGH
부국증권,2018,10,0.2579199038446517,6101581.952380952,1441967973.857143,0.4244951731957202,소외주,3797.0,5.78,35752.0,0.61,증권,0.5313333333333333,HIGH
부국증권,2018,11,0.1865015680982414,5292702.0,1396110029.2727273,0.379092720665869,소외주,3797.0,6.28,35752.0,0.67,증권,0.5766666666666668,HIGH
부국증권,2020,1,0.3884999314360833,6434673.0,1482796763.9,0.4344625497397481,소외주,3194.0,6.42,34534.0,0.59,증권,0.506875,HIGH
부국증권,2020,8,0.9177246500106173,16197444.3,1596772035.0,1.0138335220437622,소외주,3070.0,6.5,36295.0,0.55,증권,0.51,HIGH
부국증권,2020,9,0.4391272960956369,14195647.19047619,1613102538.0952382,0.8796248441518392,소외주,3070.0,6.64,36295.0,0.56,증권,0.5058823529411766,HIGH
부국증권,2021,9,0.5388776694362889,14061364.421052631,2278255780.0526314,0.6175593717315779,소외주,6784.0,3.66,41949.0,0.59,증권,0.6583333333333334,LOW
삼원강재,2018,9,0.33937,6069409.294117647,1542969295.5882354,0.3931282063723475,소외주,275.0,11.2,4874.0,0.63,운수장비,0.7883673469387754,LOW
삼정펄프,2018,9,0.31068360392980554,6069409.294117647,1542969295.5882354,0.3931282063723475,소외주,4172.0,8.5,73362.0,0.48,종이목재,1.0050000000000001,LOW
삼정펄프,2018,12,0.3045235324729767,5249589.157894737,1371269442.0,0.38276591485349426,소외주,4172.0,8.02,73362.0,0.46,종이목재,0.9756250000000001,LOW
삼정펄프,2019,1,0.38328444609957474,5603161.363636363,1386157413.6363637,0.4032552534195176,소외주,4172.0,8.86,73362.0,0.5,종이목재,1.075,LOW
삼정펄프,2019,4,0.3582041551681999,5378292.2272727275,1465638150.6363637,0.36671252951950345,소외주,4172.0,8.39,73362.0,0.48,종이목재,1.065,LOW
삼정펄프,2019,5,0.34848404241489206,5382849.0,1384116388.9047618,0.3889409605308684,소외주,,,72139.0,0.48,종이목재,1.0287499999999998,LOW
삼정펄프,2019,10,0.22824264761471233,4421096.380952381,1382344362.4761906,0.3197189769367066,소외주,,,72139.0,0.45,종이목재,1.0124999999999997,LOW
삼정펄프,2019,11,0.24812287822538742,5317097.80952381,1429027490.0952382,0.37201412441539816,소외주,,,72139.0,0.46,종이목재,0.996875,LOW
삼정펄프,2020,1,0.34824403963085976,6434673.0,1482796763.9,0.4344625497397481,소외주,,,72139.0,0.42,종이목재,1.144375,LOW
삼정펄프,2020,2,0.5024458283716091,7582885.65,1460014517.3,0.5216620675978796,소외주,,,72139.0,0.4,종이목재,1.01625,LOW
삼정펄프,2020,10,0.32672378999596396,10847027.0,1611789923.5263157,0.6731917998729725,소외주,1868.0,15.23,73851.0,0.39,종이목재,1.0164705882352942,LOW
삼화왕관,2018,2,0.3388911607474822,6886748.222222222,1607400127.2222223,0.42888500986471795,소외주,5331.0,10.02,59815.0,0.89,기계,1.521923076923077,LOW
삼화왕관,2018,4,0.275392584127491,7812027.0,1638803401.1904762,0.4763979976332588,소외주,5331.0,9.57,59815.0,0.85,기계,1.5867857142857142,LOW
삼화왕관,2018,6,0.3486387492637089,7546209.263157895,1599775900.2105262,0.47096295606117344,소외주,4516.0,10.62,62303.0,0.77,기계,1.2961290322580648,LOW
삼화왕관,2018,7,0.14769917456492104,5510769.181818182,1527309146.4545455,0.3608696312306022,소외주,4516.0,10.45,62303.0,0.76,기계,1.2819354838709676,LOW
삼화왕관,2018,8,0.14992719479720143,5226406.636363637,1527952908.6363637,0.3420772858876253,소외주,4516.0,10.56,62303.0,0.77,기계,1.2845161290322578,LOW
삼화왕관,2018,10,0.2865791023770655,6101581.952380952,1441967973.857143,0.4244951731957202,소외주,4516.0,9.63,62303.0,0.7,기계,1.0467741935483872,LOW
삼화왕관,2018,11,0.17132547244472768,5292702.0,1396110029.2727273,0.379092720665869,소외주,4516.0,9.61,62303.0,0.7,기계,1.0929032258064513,LOW
삼화왕관,2018,12,0.3671591674445397,5249589.157894737,1371269442.0,0.38276591485349426,소외주,4516.0,10.37,62303.0,0.75,기계,1.09,LOW
삼화왕관,2019,2,0.19991839875899273,5618904.588235294,1458848750.7058823,0.3853572669702385,소외주,4516.0,10.12,62303.0,0.73,기계,1.163225806451613,LOW
삼화왕관,2019,3,0.18566835269003273,4921997.25,1428377200.5,0.34430832741815387,소외주,4516.0,10.1,62303.0,0.73,기계,1.1558064516129027,LOW
삼화왕관,2019,5,0.24963110019174897,5382849.0,1384116388.9047618,0.3889409605308684,소외주,5327.0,8.55,64479.0,0.71,기계,1.1006451612903225,LOW
삼화왕관,2019,6,0.2525089596584445,4600446.7894736845,1401948765.631579,0.328197911702071,소외주,5327.0,8.63,64479.0,0.71,기계,1.1538709677419359,LOW
삼화왕관,2019,9,0.2593322716198032,4520648.368421053,1366227666.631579,0.3305468144199756,소외주,5327.0,8.52,64479.0,0.7,기계,1.06,LOW
삼화왕관,2019,10,0.21695347011830324,4421096.380952381,1382344362.4761906,0.3197189769367066,소외주,5327.0,8.68,64479.0,0.72,기계,1.0058064516129033,LOW
삼화왕관,2020,1,0.11093684073229454,6434673.0,1482796763.9,0.4344625497397481,소외주,5327.0,8.24,64479.0,0.68,기계,1.022258064516129,LOW
삼화왕관,2020,2,0.15633275296500757,7582885.65,1460014517.3,0.5216620675978796,소외주,5327.0,7.69,64479.0,0.64,기계,0.9438709677419354,LOW
삼화왕관,2020,3,0.7894154185498466,10096721.454545455,1203158162.5454545,0.8573532841063983,소외주,5327.0,7.11,64479.0,0.59,기계,0.7696774193548385,LOW
삼화왕관,2020,4,0.3763033338145238,10802955.45,1243969280.2,0.8701321292741879,소외주,5327.0,7.34,64479.0,0.61,기계,1.0215625,LOW
삼화왕관,2020,5,0.5438226050291058,9957334.47368421,1320678066.5789473,0.7521586946298098,소외주,4547.0,8.8,67349.0,0.59,기계,1.15375,LOW
삼화왕관,2020,7,0.8298911194362737,13033438.304347826,1487005703.5217392,0.874744942823614,소외주,4547.0,9.06,67349.0,0.61,기계,1.2393749999999997,LOW
삼화왕관,2020,8,0.6797782562863823,16197444.3,1596772035.0,1.0138335220437622,소외주,4547.0,8.67,67349.0,0.59,기계,1.2321874999999998,LOW
삼화왕관,2020,9,0.615722674608321,14195647.19047619,1613102538.0952382,0.8796248441518392,소외주,4547.0,8.54,67349.0,0.58,기계,1.4724242424242424,LOW
삼화왕관,2020,11,0.4450934584861809,15249273.666666666,1717620789.6666667,0.8855653759387491,소외주,4547.0,8.61,67349.0,0.58,기계,1.865151515151515,LOW
삼화왕관,2021,10,0.5147190907449432,11753813.789473685,2173605748.1578946,0.5415259074732128,소외주,819.0,53.3,66914.0,0.65,기계,1.7187179487179491,LOW
새론오토모티브,2019,2,0.20176041666666666,5618904.588235294,1458848750.7058823,0.3853572669702385,소외주,691.0,7.67,11439.0,0.46,운수장비,0.797142857142857,LOW
새론오토모티브,2020,1,0.39035416666666667,6434673.0,1482796763.9,0.4344625497397481,소외주,385.0,11.82,11581.0,0.39,운수장비,0.7715686274509805,LOW
새론오토모티브,2020,9,0.6191093750000001,14195647.19047619,1613102538.0952382,0.8796248441518392,소외주,,,11092.0,0.36,운수장비,0.8535294117647058,LOW
서울가스,2017,1,0.11054000000000001,4111711.45,1332105848.55,0.3084809580932052,소외주,11453.0,7.0,173875.0,0.46,전기가스업,0.455,HIGH
서울가스,2017,2,0.09408,4484081.35,1347227097.25,0.332872062289318,소외주,11453.0,6.98,173875.0,0.46,전기가스업,0.4625,LOW
서울가스,2017,3,0.20566,5025620.090909091,1382749052.590909,0.3634812135281776,소외주,11453.0,7.07,173875.0,0.47,전기가스업,0.47250000000000003,LOW
서울가스,2017,4,0.11066,4598756.05,1400871421.9,0.32783726157889626,소외주,11453.0,6.96,173875.0,0.46,전기가스업,0.4725,LOW
서울가스,2017,5,0.20144,6208851.684210527,1500435875.631579,0.4137612507588453,소외주,5971.0,14.08,177266.0,0.47,전기가스업,0.5049999999999999,LOW
서울가스,2017,6,0.2104,6132872.19047619,1537018560.0952382,0.39906106450836776,소외주,5971.0,14.08,177266.0,0.47,전기가스업,0.51125,LOW
서울가스,2017,7,0.32792,5310060.428571428,1567589319.857143,0.3387411617151975,소외주,5971.0,14.6,177266.0,0.49,전기가스업,0.5087499999999999,LOW
서울가스,2017,9,0.14286,5271438.952380952,1543381995.1904762,0.34141436809326026,소외주,5971.0,15.78,177266.0,0.53,전기가스업,0.4799999999999999,HIGH
서울가스,2017,10,0.23676,6202413.625,1615598492.5,0.3839944110923485,소외주,5971.0,16.13,177266.0,0.54,전기가스업,0.48000000000000004,HIGH
서울가스,2017,11,0.3026,6269779.636363637,1645791085.9545455,0.3812153047557505,소외주,5971.0,16.08,177266.0,0.54,전기가스업,0.48499999999999993,HIGH
서울가스,2017,12,0.09376,5520971.631578947,1604123875.631579,0.34413165406707064,소외주,5971.0,15.79,177266.0,0.53,전기가스업,0.47250000000000003,HIGH
서울가스,2018,1,0.18404,7142576.590909091,1638788275.2272727,0.43546683537567626,소외주,5971.0,15.49,177266.0,0.52,전기가스업,0.48500000000000004,HIGH
서울가스,2018,2,0.15436,6886748.222222222,1607400127.2222223,0.42888500986471795,소외주,5971.0,14.75,177266.0,0.5,전기가스업,0.4775,HIGH
서울가스,2018,3,0.13113999999999998,6883677.857142857,1628916155.6190476,0.4228930866411998,소외주,5971.0,14.24,177266.0,0.48,전기가스업,0.46875000000000006,HIGH
서울가스,2018,4,0.07986,7812027.0,1638803401.1904762,0.4763979976332588,소외주,5971.0,14.5,177266.0,0.49,전기가스업,0.4875,HIGH
서울가스,2018,5,0.2009,9053263.1,1644402624.65,0.5506904628679582,소외주,9350.0,9.69,182485.0,0.5,전기가스업,0.5344444444444444,LOW
서울가스,2018,6,0.12468,7546209.263157895,1599775900.2105262,0.47096295606117344,소외주,9350.0,9.73,182485.0,0.5,전기가스업,0.5288888888888889,LOW
서울가스,2018,7,0.05176,5510769.181818182,1527309146.4545455,0.3608696312306022,소외주,9350.0,9.29,182485.0,0.48,전기가스업,0.5133333333333333,LOW
서울가스,2018,8,0.09305999999999999,5226406.636363637,1527952908.6363637,0.3420772858876253,소외주,9350.0,9.37,182485.0,0.48,전기가스업,0.49444444444444435,LOW
서울가스,2018,9,0.09318,6069409.294117647,1542969295.5882354,0.3931282063723475,소외주,9350.0,9.47,182485.0,0.48,전기가스업,0.5,LOW
서울가스,2018,10,0.13826000000000002,6101581.952380952,1441967973.857143,0.4244951731957202,소외주,9350.0,9.33,182485.0,0.48,전기가스업,0.4566666666666666,HIGH
서울가스,2018,11,0.13186,5292702.0,1396110029.2727273,0.379092720665869,소외주,9350.0,9.52,182485.0,0.49,전기가스업,0.46444444444444444,HIGH
서울가스,2018,12,0.21120000000000003,5249589.157894737,1371269442.0,0.38276591485349426,소외주,9350.0,9.13,182485.0,0.47,전기가스업,0.4477777777777777,HIGH
서울가스,2019,1,0.08174000000000001,5603161.363636363,1386157413.6363637,0.4032552534195176,소외주,9350.0,8.94,182485.0,0.46,전기가스업,0.46888888888888886,LOW
서울가스,2019,2,0.06332,5618904.588235294,1458848750.7058823,0.3853572669702385,소외주,9350.0,8.9,182485.0,0.46,전기가스업,0.4633333333333332,LOW
서울가스,2019,3,0.06899999999999999,4921997.25,1428377200.5,0.34430832741815387,소외주,9350.0,8.98,182485.0,0.46,전기가스업,0.45888888888888896,HIGH
서울가스,2019,4,0.10754,5378292.2272727275,1465638150.6363637,0.36671252951950345,소외주,9350.0,8.78,182485.0,0.45,전기가스업,0.4555555555555555,LOW
서울가스,2019,5,0.12094,5382849.0,1384116388.9047618,0.3889409605308684,소외주,10653.0,7.12,188727.0,0.4,전기가스업,0.41666666666666674,LOW
서울가스,2019,6,0.06994,4600446.7894736845,1401948765.631579,0.328197911702071,소외주,10653.0,7.25,188727.0,0.41,전기가스업,0.4188888888888889,LOW
서울가스,2019,7,0.0421,4429029.478260869,1386277749.3913043,0.3196414166485545,소외주,10653.0,6.96,188727.0,0.39,전기가스업,0.41222222222222216,LOW
서울가스,2019,8,0.05608,4662803.333333333,1297011945.4761906,0.3597976258187877,소외주,10653.0,6.58,188727.0,0.37,전기가스업,0.3888888888888889,LOW
서울가스,2019,9,0.06181999999999999,4520648.368421053,1366227666.631579,0.3305468144199756,소외주,10653.0,6.31,188727.0,0.36,전기가스업,0.39333333333333337,LOW
서울가스,2019,10,0.03966,4421096.380952381,1382344362.4761906,0.3197189769367066,소외주,10653.0,6.36,188727.0,0.36,전기가스업,0.38555555555555554,LOW
서울가스,2019,11,0.09083999999999999,5317097.80952381,1429027490.0952382,0.37201412441539816,소외주,10653.0,6.74,188727.0,0.38,전기가스업,0.39444444444444443,LOW
서울가스,2019,12,0.22813999999999998,5065497.6,1442768030.8,0.3508687773816782,소외주,10653.0,6.63,188727.0,0.37,전기가스업,0.38555555555555565,LOW
서울가스,2020,1,0.10258,6434673.0,1482796763.9,0.4344625497397481,소외주,10653.0,6.81,188727.0,0.38,전기가스업,0.3566666666666667,HIGH
서울가스,2020,2,0.06526,7582885.65,1460014517.3,0.5216620675978796,소외주,10653.0,6.52,188727.0,0.37,전기가스업,0.33222222222222225,HIGH
서울가스,2020,3,0.19232,10096721.454545455,1203158162.5454545,0.8573532841063983,소외주,10653.0,5.75,188727.0,0.32,전기가스업,0.29666666666666663,HIGH
서울가스,2020,4,0.12918000000000002,10802955.45,1243969280.2,0.8701321292741879,소외주,10653.0,6.53,188727.0,0.37,전기가스업,0.3377777777777778,HIGH
서울가스,2020,5,0.34064,9957334.47368421,1320678066.5789473,0.7521586946298098,소외주,7512.0,9.9,192791.0,0.39,전기가스업,0.3444444444444444,HIGH
서울가스,2020,6,0.36074,13074635.409090908,1435652800.2272727,0.9104022837640375,소외주,7512.0,9.17,192791.0,0.36,전기가스업,0.32111111111111107,HIGH
서울가스,2020,7,0.11746000000000001,13033438.304347826,1487005703.5217392,0.874744942823614,소외주,7512.0,8.89,192791.0,0.35,전기가스업,0.33,HIGH
서울가스,2020,8,0.27542,16197444.3,1596772035.0,1.0138335220437622,소외주,7512.0,9.04,192791.0,0.35,전기가스업,0.32333333333333336,HIGH
서울가스,2021,1,1.20752,26477822.2,2129149293.35,1.2436685347301648,소외주,7512.0,11.85,192791.0,0.46,전기가스업,0.396,HIGH
세아홀딩스,2017,1,0.20547500000000002,4111711.45,1332105848.55,0.3084809580932052,소외주,28989.0,4.45,381497.0,0.34,철강금속,1.01425,LOW
세아홀딩스,2017,2,0.2006,4484081.35,1347227097.25,0.332872062289318,소외주,28989.0,4.59,381497.0,0.35,철강금속,0.9984999999999997,LOW
세아홀딩스,2017,4,0.2894,4598756.05,1400871421.9,0.32783726157889626,소외주,28989.0,4.73,381497.0,0.36,철강금속,0.9677499999999999,LOW
세아홀딩스,2017,5,0.236975,6208851.684210527,1500435875.631579,0.4137612507588453,소외주,22519.0,6.64,429622.0,0.35,철강금속,0.9057500000000003,LOW
세아홀딩스,2017,6,0.326625,6132872.19047619,1537018560.0952382,0.39906106450836776,소외주,22519.0,6.86,429622.0,0.36,철강금속,0.9240000000000002,LOW
세아홀딩스,2017,9,0.33094999999999997,5271438.952380952,1543381995.1904762,0.34141436809326026,소외주,22519.0,6.42,429622.0,0.34,철강금속,0.79925,LOW
세아홀딩스,2017,11,0.22755000000000003,6269779.636363637,1645791085.9545455,0.3812153047557505,소외주,22519.0,7.17,429622.0,0.38,철강금속,0.7875000000000001,LOW
세아홀딩스,2018,1,0.2681,7142576.590909091,1638788275.2272727,0.43546683537567626,소외주,22519.0,7.02,429622.0,0.37,철강금속,0.8397500000000001,LOW
세아홀딩스,2018,2,0.329925,6886748.222222222,1607400127.2222223,0.42888500986471795,소외주,22519.0,6.19,429622.0,0.32,철강금속,0.7905,LOW
세아홀딩스,2018,4,0.38615,7812027.0,1638803401.1904762,0.4763979976332588,소외주,22519.0,6.11,429622.0,0.32,철강금속,1.0175,LOW
세아홀딩스,2018,5,0.283125,9053263.1,1644402624.65,0.5506904628679582,소외주,33612.0,4.14,466950.0,0.3,철강금속,1.0787500000000003,LOW
세아홀딩스,2018,6,0.2006,7546209.263157895,1599775900.2105262,0.47096295606117344,소외주,33612.0,4.12,466950.0,0.3,철강금속,0.8887500000000002,LOW
세아홀딩스,2018,7,0.29650000000000004,5510769.181818182,1527309146.4545455,0.3608696312306022,소외주,33612.0,3.93,466950.0,0.28,철강금속,0.8337499999999999,LOW
세아홀딩스,2018,8,0.233,5226406.636363637,1527952908.6363637,0.3420772858876253,소외주,33612.0,3.67,466950.0,0.26,철강금속,0.8934999999999998,LOW
세아홀딩스,2018,9,0.20339999999999997,6069409.294117647,1542969295.5882354,0.3931282063723475,소외주,33612.0,3.78,466950.0,0.27,철강금속,0.90075,LOW
세아홀딩스,2018,10,0.32532500000000003,6101581.952380952,1441967973.857143,0.4244951731957202,소외주,33612.0,2.97,466950.0,0.21,철강금속,0.7584615384615385,LOW
세아홀딩스,2018,11,0.177925,5292702.0,1396110029.2727273,0.379092720665869,소외주,33612.0,3.11,466950.0,0.22,철강금속,0.7856410256410254,LOW
세아홀딩스,2018,12,0.175325,5249589.157894737,1371269442.0,0.38276591485349426,소외주,33612.0,2.89,466950.0,0.21,철강금속,0.7999999999999998,LOW
세아홀딩스,2019,1,0.251,5603161.363636363,1386157413.6363637,0.4032552534195176,소외주,33612.0,2.87,466950.0,0.21,철강금속,0.8700000000000002,LOW
세아홀딩스,2019,5,0.37225,5382849.0,1384116388.9047618,0.3889409605308684,소외주,8193.0,11.02,484651.0,0.19,철강금속,0.8136585365853657,LOW
세아홀딩스,2019,6,0.2408,4600446.7894736845,1401948765.631579,0.328197911702071,소외주,8193.0,11.34,484651.0,0.19,철강금속,0.8707317073170733,LOW
세아홀딩스,2019,7,0.2067,4429029.478260869,1386277749.3913043,0.3196414166485545,소외주,8193.0,10.52,484651.0,0.18,철강금속,0.7682926829268293,LOW
세아홀딩스,2019,8,0.19525,4662803.333333333,1297011945.4761906,0.3597976258187877,소외주,8193.0,9.91,484651.0,0.17,철강금속,0.8841463414634144,LOW
세아홀딩스,2019,9,0.1459,4520648.368421053,1366227666.631579,0.3305468144199756,소외주,8193.0,10.02,484651.0,0.17,철강금속,0.9765853658536587,LOW
세아홀딩스,2019,10,0.1943,4421096.380952381,1382344362.4761906,0.3197189769367066,소외주,8193.0,9.91,484651.0,0.17,철강금속,0.9631707317073169,LOW
세아홀딩스,2019,11,0.22737500000000002,5317097.80952381,1429027490.0952382,0.37201412441539816,소외주,8193.0,9.68,484651.0,0.16,철강금속,0.988780487804878,LOW
세아홀딩스,2020,1,0.4155,6434673.0,1482796763.9,0.4344625497397481,소외주,8193.0,8.73,484651.0,0.15,철강금속,0.6765853658536586,LOW
세아홀딩스,2020,2,0.3156,7582885.65,1460014517.3,0.5216620675978796,소외주,8193.0,8.1,484651.0,0.14,철강금속,0.6048780487804878,LOW
세아홀딩스,2020,4,0.488025,10802955.45,1243969280.2,0.8701321292741879,소외주,8193.0,8.25,484651.0,0.14,철강금속,0.6011904761904762,LOW
세아홀딩스,2020,5,0.23562499999999997,9957334.47368421,1320678066.5789473,0.7521586946298098,소외주,7707.0,9.12,491403.0,0.14,철강금속,0.6516666666666667,LOW
세아홀딩스,2020,6,0.37595,13074635.409090908,1435652800.2272727,0.9104022837640375,소외주,7707.0,9.32,491403.0,0.15,철강금속,0.6266666666666667,LOW
세아홀딩스,2020,7,0.13825,13033438.304347826,1487005703.5217392,0.874744942823614,소외주,7707.0,9.58,491403.0,0.15,철강금속,0.6545238095238096,LOW
세아홀딩스,2020,8,0.345125,16197444.3,1596772035.0,1.0138335220437622,소외주,7707.0,9.38,491403.0,0.15,철강금속,0.6442857142857142,LOW
세아홀딩스,2020,9,0.198425,14195647.19047619,1613102538.0952382,0.8796248441518392,소외주,7707.0,9.15,491403.0,0.14,철강금속,0.6659523809523811,LOW
세아홀딩스,2020,10,0.19137500000000002,10847027.0,1611789923.5263157,0.6731917998729725,소외주,7707.0,9.12,491403.0,0.14,철강금속,0.6242857142857144,LOW
세아홀딩스,2020,11,0.42640000000000006,15249273.666666666,1717620789.6666667,0.8855653759387491,소외주,7707.0,9.96,491403.0,0.16,철강금속,0.7026190476190477,LOW
세아홀딩스,2020,12,0.303475,18199005.333333332,1896653999.857143,0.9590558432486715,소외주,7707.0,9.93,491403.0,0.16,철강금속,0.7404761904761904,LOW
세아홀딩스,2021,1,0.80815,26477822.2,2129149293.35,1.2436685347301648,소외주,7707.0,9.64,491403.0,0.15,철강금속,0.7319047619047617,LOW
세아홀딩스,2021,2,0.43705000000000005,19095421.888888888,2133992453.2777777,0.8955554340315732,소외주,7707.0,9.59,491403.0,0.15,철강금속,0.768095238095238,LOW
세아홀딩스,2021,3,0.598225,15133624.5,2102071782.0454545,0.7202361547618774,소외주,7707.0,10.95,491403.0,0.17,철강금속,0.805952380952381,LOW
세아홀딩스,2021,6,0.6087,16947706.772727273,2279987060.409091,0.7434450167336567,소외주,,,464459.0,0.23,철강금속,1.062325581395349,LOW
세아홀딩스,2021,7,0.5539999999999999,13814302.181818182,2283967307.909091,0.6047813477702445,소외주,,,464459.0,0.22,철강금속,1.0888636363636364,LOW
세아홀딩스,2021,12,0.353675,9919548.954545455,2210272304.318182,0.4489528193279679,소외주,,,464459.0,0.22,철강금속,1.0106666666666666,LOW
신영와코루,2017,9,0.30144444444444446,5271438.952380952,1543381995.1904762,0.34141436809326026,소외주,19255.0,8.41,333631.0,0.49,섬유의복,0.901818181818182,LOW
신영와코루,2017,10,0.18455555555555556,6202413.625,1615598492.5,0.3839944110923485,소외주,19255.0,8.31,333631.0,0.48,섬유의복,0.9413636363636363,LOW
신영와코루,2017,11,0.3477777777777778,6269779.636363637,1645791085.9545455,0.3812153047557505,소외주,19255.0,7.82,333631.0,0.45,섬유의복,1.001818181818182,LOW
신영와코루,2017,12,0.27011111111111114,5520971.631578947,1604123875.631579,0.34413165406707064,소외주,19255.0,7.79,333631.0,0.45,섬유의복,0.9413636363636363,LOW
신영와코루,2018,2,0.27599999999999997,6886748.222222222,1607400127.2222223,0.42888500986471795,소외주,19255.0,7.09,333631.0,0.41,섬유의복,0.9477272727272728,LOW
신영와코루,2018,3,0.3736666666666667,6883677.857142857,1628916155.6190476,0.4228930866411998,소외주,19255.0,7.06,333631.0,0.41,섬유의복,0.9736363636363635,LOW
신영와코루,2018,4,0.4564444444444445,7812027.0,1638803401.1904762,0.4763979976332588,소외주,19255.0,6.99,333631.0,0.4,섬유의복,1.1047826086956523,LOW
신영와코루,2018,6,0.3178888888888889,7546209.263157895,1599775900.2105262,0.47096295606117344,소외주,10140.0,14.15,338648.0,0.42,섬유의복,1.1073913043478263,LOW
신영와코루,2018,7,0.1488888888888889,5510769.181818182,1527309146.4545455,0.3608696312306022,소외주,10140.0,14.0,338648.0,0.42,섬유의복,1.0808695652173914,LOW
신영와코루,2018,8,0.15788888888888888,5226406.636363637,1527952908.6363637,0.3420772858876253,소외주,10140.0,13.51,338648.0,0.4,섬유의복,1.1821739130434783,LOW
신영와코루,2018,9,0.3736666666666667,6069409.294117647,1542969295.5882354,0.3931282063723475,소외주,10140.0,12.92,338648.0,0.39,섬유의복,1.1865217391304343,LOW
신영와코루,2018,11,0.3744444444444444,5292702.0,1396110029.2727273,0.379092720665869,소외주,10140.0,13.12,338648.0,0.39,섬유의복,0.8630434782608696,LOW
신영와코루,2019,1,0.1918888888888889,5603161.363636363,1386157413.6363637,0.4032552534195176,소외주,10140.0,13.36,338648.0,0.4,섬유의복,0.9008695652173913,LOW
신영와코루,2019,2,0.2737777777777778,5618904.588235294,1458848750.7058823,0.3853572669702385,소외주,10140.0,13.02,338648.0,0.39,섬유의복,0.9008695652173913,LOW
신영와코루,2019,3,0.21555555555555556,4921997.25,1428377200.5,0.34430832741815387,소외주,10140.0,12.38,338648.0,0.37,섬유의복,0.9460869565217389,LOW
신영와코루,2019,5,0.27455555555555555,5382849.0,1384116388.9047618,0.3889409605308684,소외주,3010.0,39.7,342569.0,0.35,섬유의복,0.8843478260869565,LOW
신영와코루,2019,6,0.2023333333333333,4600446.7894736845,1401948765.631579,0.328197911702071,소외주,3010.0,39.7,342569.0,0.35,섬유의복,0.9082608695652172,LOW
신영와코루,2019,9,0.1471111111111111,4520648.368421053,1366227666.631579,0.3305468144199756,소외주,3010.0,36.21,342569.0,0.32,섬유의복,0.8908695652173914,LOW
신영와코루,2019,10,0.13844444444444445,4421096.380952381,1382344362.4761906,0.3197189769367066,소외주,3010.0,33.72,342569.0,0.3,섬유의복,0.8608695652173913,LOW
신영와코루,2019,11,0.24166666666666667,5317097.80952381,1429027490.0952382,0.37201412441539816,소외주,3010.0,34.22,342569.0,0.3,섬유의복,0.866521739130435,LOW
신영와코루,2020,1,0.17855555555555555,6434673.0,1482796763.9,0.4344625497397481,소외주,3010.0,32.23,342569.0,0.28,섬유의복,0.7982608695652174,LOW
신영와코루,2020,2,0.24055555555555558,7582885.65,1460014517.3,0.5216620675978796,소외주,3010.0,30.4,342569.0,0.27,섬유의복,0.7173913043478259,LOW
신영와코루,2020,8,0.9027777777777777,16197444.3,1596772035.0,1.0138335220437622,소외주,4238.0,23.08,343727.0,0.28,섬유의복,0.7841666666666667,LOW
신영와코루,2020,9,0.603,14195647.19047619,1613102538.0952382,0.8796248441518392,소외주,4238.0,22.53,343727.0,0.28,섬유의복,0.7720833333333332,LOW
신영증권,2018,9,0.2564179873148313,6069409.294117647,1542969295.5882354,0.3931282063723475,소외주,7931.0,7.35,68060.0,0.86,증권,0.6253333333333334,HIGH
신흥,2017,5,0.32117708333333334,6208851.684210527,1500435875.631579,0.4137612507588453,소외주,121.0,90.91,8815.0,1.25,유통업,1.528775510204082,LOW
신흥,2017,10,0.33107291666666666,6202413.625,1615598492.5,0.3839944110923485,소외주,121.0,86.36,8815.0,1.19,유통업,1.2830000000000001,LOW
신흥,2018,9,0.25958333333333333,6069409.294117647,1542969295.5882354,0.3931282063723475,소외주,332.0,31.02,8997.0,1.14,유통업,1.5105769230769233,LOW
신흥,2018,11,0.2881875,5292702.0,1396110029.2727273,0.379092720665869,소외주,332.0,31.02,8997.0,1.14,유통업,1.290192307692308,LOW
신흥,2018,12,0.24488541666666663,5249589.157894737,1371269442.0,0.38276591485349426,소외주,332.0,31.02,8997.0,1.14,유통업,1.2709615384615387,LOW
신흥,2019,8,0.3231458333333333,4662803.333333333,1297011945.4761906,0.3597976258187877,소외주,320.0,30.0,9094.0,1.06,유통업,1.140555555555555,LOW
신흥,2019,9,0.30738541666666663,4520648.368421053,1366227666.631579,0.3305468144199756,소외주,320.0,29.59,9094.0,1.04,유통업,1.1801851851851852,LOW
신흥,2019,12,0.2545208333333333,5065497.6,1442768030.8,0.3508687773816782,소외주,320.0,29.72,9094.0,1.05,유통업,1.1146296296296294,LOW
신흥,2020,7,0.6013645833333333,13033438.304347826,1487005703.5217392,0.874744942823614,소외주,214.0,42.43,9162.0,0.99,유통업,1.1353571428571427,LOW
신흥,2020,8,0.7571770833333333,16197444.3,1596772035.0,1.0138335220437622,소외주,214.0,42.76,9162.0,1.0,유통업,1.0691071428571428,LOW
신흥,2020,9,0.47577083333333337,14195647.19047619,1613102538.0952382,0.8796248441518392,소외주,214.0,42.62,9162.0,1.0,유통업,1.136607142857143,LOW
영원무역홀딩스,2019,1,0.3225382513645172,5603161.363636363,1386157413.6363637,0.4032552534195176,소외주,6169.0,9.99,65108.0,0.95,기타금융,0.862452830188679,HIGH
예스코홀딩스,2018,6,0.38076666666666664,7546209.263157895,1599775900.2105262,0.47096295606117344,소외주,4481.0,9.16,106531.0,0.39,서비스업,1.9735714285714276,LOW
예스코홀딩스,2018,7,0.2596,5510769.181818182,1527309146.4545455,0.3608696312306022,소외주,4481.0,8.77,106531.0,0.37,서비스업,1.8650000000000004,LOW
예스코홀딩스,2018,8,0.21328333333333332,5226406.636363637,1527952908.6363637,0.3420772858876253,소외주,4481.0,8.83,106531.0,0.37,서비스업,1.832909090909091,LOW
예스코홀딩스,2018,9,0.17763333333333334,6069409.294117647,1542969295.5882354,0.3931282063723475,소외주,4481.0,9.06,106531.0,0.38,서비스업,1.9208928571428565,LOW
예스코홀딩스,2018,11,0.3143666666666667,5292702.0,1396110029.2727273,0.379092720665869,소외주,4481.0,9.08,106531.0,0.38,서비스업,1.7550877192982457,LOW
예스코홀딩스,2018,12,0.23739999999999997,5249589.157894737,1371269442.0,0.38276591485349426,소외주,4481.0,8.92,106531.0,0.38,서비스업,1.7084210526315786,LOW
예스코홀딩스,2019,2,0.23925000000000002,5618904.588235294,1458848750.7058823,0.3853572669702385,소외주,4481.0,9.18,106531.0,0.39,서비스업,1.8089473684210522,LOW
예스코홀딩스,2019,3,0.2895,4921997.25,1428377200.5,0.34430832741815387,소외주,4481.0,9.17,106531.0,0.39,서비스업,1.8574576271186443,LOW
예스코홀딩스,2019,4,0.23869999999999997,5378292.2272727275,1465638150.6363637,0.36671252951950345,소외주,4481.0,9.31,106531.0,0.39,서비스업,1.7993333333333337,LOW
예스코홀딩스,2019,5,0.3173333333333333,5382849.0,1384116388.9047618,0.3889409605308684,소외주,1625.0,25.54,97699.0,0.42,서비스업,1.7675409836065572,LOW
예스코홀딩스,2019,6,0.25486666666666663,4600446.7894736845,1401948765.631579,0.328197911702071,소외주,1625.0,25.78,97699.0,0.43,서비스업,1.8093442622950828,LOW
예스코홀딩스,2019,7,0.17953333333333332,4429029.478260869,1386277749.3913043,0.3196414166485545,소외주,1625.0,24.95,97699.0,0.42,서비스업,1.7157377049180322,LOW
예스코홀딩스,2019,12,0.34731666666666666,5065497.6,1442768030.8,0.3508687773816782,소외주,1625.0,23.02,97699.0,0.38,서비스업,1.8583870967741936,LOW
예스코홀딩스,2020,4,0.45333333333333337,10802955.45,1243969280.2,0.8701321292741879,소외주,1625.0,21.11,97699.0,0.35,서비스업,1.8725373134328351,LOW
예스코홀딩스,2020,5,0.2514166666666667,9957334.47368421,1320678066.5789473,0.7521586946298098,소외주,4611.0,7.49,91813.0,0.38,서비스업,1.894029850746268,LOW
예스코홀딩스,2020,7,0.3712,13033438.304347826,1487005703.5217392,0.874744942823614,소외주,4611.0,7.4,91813.0,0.37,서비스업,2.192537313432836,LOW
예스코홀딩스,2020,8,0.3191333333333333,16197444.3,1596772035.0,1.0138335220437622,소외주,4611.0,7.61,91813.0,0.38,서비스업,2.2517910447761187,LOW
예스코홀딩스,2020,9,0.4873333333333334,14195647.19047619,1613102538.0952382,0.8796248441518392,소외주,4611.0,7.66,91813.0,0.38,서비스업,2.2465671641791043,LOW
예스코홀딩스,2020,10,0.3245166666666667,10847027.0,1611789923.5263157,0.6731917998729725,소외주,4611.0,7.66,91813.0,0.38,서비스업,2.053432835820895,LOW
예스코홀딩스,2020,11,0.73415,15249273.666666666,1717620789.6666667,0.8855653759387491,소외주,4611.0,7.44,91813.0,0.37,서비스업,2.1614925373134333,LOW
예스코홀딩스,2021,1,0.9067666666666666,26477822.2,2129149293.35,1.2436685347301648,소외주,4611.0,7.53,91813.0,0.38,서비스업,2.4349253731343286,LOW
예스코홀딩스,2021,3,0.4285833333333333,15133624.5,2102071782.0454545,0.7202361547618774,소외주,4611.0,7.31,91813.0,0.37,서비스업,2.5211940298507463,LOW
원림,2020,8,0.9219545454545455,16197444.3,1596772035.0,1.0138335220437622,소외주,1514.0,11.96,41154.0,0.44,섬유의복,0.7841666666666667,LOW
원림,2020,9,0.7732272727272728,14195647.19047619,1613102538.0952382,0.8796248441518392,소외주,1514.0,11.26,41154.0,0.41,섬유의복,0.7720833333333332,LOW
유화증권,2017,2,0.27586126622649143,4484081.35,1347227097.25,0.332872062289318,소외주,787.0,18.81,31638.0,0.47,증권,0.6715384615384614,LOW
유화증권,2017,3,0.18127093881274722,5025620.090909091,1382749052.590909,0.3634812135281776,소외주,787.0,19.19,31638.0,0.48,증권,0.6915384615384615,LOW
유화증권,2017,4,0.3122530142675581,4598756.05,1400871421.9,0.32783726157889626,소외주,787.0,19.25,31638.0,0.48,증권,0.6976923076923078,LOW
유화증권,2017,5,0.38657083653315294,6208851.684210527,1500435875.631579,0.4137612507588453,소외주,592.0,26.35,30841.0,0.51,증권,0.76,LOW
유화증권,2018,8,0.23913443545570326,5226406.636363637,1527952908.6363637,0.3420772858876253,소외주,621.0,22.95,30967.0,0.46,증권,0.6113333333333333,LOW
유화증권,2018,9,0.2416387379620427,6069409.294117647,1542969295.5882354,0.3931282063723475,소외주,621.0,22.95,30967.0,0.46,증권,0.6253333333333334,LOW
유화증권,2018,10,0.26788982444574894,6101581.952380952,1441967973.857143,0.4244951731957202,소외주,621.0,21.74,30967.0,0.44,증권,0.5313333333333333,LOW
유화증권,2018,11,0.34465904141825354,5292702.0,1396110029.2727273,0.379092720665869,소외주,621.0,21.98,30967.0,0.44,증권,0.5766666666666668,LOW
유화증권,2020,2,0.38195904001619685,7582885.65,1460014517.3,0.5216620675978796,소외주,469.0,23.35,30739.0,0.36,증권,0.4575000000000001,LOW
유화증권,2020,4,0.617686213188627,10802955.45,1243969280.2,0.8701321292741879,소외주,94.0,24.47,6148.0,0.37,증권,0.4835294117647058,LOW
유화증권,2020,5,0.2152659635396482,9957334.47368421,1320678066.5789473,0.7521586946298098,소외주,99.0,22.73,6180.0,0.36,증권,0.4729411764705883,LOW
유화증권,2020,6,0.6100040007114336,13074635.409090908,1435652800.2272727,0.9104022837640375,소외주,99.0,22.02,6180.0,0.35,증권,0.46235294117647063,LOW
유화증권,2020,7,0.20748675343016695,13033438.304347826,1487005703.5217392,0.874744942823614,소외주,99.0,21.72,6180.0,0.35,증권,0.4964705882352941,LOW
유화증권,2020,8,0.5299686089208018,16197444.3,1596772035.0,1.0138335220437622,소외주,99.0,22.42,6180.0,0.36,증권,0.51,LOW
유화증권,2020,10,0.3443645213347615,10847027.0,1611789923.5263157,0.6731917998729725,소외주,99.0,22.53,6180.0,0.36,증권,0.5164705882352942,LOW
유화증권,2020,12,0.7684275881371191,18199005.333333332,1896653999.857143,0.9590558432486715,소외주,99.0,23.33,6180.0,0.37,증권,0.5852941176470589,LOW
유화증권,2021,2,0.7242337032734849,19095421.888888888,2133992453.2777777,0.8955554340315732,소외주,99.0,22.78,6180.0,0.36,증권,0.5970588235294116,LOW
이화산업,2019,1,0.36539285714285713,5603161.363636363,1386157413.6363637,0.4032552534195176,소외주,,,38463.0,0.53,유통업,1.3688461538461536,LOW
이화산업,2019,7,0.3018571428571429,4429029.478260869,1386277749.3913043,0.3196414166485545,소외주,,,37973.0,0.42,유통업,1.1435185185185184,LOW
이화산업,2019,10,0.28932142857142856,4421096.380952381,1382344362.4761906,0.3197189769367066,소외주,,,37973.0,0.4,유통업,1.1140740740740742,LOW
이화산업,2019,11,0.24132142857142858,5317097.80952381,1429027490.0952382,0.37201412441539816,소외주,,,37973.0,0.41,유통업,1.102222222222222,LOW
이화산업,2020,1,0.42428571428571427,6434673.0,1482796763.9,0.4344625497397481,소외주,,,37973.0,0.38,유통업,1.116,LOW
인천도시가스,2018,6,0.4080458009753234,7546209.263157895,1599775900.2105262,0.47096295606117344,소외주,3331.0,9.01,39095.0,0.77,전기가스업,0.5288888888888889,HIGH
인천도시가스,2018,8,0.33921907380392136,5226406.636363637,1527952908.6363637,0.3420772858876253,소외주,3331.0,9.1,39095.0,0.78,전기가스업,0.49444444444444435,HIGH
인천도시가스,2018,9,0.13436184068864215,6069409.294117647,1542969295.5882354,0.3931282063723475,소외주,3331.0,9.14,39095.0,0.78,전기가스업,0.5,HIGH
인천도시가스,2019,9,0.2919707028098037,4520648.368421053,1366227666.631579,0.3305468144199756,소외주,3912.0,7.45,41158.0,0.71,전기가스업,0.39333333333333337,HIGH
인천도시가스,2019,10,0.27832422120192357,4421096.380952381,1382344362.4761906,0.3197189769367066,소외주,3912.0,7.48,41158.0,0.71,전기가스업,0.38555555555555554,HIGH
인천도시가스,2020,7,0.6186633579853862,13033438.304347826,1487005703.5217392,0.874744942823614,소외주,2598.0,9.31,42280.0,0.57,전기가스업,0.33,HIGH
인천도시가스,2020,8,0.8806209446291152,16197444.3,1596772035.0,1.0138335220437622,소외주,2598.0,9.47,42280.0,0.58,전기가스업,0.32333333333333336,HIGH
인천도시가스,2021,8,0.5530596691836843,15521821.095238095,2282889808.2380953,0.6794792783800361,소외주,2762.0,10.1,43813.0,0.64,전기가스업,0.52,HIGH
일성신약,2017,10,0.2437593984962406,6202413.625,1615598492.5,0.3839944110923485,소외주,2245.0,61.25,120339.0,1.14,의약품,2.66425,LOW
일성신약,2017,12,0.24248120300751883,5520971.631578947,1604123875.631579,0.34413165406707064,소외주,2245.0,59.69,120339.0,1.11,의약품,3.097500000000001,LOW
일성신약,2018,2,0.3960526315789473,6886748.222222222,1607400127.2222223,0.42888500986471795,소외주,2245.0,51.89,120339.0,0.97,의약품,3.9048780487804877,LOW
일성신약,2018,3,0.347218045112782,6883677.857142857,1628916155.6190476,0.4228930866411998,소외주,2245.0,52.12,120339.0,0.97,의약품,4.145609756097562,LOW
일성신약,2018,4,0.4106390977443609,7812027.0,1638803401.1904762,0.4763979976332588,소외주,2245.0,51.22,120339.0,0.96,의약품,3.989512195121952,LOW
일성신약,2018,6,0.4016541353383459,7546209.263157895,1599775900.2105262,0.47096295606117344,소외주,1956.0,51.38,121363.0,0.83,의약품,3.5423809523809533,LOW
일성신약,2018,7,0.1950375939849624,5510769.181818182,1527309146.4545455,0.3608696312306022,소외주,1956.0,52.4,121363.0,0.84,의약품,3.4285714285714284,LOW
일성신약,2018,8,0.13631578947368422,5226406.636363637,1527952908.6363637,0.3420772858876253,소외주,1956.0,52.4,121363.0,0.84,의약품,4.079285714285714,LOW
일성신약,2018,9,0.2018421052631579,6069409.294117647,1542969295.5882354,0.3931282063723475,소외주,1956.0,51.89,121363.0,0.84,의약품,4.2335714285714285,LOW
일성신약,2018,10,0.35545112781954885,6101581.952380952,1441967973.857143,0.4244951731957202,소외주,1956.0,48.77,121363.0,0.79,의약품,3.037441860465116,LOW
일성신약,2019,1,0.30447368421052634,5603161.363636363,1386157413.6363637,0.4032552534195176,소외주,1956.0,48.88,121363.0,0.79,의약품,3.5260465116279076,LOW
일성신약,2019,2,0.36101503759398496,5618904.588235294,1458848750.7058823,0.3853572669702385,소외주,1956.0,48.21,121363.0,0.78,의약품,3.467906976744187,LOW
일성신약,2019,5,0.29548872180451125,5382849.0,1384116388.9047618,0.3889409605308684,소외주,2192.0,40.37,121930.0,0.73,의약품,2.927674418604651,LOW
일성신약,2019,6,0.2731954887218045,4600446.7894736845,1401948765.631579,0.328197911702071,소외주,2192.0,40.69,121930.0,0.73,의약품,2.876046511627907,LOW
일성신약,2019,7,0.17774436090225565,4429029.478260869,1386277749.3913043,0.3196414166485545,소외주,2192.0,39.96,121930.0,0.72,의약품,2.621860465116279,LOW
일성신약,2019,8,0.34924812030075186,4662803.333333333,1297011945.4761906,0.3597976258187877,소외주,2192.0,37.55,121930.0,0.67,의약품,2.541162790697674,LOW
일성신약,2019,12,0.20500000000000002,5065497.6,1442768030.8,0.3508687773816782,소외주,2192.0,37.45,121930.0,0.67,의약품,2.9025581395348836,LOW
일정실업,2019,1,0.36625,5603161.363636363,1386157413.6363637,0.4032552534195176,소외주,,,42431.0,0.44,섬유의복,0.9008695652173913,LOW
일정실업,2019,12,0.30374999999999996,5065497.6,1442768030.8,0.3508687773816782,소외주,,,35720.0,0.51,섬유의복,0.8769565217391303,LOW
제일연마,2017,10,0.32820000000000005,6202413.625,1615598492.5,0.3839944110923485,소외주,622.0,9.34,7028.0,0.83,비금속광물,0.9974999999999998,LOW
제주은행,2020,7,0.7899492212183384,13033438.304347826,1487005703.5217392,0.874744942823614,소외주,796.0,3.89,15491.0,0.2,은행,0.22,LOW
조광피혁,2018,5,0.4921840996532182,9053263.1,1644402624.65,0.5506904628679582,소외주,6005.0,6.18,33938.0,1.09,기타제조업,1.8685714285714288,LOW
조광피혁,2018,6,0.3980215179772175,7546209.263157895,1599775900.2105262,0.47096295606117344,소외주,6005.0,5.68,33938.0,1.0,기타제조업,1.6492857142857142,LOW
조광피혁,2018,8,0.27922416409465406,5226406.636363637,1527952908.6363637,0.3420772858876253,소외주,6005.0,5.66,33938.0,1.0,기타제조업,1.705,LOW
조광피혁,2018,9,0.2346319177012118,6069409.294117647,1542969295.5882354,0.3931282063723475,소외주,6005.0,6.04,33938.0,1.07,기타제조업,1.7985714285714287,LOW
조광피혁,2018,12,0.22087073542465205,5249589.157894737,1371269442.0,0.38276591485349426,소외주,6005.0,5.74,33938.0,1.02,기타제조업,1.4857142857142855,LOW
조광피혁,2019,9,0.32022195959837196,4520648.368421053,1366227666.631579,0.3305468144199756,소외주,3799.0,9.75,35688.0,1.04,기타제조업,1.5271428571428574,LOW
조광피혁,2019,11,0.3661677649042628,5317097.80952381,1429027490.0952382,0.37201412441539816,소외주,3799.0,10.37,35688.0,1.1,기타제조업,1.9173333333333333,LOW
조광피혁,2020,1,0.28594684002648163,6434673.0,1482796763.9,0.4344625497397481,소외주,3799.0,9.99,35688.0,1.06,기타제조업,1.948,LOW
조광피혁,2020,2,0.4123993215361149,7582885.65,1460014517.3,0.5216620675978796,소외주,3799.0,10.15,35688.0,1.08,기타제조업,1.6806666666666665,LOW
조광피혁,2020,10,0.5985287115412554,10847027.0,1611789923.5263157,0.6731917998729725,소외주,4076.0,12.29,41361.0,1.21,기타제조업,1.3173333333333332,LOW
조광피혁,2021,12,0.40964708508080294,9919548.954545455,2210272304.318182,0.4489528193279679,소외주,5532.0,9.87,47356.0,1.15,기타제조업,1.4986666666666666,LOW
조선내화,2017,2,0.218475,4484081.35,1347227097.25,0.332872062289318,소외주,4805.0,17.84,128194.0,0.67,비금속광물,1.0566666666666666,LOW
조선내화,2017,6,0.367625,6132872.19047619,1537018560.0952382,0.39906106450836776,소외주,4170.0,21.51,135716.0,0.66,비금속광물,1.1453333333333333,LOW
조선내화,2017,7,0.22577500000000003,5310060.428571428,1567589319.857143,0.3387411617151975,소외주,4170.0,21.44,135716.0,0.66,비금속광물,1.0446666666666666,LOW
조선내화,2017,8,0.24109999999999998,4939218.2272727275,1539981849.409091,0.320802677188011,소외주,4170.0,21.46,135716.0,0.66,비금속광물,1.02,LOW
조선내화,2017,9,0.2631,5271438.952380952,1543381995.1904762,0.34141436809326026,소외주,4170.0,21.01,135716.0,0.65,비금속광물,0.9466666666666667,LOW
조선내화,2017,10,0.142375,6202413.625,1615598492.5,0.3839944110923485,소외주,4170.0,20.84,135716.0,0.64,비금속광물,0.9974999999999998,LOW
조선내화,2017,11,0.301225,6269779.636363637,1645791085.9545455,0.3812153047557505,소외주,4170.0,21.22,135716.0,0.65,비금속광물,1.0550000000000002,LOW
조선내화,2018,1,0.29762500000000003,7142576.590909091,1638788275.2272727,0.43546683537567626,소외주,4170.0,20.82,135716.0,0.64,비금속광물,1.1906249999999998,LOW
조선내화,2018,2,0.338075,6886748.222222222,1607400127.2222223,0.42888500986471795,소외주,4170.0,20.17,135716.0,0.62,비금속광물,1.139375,LOW
조선내화,2018,3,0.355375,6883677.857142857,1628916155.6190476,0.4228930866411998,소외주,4170.0,20.34,135716.0,0.62,비금속광물,1.1743749999999997,LOW
조선내화,2018,4,0.28265,7812027.0,1638803401.1904762,0.4763979976332588,소외주,4170.0,20.0,135716.0,0.61,비금속광물,1.33625,LOW
조선내화,2018,6,0.42032500000000006,7546209.263157895,1599775900.2105262,0.47096295606117344,소외주,4223.0,20.46,139324.0,0.62,비금속광물,1.070625,LOW
조선내화,2018,7,0.21415,5510769.181818182,1527309146.4545455,0.3608696312306022,소외주,4223.0,20.03,139324.0,0.61,비금속광물,1.088125,LOW
조선내화,2018,8,0.20665000000000003,5226406.636363637,1527952908.6363637,0.3420772858876253,소외주,4223.0,19.75,139324.0,0.6,비금속광물,1.2888235294117647,LOW
조선내화,2018,9,0.241975,6069409.294117647,1542969295.5882354,0.3931282063723475,소외주,4223.0,19.84,139324.0,0.6,비금속광물,1.2835294117647058,LOW
조선내화,2018,10,0.292475,6101581.952380952,1441967973.857143,0.4244951731957202,소외주,4223.0,19.3,139324.0,0.58,비금속광물,0.9676470588235294,LOW
조선내화,2018,12,0.27090000000000003,5249589.157894737,1371269442.0,0.38276591485349426,소외주,4223.0,19.77,139324.0,0.6,비금속광물,1.061176470588235,LOW
조선내화,2019,2,0.3372,5618904.588235294,1458848750.7058823,0.3853572669702385,소외주,4223.0,19.99,139324.0,0.61,비금속광물,1.1023529411764708,LOW
조선내화,2020,5,0.5605749999999999,9957334.47368421,1320678066.5789473,0.7521586946298098,소외주,7493.0,9.9,147942.0,0.5,비금속광물,0.976,LOW
조선내화,2020,7,0.571,13033438.304347826,1487005703.5217392,0.874744942823614,소외주,7493.0,9.74,147942.0,0.49,비금속광물,1.0740000000000003,LOW
조선내화,2020,9,0.763225,14195647.19047619,1613102538.0952382,0.8796248441518392,소외주,7493.0,9.76,147942.0,0.49,비금속광물,0.9980952380952381,LOW
조선내화,2021,9,0.4718,14061364.421052631,2278255780.0526314,0.6175593717315779,소외주,10421.0,8.44,154303.0,0.57,비금속광물,1.5291304347826087,LOW
조선내화,2021,10,0.524075,11753813.789473685,2173605748.1578946,0.5415259074732128,소외주,10421.0,8.44,154303.0,0.57,비금속광물,1.430869565217391,LOW
조흥,2018,8,0.23483333333333334,5226406.636363637,1527952908.6363637,0.3420772858876253,소외주,18830.0,10.94,200652.0,1.03,음식료품,1.298857142857143,LOW
조흥,2018,9,0.35083333333333333,6069409.294117647,1542969295.5882354,0.3931282063723475,소외주,18830.0,10.54,200652.0,0.99,음식료품,1.3054285714285714,LOW
조흥,2018,11,0.1655,5292702.0,1396110029.2727273,0.379092720665869,소외주,18830.0,9.88,200652.0,0.93,음식료품,1.203714285714286,LOW
조흥,2018,12,0.073,5249589.157894737,1371269442.0,0.38276591485349426,소외주,18830.0,9.69,200652.0,0.91,음식료품,1.1928571428571428,LOW
조흥,2019,1,0.182,5603161.363636363,1386157413.6363637,0.4032552534195176,소외주,18830.0,9.59,200652.0,0.9,음식료품,1.2382857142857144,LOW
조흥,2019,5,0.3268333333333333,5382849.0,1384116388.9047618,0.3889409605308684,소외주,13392.0,12.96,209196.0,0.83,음식료품,1.1608571428571428,LOW
조흥,2019,8,0.2838333333333333,4662803.333333333,1297011945.4761906,0.3597976258187877,소외주,13392.0,11.46,209196.0,0.73,음식료품,1.048571428571429,LOW
조흥,2019,9,0.19066666666666668,4520648.368421053,1366227666.631579,0.3305468144199756,소외주,13392.0,11.31,209196.0,0.72,음식료품,1.1331428571428575,LOW
조흥,2019,10,0.14283333333333334,4421096.380952381,1382344362.4761906,0.3197189769367066,소외주,13392.0,11.16,209196.0,0.71,음식료품,1.0708571428571425,LOW
조흥,2020,1,0.21633333333333335,6434673.0,1482796763.9,0.4344625497397481,소외주,13392.0,10.27,209196.0,0.66,음식료품,1.0205714285714285,LOW
조흥,2020,5,0.6333333333333333,9957334.47368421,1320678066.5789473,0.7521586946298098,소외주,13076.0,11.47,215770.0,0.7,음식료품,1.1499999999999997,LOW
조흥,2020,8,0.7048333333333333,16197444.3,1596772035.0,1.0138335220437622,소외주,13076.0,11.59,215770.0,0.7,음식료품,1.2328571428571433,LOW
조흥,2020,9,0.3365,14195647.19047619,1613102538.0952382,0.8796248441518392,소외주,13076.0,11.47,215770.0,0.7,음식료품,1.1271428571428574,LOW
조흥,2020,10,0.3955,10847027.0,1611789923.5263157,0.6731917998729725,소외주,13076.0,11.85,215770.0,0.72,음식료품,1.0702857142857143,LOW
조흥,2021,1,1.2311666666666667,26477822.2,2129149293.35,1.2436685347301648,소외주,13076.0,13.0,215770.0,0.79,음식료품,1.1722857142857144,LOW
조흥,2021,2,0.39383333333333337,19095421.888888888,2133992453.2777777,0.8955554340315732,소외주,13076.0,13.35,215770.0,0.81,음식료품,1.250857142857143,LOW
조흥,2021,3,0.4788333333333334,15133624.5,2102071782.0454545,0.7202361547618774,소외주,13076.0,13.65,215770.0,0.83,음식료품,1.3165714285714285,LOW
조흥,2021,9,0.5890000000000001,14061364.421052631,2278255780.0526314,0.6175593717315779,소외주,12528.0,15.37,222051.0,0.87,음식료품,1.1980000000000002,LOW
진흥기업,2018,2,0.18336109309329954,6886748.222222222,1607400127.2222223,0.42888500986471795,소외주,,,,,건설업,0.913,HIGH
진흥기업,2018,6,0.4031706737391368,7546209.263157895,1599775900.2105262,0.47096295606117344,소외주,166.0,11.66,518.0,3.74,건설업,1.292857142857143,HIGH
진흥기업,2018,7,0.3561142239832245,5510769.181818182,1527309146.4545455,0.3608696312306022,소외주,166.0,11.45,518.0,3.67,건설업,1.206190476190476,HIGH
진흥기업,2018,10,0.40124914585574456,6101581.952380952,1441967973.857143,0.4244951731957202,소외주,166.0,10.66,518.0,3.42,건설업,0.9590909090909091,HIGH
천일고속,2019,10,0.2481073592588965,4421096.380952381,1382344362.4761906,0.3197189769367066,소외주,,,43299.0,1.63,운수창고업,0.9295652173913043,HIGH
천일고속,2020,4,0.7846237808035151,10802955.45,1243969280.2,0.8701321292741879,소외주,,,43299.0,1.31,운수창고업,0.9712,HIGH
천일고속,2020,5,0.5748590140076405,9957334.47368421,1320678066.5789473,0.7521586946298098,소외주,506.0,115.81,35686.0,1.64,운수창고업,1.0692,HIGH
퍼시스,2017,1,0.2647478260869565,4111711.45,1332105848.55,0.3084809580932052,소외주,3150.0,10.24,30731.0,1.05,기타제조업,2.072307692307692,LOW
퍼시스,2017,2,0.1624869565217391,4484081.35,1347227097.25,0.332872062289318,소외주,3150.0,9.97,30731.0,1.02,기타제조업,2.2553846153846155,LOW
퍼시스,2017,3,0.3067913043478261,5025620.090909091,1382749052.590909,0.3634812135281776,소외주,3150.0,10.11,30731.0,1.04,기타제조업,2.297692307692308,LOW
퍼시스,2017,4,0.3028173913043478,4598756.05,1400871421.9,0.32783726157889626,소외주,3150.0,10.03,30731.0,1.03,기타제조업,2.3061538461538467,LOW
퍼시스,2017,5,0.20593913043478262,6208851.684210527,1500435875.631579,0.4137612507588453,소외주,2445.0,12.72,32013.0,0.97,기타제조업,1.669230769230769,LOW
퍼시스,2017,6,0.38742608695652175,6132872.19047619,1537018560.0952382,0.39906106450836776,소외주,2445.0,13.23,32013.0,1.01,기타제조업,1.6046153846153846,LOW
퍼시스,2017,7,0.33200869565217395,5310060.428571428,1567589319.857143,0.3387411617151975,소외주,2445.0,13.68,32013.0,1.04,기타제조업,1.517692307692308,LOW
퍼시스,2017,8,0.23462608695652173,4939218.2272727275,1539981849.409091,0.320802677188011,소외주,2445.0,14.19,32013.0,1.08,기타제조업,1.5130769230769232,LOW
퍼시스,2017,9,0.1509478260869565,5271438.952380952,1543381995.1904762,0.34141436809326026,소외주,2445.0,14.36,32013.0,1.1,기타제조업,1.4023076923076923,LOW
퍼시스,2017,10,0.08314782608695652,6202413.625,1615598492.5,0.3839944110923485,소외주,2445.0,13.78,32013.0,1.05,기타제조업,1.4446153846153846,LOW
퍼시스,2017,11,0.21322608695652176,6269779.636363637,1645791085.9545455,0.3812153047557505,소외주,2445.0,13.5,32013.0,1.03,기타제조업,1.6376923076923076,LOW
퍼시스,2017,12,0.3418260869565217,5520971.631578947,1604123875.631579,0.34413165406707064,소외주,2445.0,13.5,32013.0,1.03,기타제조업,1.5615384615384613,LOW
퍼시스,2018,1,0.2758260869565217,7142576.590909091,1638788275.2272727,0.43546683537567626,소외주,2445.0,14.15,32013.0,1.08,기타제조업,1.6400000000000001,LOW
퍼시스,2018,2,0.19356521739130433,6886748.222222222,1607400127.2222223,0.42888500986471795,소외주,2445.0,13.58,32013.0,1.04,기타제조업,1.543076923076923,LOW
퍼시스,2018,3,0.33323478260869566,6883677.857142857,1628916155.6190476,0.4228930866411998,소외주,2445.0,12.84,32013.0,0.98,기타제조업,1.5753846153846154,LOW
퍼시스,2018,4,0.3013913043478261,7812027.0,1638803401.1904762,0.4763979976332588,소외주,2445.0,12.6,32013.0,0.96,기타제조업,2.1149999999999998,LOW
퍼시스,2018,5,0.31784347826086956,9053263.1,1644402624.65,0.5506904628679582,소외주,2338.0,13.2,33427.0,0.92,기타제조업,1.8685714285714288,LOW
퍼시스,2018,6,0.3378695652173913,7546209.263157895,1599775900.2105262,0.47096295606117344,소외주,2338.0,13.26,33427.0,0.93,기타제조업,1.6492857142857142,LOW
퍼시스,2018,9,0.22425217391304347,6069409.294117647,1542969295.5882354,0.3931282063723475,소외주,2338.0,12.87,33427.0,0.9,기타제조업,1.7985714285714287,LOW
퍼시스,2018,10,0.40575652173913046,6101581.952380952,1441967973.857143,0.4244951731957202,소외주,2338.0,12.57,33427.0,0.88,기타제조업,1.4849999999999999,LOW
퍼시스,2018,11,0.34139130434782605,5292702.0,1396110029.2727273,0.379092720665869,소외주,2338.0,13.3,33427.0,0.93,기타제조업,1.4857142857142858,LOW
퍼시스,2018,12,0.15382608695652175,5249589.157894737,1371269442.0,0.38276591485349426,소외주,2338.0,13.13,33427.0,0.92,기타제조업,1.4857142857142855,LOW
퍼시스,2019,1,0.1817913043478261,5603161.363636363,1386157413.6363637,0.4032552534195176,소외주,2338.0,13.0,33427.0,0.91,기타제조업,1.5414285714285714,LOW
퍼시스,2019,2,0.16745217391304348,5618904.588235294,1458848750.7058823,0.3853572669702385,소외주,2338.0,13.24,33427.0,0.93,기타제조업,1.5714285714285716,LOW
퍼시스,2019,7,0.20938260869565217,4429029.478260869,1386277749.3913043,0.3196414166485545,소외주,4824.0,6.3,36572.0,0.83,기타제조업,1.4457142857142855,LOW
퍼시스,2019,8,0.21059999999999998,4662803.333333333,1297011945.4761906,0.3597976258187877,소외주,4824.0,6.33,36572.0,0.84,기타제조업,1.445714285714286,LOW
퍼시스,2019,9,0.3025478260869565,4520648.368421053,1366227666.631579,0.3305468144199756,소외주,4824.0,6.61,36572.0,0.87,기타제조업,1.5271428571428574,LOW
퍼시스,2019,12,0.23756521739130435,5065497.6,1442768030.8,0.3508687773816782,소외주,4824.0,6.12,36572.0,0.81,기타제조업,1.9386666666666668,LOW
퍼시스,2020,2,0.19641739130434782,7582885.65,1460014517.3,0.5216620675978796,소외주,4824.0,5.87,36572.0,0.77,기타제조업,1.6806666666666665,LOW
퍼시스,2020,3,0.25909565217391306,10096721.454545455,1203158162.5454545,0.8573532841063983,소외주,4824.0,5.7,36572.0,0.75,기타제조업,1.3760000000000001,LOW
퍼시스,2020,5,0.5843478260869566,9957334.47368421,1320678066.5789473,0.7521586946298098,소외주,3601.0,7.86,38601.0,0.73,기타제조업,1.348666666666667,LOW
퍼시스,2020,6,0.7614,13074635.409090908,1435652800.2272727,0.9104022837640375,소외주,3601.0,7.79,38601.0,0.73,기타제조업,1.2979999999999998,LOW
퍼시스,2020,7,0.712904347826087,13033438.304347826,1487005703.5217392,0.874744942823614,소외주,3601.0,7.98,38601.0,0.74,기타제조업,1.3206666666666664,LOW
퍼시스,2020,8,0.6457478260869566,16197444.3,1596772035.0,1.0138335220437622,소외주,3601.0,7.9,38601.0,0.74,기타제조업,1.3553333333333333,LOW
퍼시스,2020,9,0.37695652173913047,14195647.19047619,1613102538.0952382,0.8796248441518392,소외주,3601.0,7.94,38601.0,0.74,기타제조업,1.353333333333333,LOW
퍼시스,2020,10,0.15672173913043477,10847027.0,1611789923.5263157,0.6731917998729725,소외주,3601.0,8.16,38601.0,0.76,기타제조업,1.3173333333333332,LOW
퍼시스,2020,11,0.14843478260869564,15249273.666666666,1717620789.6666667,0.8855653759387491,소외주,3601.0,8.19,38601.0,0.76,기타제조업,1.3893333333333333,LOW
퍼시스,2020,12,0.34345217391304345,18199005.333333332,1896653999.857143,0.9590558432486715,소외주,3601.0,8.23,38601.0,0.77,기타제조업,1.4266666666666665,LOW
퍼시스,2021,1,0.28826956521739133,26477822.2,2129149293.35,1.2436685347301648,소외주,3601.0,8.19,38601.0,0.76,기타제조업,1.4680000000000002,LOW
퍼시스,2021,2,0.19199130434782608,19095421.888888888,2133992453.2777777,0.8955554340315732,소외주,3601.0,8.28,38601.0,0.77,기타제조업,1.5273333333333334,LOW
퍼시스,2021,3,0.2405304347826087,15133624.5,2102071782.0454545,0.7202361547618774,소외주,3601.0,8.19,38601.0,0.76,기타제조업,1.6333333333333333,LOW
퍼시스,2021,9,0.49813913043478264,14061364.421052631,2278255780.0526314,0.6175593717315779,소외주,3660.0,10.42,40080.0,0.95,기타제조업,1.5526666666666666,LOW
퍼시스,2021,10,0.5173304347826087,11753813.789473685,2173605748.1578946,0.5415259074732128,소외주,3660.0,10.67,40080.0,0.97,기타제조업,1.534,LOW
퍼시스,2021,12,0.3647739130434782,9919548.954545455,2210272304.318182,0.4489528193279679,소외주,3660.0,9.78,40080.0,0.89,기타제조업,1.4986666666666666,LOW
한일홀딩스,2020,8,0.9989396692488735,16197444.3,1596772035.0,1.0138335220437622,소외주,2304.0,20.18,166986.0,0.28,비금속광물,1.0635,LOW
한일홀딩스,2020,9,0.6179979967823066,14195647.19047619,1613102538.0952382,0.8796248441518392,소외주,2304.0,19.16,166986.0,0.26,비금속광물,0.9980952380952381,LOW
한진중공업홀딩스,2018,2,0.41195318141544546,6886748.222222222,1607400127.2222223,0.42888500986471795,소외주,,,14433.0,0.27,전기가스업,0.4775,LOW
한진중공업홀딩스,2018,3,0.4175949376176184,6883677.857142857,1628916155.6190476,0.4228930866411998,소외주,,,14433.0,0.25,전기가스업,0.46875000000000006,LOW
한진중공업홀딩스,2018,6,0.32911486195712997,7546209.263157895,1599775900.2105262,0.47096295606117344,소외주,,,11219.0,0.38,전기가스업,0.5288888888888889,LOW
흥국화재,2020,1,0.420195961732273,6434673.0,1482796763.9,0.4344625497397481,소외주,695.0,4.18,10466.0,0.28,보험,0.4458333333333333,LOW
