,회사명,거래소코드,회계년도,통계청 한국표준산업분류 10차(대분류),유동부채비율,매출액순이익률,CASH FLOW 대 매출액비율,CASH FLOW 대 부채비율,이자보상배율(이자비용),금융비용 대 총비용비율,설비투자효율,CASH FLOW 대 총자본비율,자본금회전률,총자본투자효율,총자본회전률,자기자본순이익률,매출채권회전률,유형자산회전율,부채비율,유동비율,자기자본배율,당좌비율,순운전자본비율,현금비율,타인자본회전률,총자본순이익률,매출액(수익)(*),매출액총이익률,매출원가 대 매출액비율,차입금의존도,재고자산회전률,총자산부채비율,현금비율(CASHTA),유보이익대총자산비율,판매관리비대매출액,고정비율,log총자산,총자본증가율,유동자산증가율,매출액증가율,총자산영업이익률,순이익률,이자비용/부채,영업이익증가율,순이익증가율
1,(주)네이처셀,7390,11-Dec,제조업,215.45,-7.12,5.51,6.9,-1.42,2.15,26.94,4.79,1.84,7.86,0.9,-38.72,5.87,2.75,227.53,85.98,63.55,49.74,-9.22,0.47,1.08,-6.41,22793853,6.53,93.47,42.88,3.81,0.694681618,0.024457112,-0.342277577,0.102964075,1.422748719,7.41839729,1996.957736,10.93757613,-22.89703556,-0.033924639,-0.076791252,0.023946012,-219.8217471,-511.8334697
3,(주)디에스,51710,11-Dec,제조업,822.07,-4.95,0.23,0.65,-3.26,0.95,12.61,0.59,86.43,5.27,2.24,-131.56,14.13,5.31,958.66,51.99,209.28,31.11,-37.28,11.27,2.49,-11.06,893352870,-1.83,101.83,52.72,14.65,0.905540937,0.089646068,-0.119793668,0.022421216,6.312670531,8.549607136,-30.464593,-38.35569325,-41.54110022,-0.078859798,-0.123162705,0.024218362,-3230.790781,-1069.850672
5,(주)디지텍시스템스,91690,11-Dec,제조업,33.45,3.57,0.95,1.93,8.22,-0.06,45.53,0.72,20.22,13.41,0.84,4.31,8.21,2.41,59.77,290.63,1654.7,174.18,39.92,19.31,2.56,2.99,138561739,9.93,90.07,24.25,3.7,0.374084344,0.04043747,0.446711681,0.068136219,0.625347926,8.261835724,5.972567316,38.8512995,1.358272315,0.044271766,0.091475061,0.005384601,-65.17030865,-73.31125956
7,(주)렉스엘이앤지,4790,11-Dec,제조업,292.17,0.65,-32.71,-17.47,1.14,3.21,24.66,-13.03,1.51,6.62,0.45,1.23,1.77,1.43,293.15,87.58,263.29,52.04,-9.23,6.69,0.58,0.29,25594528,19.65,80.35,22.35,1.65,0.745641389,0.049749096,-0.426681221,0.243417187,1.372639578,7.807911936,54.90469391,41.13098173,-11.38102282,0.019325726,0.003778713,0.016899541,1877.55323,12266.05591
9,(주)마이스코,88700,11-Dec,제조업,105.66,-10.27,-0.56,-0.48,-0.76,5.29,7.16,-0.32,20.18,4.4,0.57,-16.58,3.11,0.94,207.43,104.49,1150.8,68.15,1.54,5.64,0.89,-5.88,121087968,0.71,99.29,57.95,4.5,0.674727245,0.019598479,0.001140443,0.060727338,1.970353956,8.326904893,-14.74086927,-8.237139622,48.24932775,-0.026737083,-0.091073091,0.035312021,67.74912285,43.0000522
11,(주)모린스,110310,11-Dec,제조업,76.27,-118.27,-4.9,-3.13,-15.43,2.94,-19.96,-1.35,2.74,-15.29,0.24,-43.51,9.05,0.35,76.27,36.42,564.02,26.76,-27.51,14.83,0.72,-28.8,19375924,-28.85,128.85,39.26,4.59,0.432677623,0.064181396,-0.055783229,0.693790552,1.484885846,7.846338368,-39.21082894,-60.42423675,-74.01000444,-0.251707375,-0.851919805,0.016308878,-1226.195665,-1195.007769
13,(주)삼우이엠씨,26250,11-Dec,제조업,324.77,-20.7,-4.16,-4.49,-0.5,4.11,243.97,-3.48,9.89,40.83,0.83,-56.95,5.75,4.19,346.37,88.82,261.88,85.86,-8.13,0.7,1.19,-17.16,164805985,6.41,93.59,58.38,22.52,0.775969476,0.00507834,-0.026056704,0.088187732,1.579100741,8.294591276,-41.63948251,36.78839351,-19.03671127,-0.019930711,-0.245607272,0.039820621,45.29457407,-2886.194739
15,(주)아라온테크,41060,11-Dec,정보통신업,24.5,-623.12,-99.17,-273.42,-68.88,0.96,-10283.29,-54.65,0.2,-301.03,0.18,-143.78,2.54,8.94,24.98,304.41,129.7,304.41,40.07,40.06,0.66,-110.17,7086881,8.09,91.91,17.17,18.94,0.199858956,0.078531147,-4.555610717,0.284213746,0.503993289,7.109281154,-78.78563807,0.845557675,-2.187006622,-0.807002534,-4.133840685,0.011716513,-1026.205278,-250.530298
17,(주)아이에이,38880,11-Dec,제조업,112.17,-68.84,-43.58,-19.84,-9.2,3.63,-15.24,-12.68,1.47,-6.33,0.29,-55.5,1.7,0.6,177.08,70.1,182.85,61.64,-12.11,9.44,0.46,-20.03,19469438,12.81,87.19,41.65,8.5,0.639087766,0.038832654,-0.201030106,0.609144496,1.984470372,7.825498734,24.59437416,18.39259235,-37.56142856,-0.217350157,-0.406688669,0.023617582,-116.999738,-117.6669299
19,(주)아큐텍,13780,11-Dec,제조업,442.26,-69.55,-1.7,-1.2,-9.54,3.4,-20.01,-1,0.75,-14.97,0.5,-125.5,6.65,0.74,509.26,32.05,19.88,11.13,-49.33,0.19,0.7,-35.01,13957567,-27.71,127.71,62.66,2.82,0.835865272,0.00140607,-0.659590736,0.155136493,4.675269357,7.373026505,-66.58781731,-45.8927514,-31.93879939,-0.28551982,-0.48557096,0.029941186,-1484.793027,-2382.973434
21,(주)에스비엠,37630,11-Dec,제조업,7.38,32.3,30.21,183.47,169.86,-3.19,2203.17,22.54,3.64,34.23,0.87,32.77,12.88,48.55,14,1341.08,413.36,1183.49,80.31,39.76,6.36,28.26,26083938,44.31,55.69,4,8.7,0.122835137,0.02572768,0.64690197,0.121809675,0.150740319,7.543663304,47.81474009,50.41770793,43.99484744,0.282929498,2.054561953,0.001665646,35.40356488,40.02566539
23,(주)엔케이바이오,19260,11-Dec,제조업,20.63,-7.28,-25.59,-30.63,-0.01,3.85,74.76,-5.68,0.15,13.65,0.22,-1.93,2.69,1.1,22.75,220.07,55.97,212.44,20.18,37.93,1.21,-1.58,10460635,75.53,24.47,12.68,11.66,0.185303991,0.063742176,-1.304901862,0.755927915,0.773556324,7.673556888,-5.643510041,2.637848474,59.39034001,-0.000144556,-0.088301048,0.014663893,99.89794578,94.04091022
25,(주)엔터기술,68420,11-Dec,제조업,139.52,-34.84,1.53,0.99,-2.29,6.63,27.13,0.61,5.74,2.27,0.38,-35.53,4,4.67,160.54,66.98,449.1,37.23,-17.68,10.04,0.65,-13.31,25238229,26.08,73.92,41.91,2.4,0.616176765,0.053760842,-0.371600221,0.321490506,1.670789418,7.800168862,-20.90127065,1.941998261,10.99644729,-0.079643864,-0.227543844,0.034807132,53.80711792,35.590657
27,(주)오리엔탈정공,14940,11-Dec,제조업,1484.78,-27.03,2.74,1.87,-3.54,4.76,-15.95,1.77,32.66,-7.45,0.66,-120.69,7.07,1.18,1841.94,55.56,252.96,40.15,-33.97,5.79,0.76,-17.9,407039310,-15.26,115.26,68.68,5.24,0.948505007,0.044287121,-0.007533245,0.083037346,11.16921197,8.799499879,-75.58610059,16.30066323,12.75486503,-0.153061581,-0.206769659,0.04324791,-747.6398946,-1608.964033
29,(주)위다스,56810,11-Dec,제조업,95.7,-56.22,-54.77,-36.3,-13.62,0.86,-10.95,-18.67,1.13,-1.74,0.34,-39.46,2.56,2.15,105.91,113.08,161.14,84.98,6.08,15.61,0.66,-19.16,11454706,25.94,74.06,29.02,2.61,0.514355537,0.085575975,-0.016027623,0.683961858,0.976920629,7.526419808,-24.92069964,5.580696395,-38.50309635,-0.195847864,-0.534600987,0.014379984,57.65954908,49.84171981
31,(주)제이에이치코오스,65310,11-Dec,제조업,44.85,-29.87,-9.37,-42.32,-4.26,0.8,-0.41,-14.84,2.18,-0.03,1.37,-60.15,5.68,23.95,54.01,276.65,80.08,173.93,51.45,16.76,4.3,-40.98,37499413,48.56,51.44,14.73,6.16,0.35069726,0.048798005,-0.446702664,0.532735592,0.299226737,7.374144569,-29.77504437,-18.62585573,-1.28730477,-0.064667191,-1.285920263,0.015165102,65.64714177,-32.86013812
33,(주)지티앤티,53870,11-Dec,제조업,83.98,-24.24,10.68,9.99,-5.02,2.85,-17.2,5.78,2.9,-1.71,0.55,-25.78,6.39,5.31,137.46,68.62,230.31,44.85,-11.1,20.08,1.08,-13.29,11598630,8.67,91.33,33.33,9.45,0.578867961,0.071021255,0.051050626,0.305393999,1.798290297,7.331004337,-24.13002689,15.40220922,-33.8383735,-0.134266014,-0.262910768,0.026739875,-784.2849182,-312.1205548
35,(주)케이피엠테크,42040,11-Dec,제조업,332.07,-5.11,-6.03,-6.48,-0.98,2.55,18.06,-5.01,10.65,5.34,0.96,-17.08,4.43,3.08,341.77,70.06,289.99,36.62,-22.5,1.84,1.34,-4.88,75514436,4.7,95.3,58.39,3.8,0.773639328,0.013836484,0.074666884,0.071484398,2.09122176,7.958349617,-16.40808877,30.19045532,-0.456255566,-0.028835694,-0.06838148,0.029284597,-174.5932259,-1535.855835
37,(주)큐리어스,45050,11-Dec,제조업,39.54,-36.08,-27.14,-23.04,0.2,13.06,24.09,-14.13,1.61,2.78,0.57,-48.82,5.45,6.26,158.55,310.53,115.58,296.3,32.2,39.17,1,-20.72,20629637,25.88,74.12,51.13,26.87,0.613224114,0.059908277,-1.748795836,0.235274377,1.357618868,7.597991874,1.070070067,182.3957765,68.75807658,0.013503697,-0.359945451,0.0687923,533.0149123,40.23622557
39,(주)티에스넥스젠,43220,11-Dec,제조업,49.52,-14.36,2.08,10.51,-3.12,1.92,178.83,4.08,2.13,3.07,1.57,-66.79,14.23,93.58,63.41,181.49,55.84,125.56,24.7,46.73,2.38,-22.59,25509487,7.8,92.2,30.26,9.95,0.388036485,0.141636705,-0.416705435,0.158085029,0.735297527,7.115318121,166.6946369,-44.75643053,125.4195973,-0.125908963,-0.341397462,0.04033717,-1879.229831,-141.0308275
41,(주)피에스엠씨,24850,11-Dec,제조업,94.24,-15.5,2.55,6.33,-5.98,1.22,9.27,3.18,8.17,3.54,1.14,-34.99,4.55,3.14,101.11,119.07,269.28,75.26,8.94,15.94,2.31,-17.69,144450852,-4.83,104.83,30.31,4.98,0.502758681,0.074685452,-0.074276108,0.062527572,0.888949627,8.062974822,-18.56824275,-22.99758361,-7.829978662,-0.117263271,-0.358118215,0.01959987,-395.7997149,-779.463809
43,금강제강(주),105070,11-Dec,제조업,186.01,-6.67,-5.31,-6.74,-2.48,1.98,3.21,-4.62,49.7,1.43,0.9,-16.87,3.35,2.12,216.92,88.58,1804.47,55.74,-6.7,10.56,1.41,-6.03,168774432,0.35,99.65,46.38,4.77,0.684461467,0.061971229,0.168183013,0.047477742,1.521504972,8.288264144,-15.13860375,1.164657814,24.5955794,-0.050473407,-0.093763498,0.020343685,-350.9308664,-841.1847638
45,에스에스씨피(주),71660,11-Dec,제조업,145.31,9.57,-16.92,-7.53,0.28,3.66,11.91,-4.59,12.81,2.39,0.28,7.19,1.46,1.45,156.02,130.49,1725.97,82.95,17.31,6.14,0.49,2.72,198338491,12.9,87.1,48.26,1.41,0.609402185,0.03502792,0.03831276,0.130793896,0.663892868,8.863918051,-2.377902796,13.85571752,-9.437400156,0.006719153,0.046528678,0.024340042,3.224569551,261.2401617
47,엘컴텍(주),37950,11-Dec,제조업,390.38,-11.28,6.35,6.44,-2.26,3.2,13.12,5.2,21.9,4.95,0.69,-40.83,5.09,1.46,418.88,57.97,503.65,34.01,-31.62,2.04,0.9,-7.84,164088488,0.84,99.16,52.26,4.51,0.807277493,0.015382531,0.060852708,0.099349176,2.925924501,8.301398683,-42.62899274,-9.243957284,13.40464205,-0.066964892,-0.101004532,0.029638341,-4.601170492,-14.69785403
49,엠텍비젼(주),74000,11-Dec,제조업,310.26,-176.13,-10.8,-2.77,-7.96,5.83,-96,-2.38,2.66,-4.46,0.21,-174.82,10.92,1.45,607.39,43.9,121.56,35.65,-24.61,14.36,0.26,-36.29,33389329,-14.15,114.15,37.34,2.19,0.858635015,0.062960686,-0.519726121,0.702473087,5.711910545,8.17995422,-53.37694482,-46.23415288,-58.62495201,-0.308052396,-0.457915682,0.038679815,-386.388478,-218.2573174
51,(주)네오퍼플,28090,11-Dec,제조업,156.28,-16.22,-6.37,-7.71,-2.55,2.89,-2.28,-4.8,1.21,-0.66,0.75,-33.54,6.08,2.6,164.34,85.06,58.57,69.66,-8.83,0.16,1.21,-12.21,32534707,13.84,86.16,49.25,8.27,0.621693729,0.000926089,-0.167007869,0.135493121,1.314061698,7.635656897,16.59538732,10.69761346,-11.80174567,-0.082732157,-0.181107139,0.032488625,-322.8956622,-137.1937705
53,(주)룩손에너지홀딩스,33550,11-Dec,도매 및 소매업,266.76,1.09,-6.25,-11.57,0.82,3.81,93.28,-8.49,9.23,15.47,1.26,5.97,5.17,6.56,275.59,81.84,181.12,59.3,-12.9,2.69,1.64,1.38,66451023,9.41,90.59,44.13,7.66,0.733748972,0.019094751,-0.192683137,0.139948244,1.572763058,7.689819108,15.88391783,-11.01809266,80.41538721,0.045961385,0.017911754,0.055900121,219.081171,554.3316157
55,(주)상지카일룸,42940,11-Dec,건설업,128.88,-63.64,-1.53,-1.82,-3.08,4.5,-696.84,-1.11,1.92,-25.38,0.56,-89.29,2.79,14.97,157,58.64,83.84,58.08,-20.74,0.98,0.94,-35.71,31834166,4.08,95.92,42.61,164.71,0.610902485,0.004919543,-0.29291116,0.232431784,1.814280587,7.643785781,-39.34664087,-53.01648145,-61.05547838,-0.100879536,-0.595149749,0.032714434,-263.3917861,-355.5847104
57,(주)에듀언스,9010,11-Dec,교육 서비스업,208.98,-64.28,-8.42,-6.64,-4.96,2.46,189.05,-4.66,1.81,2.07,0.55,-119.5,170.83,50.57,235.8,63.64,97.45,63.59,-22.63,1.86,0.79,-35.59,28374076,47.54,52.46,40.55,1738.31,0.702206463,0.011597697,-0.585148231,0.645053076,2.028134375,7.709742847,-47.61619421,-13.94198176,1.459617882,-0.253537312,-0.436608798,0.051154697,-403.5313948,-397.3262614
59,(주)위너지스,26260,11-Dec,도매 및 소매업,60.12,-47.85,-60.78,-47.91,-5.01,3.91,-7.78,-25.86,0.95,-1.04,0.4,-49.97,4.07,2.66,117.3,127.36,76.54,126.75,7.57,1.86,0.65,-19.17,8754856,28.13,71.87,35.55,163.88,0.539798593,0.005141464,-2.998481804,0.604106681,1.407239258,7.313341406,31.84309399,0.353308178,26.3158563,-0.129329868,-0.309659089,0.025801896,4.079329112,73.96301005
61,(주)유에이블,71530,11-Dec,제조업,301.4,-5.51,-42.22,-10.93,0.59,9.64,339.34,-8.84,0.99,6.38,0.22,-7.54,2.22,9.64,422.83,101.42,82.37,41.45,0.82,7.43,0.26,-1.19,8398981,13.88,86.12,35.65,0.59,0.808734892,0.042847946,-1.640755934,0.305148684,2.171504422,7.603416095,66.66078885,11.52656846,4.613087639,0.020578021,-0.014063571,0.035133803,8192.900665,99.30020983
63,(주)자유투어,46840,11-Dec,"사업시설 관리, 사업 지원 및 임대 서비스업",272.21,-156.37,3.35,1.7,-3.35,1.62,-172.13,1.29,1.58,-43.6,0.36,-170,370.47,1.26,318.97,58.9,78.85,36.99,-26.7,4.72,0.52,-55.81,25765109,0,0,0,0,0.761320127,0.030655666,-0.839908694,1.212380316,2.586480215,7.824404422,-44.45350218,-21.62294893,-30.2639921,-0.14811219,-0.807689927,0.044259531,-290.3905918,-1044.264375
65,(주)트라이써클,34010,11-Dec,교육 서비스업,86.28,-45.57,-20.24,-13.72,-4.8,5.18,3.17,-8.14,2.11,0.17,0.54,-64.8,20.28,5.56,145.99,39.24,180.16,36.57,-21.31,2.49,0.85,-24.66,15235239,41.19,58.81,43.74,33.55,0.593484162,0.008740053,-0.21107671,0.691576548,2.121374761,7.57836115,201.5031206,-11.14047291,-8.395213946,-0.205306598,-0.387936828,0.042770587,46.32931723,38.24978352
67,(주)해피드림,65180,11-Dec,교육 서비스업,20.68,-23.74,-5.96,-15.25,-35.22,-4.4,-1491.36,-2.61,1.18,-7.78,0.45,-12.49,1.49,1.78,20.68,151.82,209.88,151.82,8.88,13.12,2.93,-10.59,5214334,4.88,95.12,11.91,189.96,0.171354306,0.022483628,-0.254852329,0.271568526,0.892835208,7.075091955,-1.140979229,-59.67881651,41.88451601,-0.090450865,-0.696109068,0.002568508,39.62597284,35.22945286
69,(주)휴먼텍코리아,66060,11-Dec,"전문, 과학 및 기술 서비스업",664.73,-26.99,5.68,5.62,-5.64,0.63,-1127.09,4.89,9.87,-11.1,0.82,-94.19,3.5,59.93,671.02,73.35,148.71,73.35,-22.98,7.74,1.08,-22.23,147978135,-1.93,101.93,41.75,0,0.870301929,0.066716869,-0.14709101,0.164271195,2.834327163,8.235494255,-64.30350113,-30.4539083,-17.64169332,-0.151194367,-0.290965901,0.026797692,-660.650281,-7741.307562
71,쌍용건설(주),12650,11-Dec,건설업,370.48,-7.96,4.27,5.45,-2.81,1.67,269.64,4.51,12.25,5.57,1.02,-38.66,3.96,48.26,475.44,109.2,201.33,104.26,5.92,10.38,1.29,-8.13,1823469864,0,0,0,0,0.826221415,0.066852802,0.085382154,0.112813552,1.708860857,9.237971642,-33.9779709,-7.253099299,-19.97657553,-0.076635199,-0.103104603,0.027264999,-233.762095,-429.7828879
1,(주)광무,29480,12-Dec,제조업,68.86,-25.96,-14.11,-22.1,-2.69,1.74,22.99,-10.41,6.37,5.14,0.74,-36.23,4,3.3,89.07,117.03,456.21,79.59,6.2,3.09,1.57,-19.16,41178683,18.02,81.98,29.03,5.41,0.47108879,0.01124382,-1.310934732,0.320508793,1.084808201,7.746545479,-22.00381554,-36.72129061,-20.43543305,-0.087705553,-0.331976769,0.032622336,57.32036458,78.67620211
3,(주)나노트로닉스,10670,12-Dec,제조업,121.44,-16.38,-14.29,-9.74,1.4,8.64,266.99,-5.38,2.93,2.22,0.39,-14.7,0.88,32.19,123.72,128.9,330.81,116.35,15.69,11.65,0.68,-6.36,19429585,47.33,52.67,45.27,5.84,0.553020161,0.063260042,0.045486539,0.301526667,0.671880085,7.712525262,13.78255897,0.021102547,13.53135034,0.066670966,-0.112051873,0.047579847,670.2429379,-87.15605769
5,(주)대성엘텍,25440,12-Dec,제조업,331.41,-3.2,2.01,5.2,0.62,1.92,51.68,4.14,11.44,22.15,2.11,-32.33,12.28,4.86,392.18,69.82,102.52,44,-20.32,4.99,2.66,-6.74,265749156,6.55,93.45,59.19,11.29,0.796822363,0.033598766,-0.077267947,0.052586666,2.608045524,8.111636968,-0.408125421,5.700067753,4.46810666,0.02728756,-0.085190404,0.044293481,325.2776444,36.3895952
7,(주)삼표시멘트,38500,12-Dec,제조업,104.04,-10.52,5.57,3.49,0.54,7.57,14.97,2.4,9.94,9.14,0.42,-13.44,4.34,0.68,219.41,61.85,721.36,45.19,-12.43,0.47,0.62,-4.4,635366594,16.73,83.27,56.52,8.41,0.686919707,0.001519361,-0.056445702,0.119608529,2.550565115,9.169026424,-13.32762354,9.125969028,8.696235411,0.01996092,-0.065522959,0.037300383,200.9612022,22.73777805
9,(주)씨유전자,56340,12-Dec,제조업,63.35,-37.56,12.26,20.63,-5.26,-1.98,-50.75,8.26,1.74,-11.57,0.57,-34.72,7.23,2.22,66.79,79.04,153.18,74.26,-7.96,3.85,1.5,-21.46,45210924,-1.85,101.85,25.6,13.71,0.400447927,0.014622468,-0.076741566,0.17387676,1.167232248,7.826802375,-30.13209952,-6.86739363,-37.77771563,-0.109892339,-0.56204488,0.020903163,-246.0136568,-163.7786447
11,(주)에이제이에스,13340,12-Dec,제조업,74.41,0.48,-12.66,-12.45,1.07,4.38,39.51,-6.09,2.18,7.87,0.48,0.48,1.26,2.3,95.9,189.87,213.21,123.5,34.13,0.68,0.92,0.23,44745963,13.44,86.56,30.76,2.05,0.489536048,0.002568874,0.034703053,0.076072092,0.546270768,7.968386062,14.49361883,4.744007386,-11.68382024,0.027995917,0.004418827,0.026206777,14.28536386,-89.36810208
13,(주)와이즈파워,40670,12-Dec,제조업,2848.43,-64.36,1.74,1.59,999999999,0,-63.99,1.54,4.93,-23.67,0.67,-233.62,4.78,2.21,3083.2,39.38,42.59,30.41,-54.25,0.72,0.79,-43.07,28375544,-8.47,108.47,73.36,8.24,0.968585039,0.017632601,-0.751231601,0.422282442,20.61611945,7.505499879,-91.57855131,-44.8147142,-51.30406501,-0.339328348,-0.508406865,0,-2683.935448,-314.4525851
15,(주)유니드코리아,110500,12-Dec,제조업,224.23,-26.55,-8.92,-5.71,-9.89,1.5,-24.2,-4.03,5.74,-7.76,0.54,-33.01,1.79,2.03,241.3,77.36,370.88,64.76,-14.87,2.3,0.94,-14.23,20589042,0.29,99.71,51.13,9.28,0.707003739,0.015133205,0.025713,0.27013491,1.678270809,7.658520216,-32.66736692,26.06025698,21.03163252,-0.143152451,-0.250226721,0.014476193,-654.3023406,-695.8893061
17,(주)피앤텔,54340,12-Dec,제조업,33.34,-36.15,-23.95,-55.4,-30.13,-0.79,3.07,-14.97,12.14,1.18,0.57,-25.5,6.15,1.49,37.04,213.91,1464.14,196.68,27.71,16.78,2.63,-20.71,101980468,-12.44,112.44,8.44,14.63,0.270261794,0.040833272,0.551268375,0.197079121,0.65717126,8.212610138,-25.20861797,-17.37048397,-32.17367026,-0.18420007,-0.949370604,0.006112676,-3.410745908,-40.05276553
19,(주)한진피앤씨,61460,12-Dec,제조업,110.04,-16.15,7.75,8.3,0.47,3.5,11.79,5.02,8.93,6.18,0.68,-26.66,8.51,1.05,153.2,40.2,514.08,25.29,-25.99,0.05,1.15,-10.95,102123635,12,88,47.85,9.56,0.605053915,0.000238105,-0.081684986,0.099751698,2.089581371,8.19764497,1.342511578,-21.05986982,-4.888964426,0.013759541,-0.18576757,0.029184063,-28.71955156,-16.3580914
21,디에스티(주),33430,12-Dec,제조업,130.02,-77.83,-14.95,-6.2,-2.39,9.4,-4445.89,-3.8,0.44,-11.89,0.24,-42.92,5.72,70.64,158.67,99.93,60.81,99.93,-0.03,3.07,0.41,-18.38,8322837,9.64,90.36,36.08,35.9,0.613414242,0.015446955,-0.253267802,0.428392506,1.287486579,7.514967633,-27.81214335,53.81226354,7.410377106,-0.078418197,-0.321542782,0.032860349,-642.5235562,-238.5640244
23,에버테크노(주),70480,12-Dec,제조업,178.83,-25.46,-3.16,-3.22,-3.79,2.81,1.8,-2.21,18.72,0.73,0.59,-45.22,2.57,1.84,220,58.39,799.04,49.56,-23.25,4.21,0.89,-14.93,78658986,14.07,85.93,41.24,12.08,0.687500904,0.02351874,0.142497875,0.284267534,2.155821346,8.050408621,-36.92138446,-61.87720082,-53.12752153,-0.084236535,-0.225714677,0.0222376,-267.2035026,-462.6860081
25,오성첨단소재(주),52420,12-Dec,제조업,457.61,-269.93,-3.51,-1.49,-2.23,0,-167.59,-1.31,8.04,-100.32,0.21,-167.32,6.58,0.41,721.71,50.87,253.04,32.3,-27.36,2.27,0.31,-56.07,104705410,-22.12,122.12,68.18,3.58,0.8783021,0.01266148,-0.312021583,0.120329847,5.889102884,8.447272278,-88.77877482,-58.8274843,-47.13939871,-0.07093819,-0.843323637,0.031878936,-603.3858361,-321.4077652
27,유니슨(주),18000,12-Dec,제조업,82.46,-19.99,-12.35,-7.07,-0.13,7.49,5.34,-4.23,5.79,1.88,0.34,-20.22,7.75,0.93,149.02,174.15,585.01,133.01,24.55,18.97,0.52,-6.86,113870608,13.38,86.62,38.63,2.61,0.598419923,0.062808281,0.008523864,0.146035657,1.054173632,8.521617108,39.99275492,-0.335990555,71.11264596,-0.00420028,-0.104780796,0.031921513,94.05583031,75.98862698
29,태산엘시디(주),36210,12-Dec,제조업,675.99,-5.59,-2.75,-6.3,-1.47,0.43,28.97,-5.51,14.88,8,1.33,-93.29,14.51,4.92,691.75,82.05,144.3,75.63,-15.33,28.44,1.51,-7.42,477813291,0.86,99.14,66.55,20.36,0.873698063,0.242828157,-0.141991021,0.038321544,2.371289845,8.377485299,-48.61054069,-51.79299439,-48.51297086,-0.039413257,-0.084587511,0.026810955,11.33108101,-8.912227839
31,(주)골드앤에스,35290,12-Dec,정보통신업,81.11,-14.74,12.65,21.01,-1.91,1.43,772.83,10.69,1.42,14.7,0.89,-26.93,6.26,43.54,103.59,128.81,71.5,116.04,11.48,15.05,1.73,-13.11,43889087,29.34,70.66,31.22,15.93,0.508806173,0.059966846,-0.221249161,0.346498573,0.991046765,7.715590618,13.7318335,13.56310193,-7.646234414,-0.047266129,-0.255263418,0.024789007,-279.9431809,-745.2737589
33,(주)서울리거,43710,12-Dec,도매 및 소매업,37.95,3.04,-5.21,-31.03,61.31,-0.22,200.66,-11.96,4.93,25.5,2.75,12.28,13.79,23.39,62.73,342.89,131.83,152.72,56.64,47.25,8.55,8.34,41447426,6.51,93.49,14.36,9.72,0.385499335,0.110194701,-0.230632447,0.037557797,0.326077308,7.256378643,17.83802073,41.32776966,97.24767909,0.075666474,0.25981606,0.001234116,294.8685152,210.2856622
35,(주)예당컴퍼니,49000,12-Dec,정보통신업,44.7,-116.19,-142.64,-58.7,-4.97,-2.17,-937.49,-18.35,0.55,-8.03,0.13,-24.14,3.13,13.34,45.49,159.73,270.82,158.7,18.35,8.37,0.34,-14.99,4654208,5.18,94.82,15.35,42.32,0.31268722,0.025703679,-3.22600641,0.829036004,0.740985957,7.558348941,24.60340258,9.941006458,-18.77844329,-0.10025246,-0.395387016,0.020153321,-501.3467935,-810.7606832
37,(주)이매진아시아,36260,12-Dec,정보통신업,62.38,-35.12,-2.51,-5.44,-6.53,0.04,-2953.25,-2.09,0.8,-24.99,0.83,-47.45,8.86,98.32,62.38,183.93,59.54,182.59,32.24,5.6,2.17,-29.22,13685960,4.26,95.74,1.44,162.5,0.38417176,0.02149923,-2.062857758,0.12402199,0.476437285,7.216151989,34.98930485,58.49130572,-36.06954249,-0.071076612,-0.706900748,0.010876574,-168.8509653,-91.76493633
39,(주)자연과환경,43910,12-Dec,"수도, 하수 및 폐기물 처리, 원료 재생업",81.99,-14.92,-12.28,-14.49,-4.16,2.87,11.9,-7.19,1.21,3.5,0.62,-19.25,2.13,2.04,98.46,151.48,88.47,112.93,21.27,4.48,1.22,-9.32,45844628,5.02,94.98,24.92,3.4,0.496123826,0.01852137,-0.089628952,0.204824129,0.742692139,7.893891332,21.7949114,15.48707276,33.28546705,-0.096582896,-0.182461615,0.023215619,62.66040043,67.69734707
41,(주)터보테크,32420,12-Dec,제조업,139.98,-68.65,-11.56,-4.43,-2.91,6.13,4.18,-2.64,0.4,0.33,0.29,-50.78,7.28,1.59,147.14,41.71,53.26,41.34,-33.02,5.19,0.46,-19.67,17073754,21.46,78.54,46.97,27.83,0.595369867,0.029377062,-0.326213594,0.57698307,1.887591779,7.873987914,98.34340097,66.38267522,62.22223531,-0.103811096,-0.318284066,0.035649982,-163.0669085,-220.297785
43,(주)테라리소스,53320,12-Dec,도매 및 소매업,39.38,-62.61,-27.65,-32.37,-6.52,3.29,-81.13,-9.9,0.62,-14.84,0.3,-23.23,9.33,1.89,44.07,42.95,133.63,41.6,-15.59,1.77,0.89,-19.05,15004528,3.05,96.95,26.11,45.22,0.305900069,0.004829821,-0.282703181,0.465448297,1.271575973,7.622225818,-19.21304183,-72.50839769,120.1078232,-0.132322787,-0.560054808,0.020292443,-304.5459561,-140.1847261
45,(주)플레이위드,23770,12-Dec,정보통신업,666.79,-60.04,-12.74,-2.87,-1.55,7.36,449.15,-2.51,3.87,5.17,0.21,-72.9,4.39,0.62,713.19,110.6,196.72,110.58,8.69,2.91,0.25,-12.38,17600255,92.99,7.01,4.37,1663.11,0.877027272,0.023840493,-0.239985369,1.137192217,0.757339039,7.950490845,-47.5355551,394.3726772,-3.71877559,-0.042747896,-0.152287937,0.027554817,13.30637475,-32.2466732
1,(주)씨앤케이인터내셔널,39530,13-Dec,광업,12.76,-15.74,-6.61,-18.55,-20.79,-6.97,22.55,-2.38,0.26,2.86,0.4,-7.1,30.27,2.75,14.69,505.32,62.13,415.02,45.11,84.01,3.2,-6.22,6967380,16.12,83.88,4.41,4.43,0.128116472,0.093500001,-1.184082559,0.359212789,0.501933254,7.287514799,20.84605837,99.24620379,-31.5346477,-0.078305879,-0.503667959,0.003766228,-400.920028,62.63203598
3,(주)아이디에스,78780,13-Dec,제조업,265.46,-7.9,-5.01,-17.93,-4.19,0.94,48.46,-13.18,26.89,26.63,2.42,-56.44,14.26,4.73,277.46,54.57,270.97,45.91,-31.95,8.17,3.67,-19.15,254900449,0.35,99.65,48.54,30.9,0.735074272,0.05744229,-0.307653904,0.051006415,2.326145642,7.986606765,-43.76303288,-25.5412823,11.09778971,-0.115167337,-0.289814724,0.02749806,-81.72028863,-114.6676702
5,(주)아이팩토리,53810,13-Dec,제조업,347.04,-20.13,7.53,4.12,-0.24,10.03,7.65,3.33,6.08,4.72,0.47,-77.51,14.17,0.71,419.49,36.71,169.11,36.5,-42.28,4.76,0.53,-9.43,36218489,14.73,85.27,50.51,113.87,0.807503014,0.031793124,-0.652659653,0.178036141,3.920814504,7.913452178,418.5224771,115.8819731,53.80785447,-0.014411674,-0.107305236,0.05955938,81.2442408,62.17533358
7,(주)엘아이에스,138690,13-Dec,제조업,108.04,-8.28,-0.59,-0.95,-4.49,0.8,60.48,-0.53,11.52,17.99,0.91,-16,5.96,3.1,125.63,103.39,561.05,80.88,1.62,14.52,1.73,-7.56,42107235,15.48,84.52,40.53,8.7,0.55678964,0.113214473,-0.035747175,0.228770519,1.139276629,7.671490178,-8.670184879,-3.474736551,106.672089,-0.067596498,-0.143367903,0.015043194,80.02492066,75.39799943
9,(주)영진코퍼레이션,53330,13-Dec,제조업,172.94,-15.33,-9.19,-8.91,-2.49,1.32,12.37,-5.97,5.71,3.8,0.83,-62.22,4.39,2.42,202.68,112.35,132.15,110.11,7.06,0.56,1.22,-12.71,45434615,9.92,90.08,34.52,37.66,0.669618485,0.00317628,-0.133623262,0.205789507,1.08378395,7.844811547,96.44284047,118.6890815,21.43540565,-0.088385407,-0.186489125,0.035562991,37.29317908,46.02954779
11,(주)우전,52270,13-Dec,제조업,98.2,1.31,5.15,10.86,5.19,0.56,56.35,6.16,34.56,20.78,1.31,3.93,10.14,3.24,131.38,102.7,1179.63,72.58,1.15,22.09,2.41,1.73,506400579,16.89,83.11,39.04,11.15,0.567808974,0.093754156,0.231643912,0.127585774,1.305259377,8.625991011,9.042964258,0.808307128,55.76653322,0.054235348,0.031620836,0.010451805,-7.253758948,-48.88151341
13,(주)코데즈컴바인,47770,13-Dec,제조업,332.06,-12.98,-2.73,-3.98,-5.79,1.5,72.78,-3.11,5.99,12.34,0.98,-52.65,6.07,6.43,356.73,82.45,108.61,29.46,-12.76,0.44,1.31,-12.69,151340518,43.06,56.94,35.16,2.48,0.781050587,0.003215074,-0.073176495,0.542183541,1.829406645,8.124433323,-40.22620496,-33.80381326,-24.19240835,-0.109055858,-0.169623108,0.018847736,-112.133179,-25.27805049
15,(주)코세스,89890,13-Dec,제조업,174.64,-31.18,-9.73,-10.71,-12.97,1.16,-12.76,-7.42,8.43,-4.82,0.76,-56.61,5.61,1.97,226.09,80.52,338.86,47.26,-10.43,10.93,1.31,-23.73,33924903,8.89,91.11,42.43,3.65,0.693332873,0.058542291,0.110715479,0.3159008,1.854629462,7.648125399,-42.51321525,-13.40684087,-55.77121634,-0.172784662,-0.408604939,0.013324815,-228.9664469,-266.9416202
17,(주)한프,66110,13-Dec,제조업,399.21,-55.29,3.22,2.94,-5.42,1.42,-14.71,2.38,6.29,-8.21,0.67,-103.91,5.06,1.23,424.28,54.29,162.45,19.48,-34.8,1.69,1.04,-37.05,48124999,3.33,96.67,45.53,2.64,0.809261824,0.012863826,-0.104514518,0.158226601,3.075361989,7.813952122,-67.9560107,-17.34774008,-15.08433295,-0.08371444,-0.575799949,0.015453703,-299.3698325,-1394.321054
19,에이스하이텍(주),71930,13-Dec,제조업,159.64,-29.74,-8.54,-7.89,-1.34,2.47,-34.48,-4.87,1.37,-7.22,0.66,-42.78,5.49,2.27,161.1,98.14,90.39,98.07,-1.14,16.1,1.24,-19.77,16403632,7.51,92.49,54.48,917.73,0.617008804,0.098414518,-0.633006546,0.12844948,1.044334015,7.458843573,-6.559186938,147.7465405,84.63559652,-0.035483001,-0.367577739,0.026562713,-269.5229041,-3623.282556
21,우양에이치씨(주),101970,13-Dec,제조업,128.47,5.07,-3.84,-3.57,2.71,2.73,90.14,-2.33,26.11,14.8,0.66,10.52,11.85,2.27,187.33,129.45,1332.22,123.49,13.17,1.01,0.96,3.32,226003564,17.11,82.89,50,21.47,0.65196671,0.004535435,0.147481498,0.075162076,1.210291597,8.572123456,48.06047265,11.72468259,11.63970889,0.062892856,0.048556147,0.023205617,3.553124835,69.94136092
23,잘만테크(주),90120,13-Dec,제조업,183.05,0.37,-5.91,-8.71,1.83,2.1,74.19,-5.72,10.66,8.21,1.04,1.12,2.52,5.3,191.79,128.88,349.11,105.55,18.12,25.8,1.57,0.38,132751911,15.37,84.63,40.62,6.26,0.65728817,0.161867963,-0.0644843,0.113370473,0.558746532,8.136662301,16.7055186,21.52339122,23.50927705,0.041851763,0.005778921,0.022824447,147.7750505,-20.36073812
25,(주)네오리진,94860,13-Dec,정보통신업,80.1,-29.82,7.8,16.93,-2.65,1.65,-78.2,7.8,4.08,-3.27,0.98,-50.5,3.88,21.36,85.43,118.93,185.69,94.9,8.18,26.14,2.32,-29.2,41569623,24.53,75.47,19.42,9.19,0.460714654,0.112906024,-0.436830969,0.288594294,0.90169116,7.618990904,-15.87940511,20.77837815,68.51979175,-0.042368612,-0.691956783,0.016005951,-218.8348061,-344.0268549
27,(주)미래SCI,28040,13-Dec,도매 및 소매업,166.11,-48.58,-32.51,-11.99,-3.28,7.99,2.77,-8.07,1.81,2.27,0.25,-50.1,7.59,0.3,205.49,25.64,174.79,7.82,-40.43,0.12,0.32,-11.99,11263301,-23.34,123.34,53.14,2.48,0.672661522,0.00066009,-0.626563645,0.257069131,2.628986673,7.656967942,112.727841,-7.686732486,-46.47854081,-0.121086318,-0.15766905,0.036885866,19.04865242,65.40189793
29,(주)바른손이앤에이,35620,13-Dec,정보통신업,32.47,-194.73,-43.42,-10.29,-24.82,-0.85,-14.51,-4.16,0.25,-1.64,0.1,-29.73,7.75,1.04,67.83,77.56,137.52,74.39,-4.34,43.73,0.3,-19.13,4185616,0,0,20.81,31.26,0.404174791,0.08461393,-1.646760074,2.363017057,1.426471751,7.64069999,-17.5270214,-8.530357214,-35.59921992,-0.133881923,-0.590899601,0.005393654,-111.8363343,-227.1208904
31,(주)승화프리텍,111610,13-Dec,건설업,188.69,-32.66,-2.48,-1.29,-1.04,7.07,15.2,-0.87,1.57,6.26,0.32,-39.66,9.19,0.83,208.89,54,132.76,47,-28.1,2.24,0.44,-10.6,11268501,20.34,79.66,47.3,14.28,0.676255502,0.013690901,-0.652891929,0.331945127,2.069889869,7.504919103,26.16123797,-18.76644294,-15.10887812,-0.041699438,-0.144589314,0.040010811,86.49800573,85.1748244
33,(주)에스제이케이,80440,13-Dec,도매 및 소매업,194.69,-27.91,-5.44,-6.37,-3.51,2.31,-22.21,-4.41,9.51,-6.44,0.72,-52.34,7.65,2.41,225.74,53.03,353.18,32.32,-28.07,1.32,1.17,-20.15,77234811,4.06,95.94,43.32,5.86,0.693005958,0.007878259,-0.150193531,0.155305229,2.225032787,7.979103838,-44.0442793,-22.86978783,1.117799887,-0.082815075,-0.325740943,0.023608751,-9.995565889,-41.21408476
35,(주)제이웨이,58420,13-Dec,정보통신업,38.79,-33.12,12.39,43.32,-18.05,-0.15,69.46,12.77,1.07,13.65,1.03,-48.41,25.9,5.25,41.81,161.72,73.43,145.81,16.88,91.09,3.5,-34.14,12898433,12.73,87.27,16.13,23.68,0.294814202,0.249174142,-1.669935602,0.261148234,0.790725428,7.097373557,-24.41545382,-32.24959383,-40.1862095,-0.104140053,-1.017624558,0.006835248,12.20687542,-26.39521172
37,(주)태창파로스,39850,13-Dec,도매 및 소매업,35.73,-67,-19.71,-63.25,-81.22,-0.23,-2200.4,-18.56,0.7,-48.03,0.79,-76.61,5.57,36.6,41.55,113.47,68.89,88.13,3.4,1,2.59,-53.16,10559467,10.17,89.83,4.46,14.74,0.293520238,0.002534506,-2.675141189,0.500016715,1.01009656,7.049577911,-24.93712796,-29.93920797,-25.40284848,-0.316063572,-1.736522246,0.003891282,-106.0726829,-40.23862227
39,(주)휴먼엔,32860,13-Dec,"수도, 하수 및 폐기물 처리, 원료 재생업",419.51,-14.41,-8.2,-16.71,-4.26,2.39,-67.19,-13.85,9.01,-15.78,1.77,-139.86,13.96,5.34,483.57,55.23,63.76,40.91,-32.18,0.1,2.16,-25.5,197234277,-7.75,107.75,58.55,9.9,0.8286397,0.000699125,-0.313809083,0.042256372,3.518585552,8.067443839,-2.9931905,-14.14847178,8.309061704,-0.211952595,-0.311914008,0.049770749,-840.3240644,-103.8144902
41,대한그린파워(주),60900,13-Dec,"전기, 가스, 증기 및 공기조절 공급업",563.69,-12.07,0.89,1.45,-0.56,1.75,987.65,1.27,9.75,62.64,1.44,-118.8,2.99,22.13,722.45,104.62,68.08,95.88,3.17,0.83,1.69,-17.33,137293372,6.54,93.46,47.97,24.45,0.878412441,0.005657367,-0.208696619,0.080810908,2.327268991,7.980391021,-32.49053242,-2.913431194,190.543559,-0.022094244,-0.204136767,0.039655093,-502.4626496,-186.1695344
43,울트라건설(주),4320,13-Dec,건설업,383.6,0.89,15.1,26.77,1.71,1.22,325.63,22.19,16.16,14.53,1.3,9.29,1390.83,32.98,483.8,71.42,178.57,68.3,-18.78,3.19,1.52,1.17,652995533,0,0,0,0,0.82870738,0.020980981,0.002180039,0.03252144,3.09845985,8.647949061,14.70648574,-32.49175586,45.70292764,0.035460855,0.013590535,0.020788791,47.67967321,32.29591221
1,(주)디아이디,74130,14-Dec,제조업,960.01,-6.02,-21.03,-36.99,-4.58,1.61,109.18,-34.04,19.61,38.35,1.01,-95.83,12.58,4.71,1151.84,60.71,96.78,59.15,-30.13,38.02,1.16,-6.11,184589313,-3.07,103.07,65.77,44.92,0.92011746,0.29154158,-0.234587903,0.060495398,6.69062495,8.057170711,-74.2485598,-73.72965923,-73.34827234,-0.092512627,-0.069577348,0.020194143,57.20780061,76.09546582
3,(주)브이티지엠피,18290,14-Dec,제조업,271.18,-6.74,1.95,1.75,0.12,6.42,35.25,1.32,1.75,13.32,0.68,-16.97,5.01,1.76,309.89,88.65,63.27,22.62,-7.51,0.03,0.93,-4.58,53824611,14.47,85.53,56.84,1.59,0.756034732,0.000190028,-0.108320463,0.136375105,1.694911982,7.901020951,-16.75540266,3.194116562,2.316214419,0.005657566,-0.062756751,0.047732169,-73.96103515,-408.3085635
5,(주)시너지이노베이션,48870,14-Dec,제조업,166.64,-38.53,2.81,1.69,-2.24,3.95,-82.46,1.07,3.99,-4.14,0.35,-34.28,6.19,6.89,172.74,56.13,380.31,43.81,-26.81,0.37,0.59,-13.49,31270864,11.24,88.76,51.89,4.63,0.633344439,0.002260617,-0.489843543,0.287671201,1.792062202,7.914231612,-28.77961202,-22.10055668,-6.241757778,-0.061352848,-0.226720919,0.027356039,57.42323446,67.84827302
7,(주)신양오라컴디스플레이,86830,14-Dec,제조업,408.47,-3.32,-12.83,-28.13,-2.46,1.12,68.27,-22.96,23.45,24.98,1.68,-44.56,38.9,4.23,444.56,77.29,163.08,30.96,-17.03,1.18,1.91,-5.56,156678422,3.33,96.67,33.68,5.13,0.816365638,0.008884185,-0.180585535,0.064178199,2.288427309,7.942101786,121.4769379,-2.469812015,-42.34122113,-0.051778368,-0.063499968,0.021078421,83.12217188,82.76201078
9,(주)씨에스,65770,14-Dec,제조업,201.43,-21.59,-5.15,-5.27,0.68,2.22,-14.51,-3.6,14.37,-4.02,0.74,-72.71,10.93,1.95,216.27,93.78,372.07,79.38,-3.96,0.75,1.09,-15.87,86207051,15.96,84.04,38.67,8.04,0.683816636,0.00532354,-0.082391537,0.13381917,1.273783357,8.090871432,3.645732217,95.54103322,37.92303491,0.018918986,-0.235665752,0.027788771,711.9198534,-11.20236385
11,(주)씨엘인터내셔널,37340,14-Dec,제조업,57.17,-26.07,-12.51,-17.48,-2.96,3.17,79.12,-8.23,0.97,12.52,0.67,-32.86,3.86,4.35,89.01,127.5,76.73,98.01,8.32,17.73,1.46,-17.48,21628364,46.14,53.86,33.14,7.27,0.470940177,0.053769549,-1.073869894,0.586187009,1.161274341,7.516973625,-0.482560958,-13.25542004,-47.66696035,-0.083712989,-0.380668507,0.028302072,-476.3836315,63.38354859
13,(주)아이앤씨테크놀로지,52860,14-Dec,제조업,4.59,-291.02,-160.32,-53.64,-45.07,-0.93,-45.03,-11.86,0.77,-10.42,0.07,-23.56,9.5,0.31,28.39,630.99,799.1,496.59,19,8.83,0.35,-19.72,5324797,-11.59,111.59,13.18,1.46,0.221150671,0.017083279,0.049487149,2.072598261,0.994066712,7.857097588,-21.14373244,-51.38695948,-26.62934197,-0.148291166,-1.031488049,0.003290589,-27.17586771,-25.60096499
15,(주)에스에스컴텍,36500,14-Dec,제조업,141.02,-5.96,4.31,4.09,-0.2,2.16,30.13,2.57,15.77,8.07,0.64,-17.57,3.15,2.33,169.07,133.64,620.52,86.13,17.63,28.3,1.07,-3.81,130935642,11.85,88.15,35.76,3.48,0.628343537,0.148328876,-0.061954547,0.124430535,0.806018324,8.341740676,-3.075562954,16.29820358,-23.13525312,-0.003789305,-0.063964518,0.018687819,-110.2446314,-87.78554661
17,(주)에이디칩스,54630,14-Dec,제조업,62.95,-15.5,-7.85,-29.16,-13.91,0.79,52.63,-15.77,6.16,15.89,1.73,-70.87,9.54,6.55,117.75,228.69,90.12,143,37.2,68.67,3.55,-26.87,26185290,19.11,80.89,38.98,6.81,0.54076357,0.198518105,-1.452945915,0.322988403,0.737899669,7.115122363,-36.85225145,-28.70919963,-39.16326568,-0.228576308,-0.55050213,0.016435129,-74.85783039,8.792990055
19,(주)에이티세미콘,89530,14-Dec,제조업,193.33,-13,17.91,19.29,1.19,3.55,38.69,13.86,6.21,25.92,0.82,-31.92,8.4,1.18,255.42,38.78,215.92,35.34,-33.3,0.48,1.24,-10.7,150503040,14.59,85.41,59.33,82.71,0.718641553,0.002630422,-0.073752998,0.094607943,2.804519128,8.288883876,-19.38970235,61.83060138,113.8459546,0.042212219,-0.160904618,0.035583128,466.7931061,-46.08506404
21,(주)엔에스브이,95300,14-Dec,제조업,118.7,-10.07,8.53,10.45,-1.76,2.74,32.03,6.64,9.23,13.43,0.78,-21.21,3.8,2.04,174.3,124.36,431.96,50.3,10.54,0.74,1.23,-7.83,40725913,5.52,94.48,44.1,2.32,0.635438179,0.003211535,0.041514426,0.115995681,1.266896989,7.718534596,-2.64457857,-12.64141472,-17.93027928,-0.047324903,-0.124224877,0.026948582,61.33349238,50.65722013
23,(주)유씨아이,38340,14-Dec,제조업,49,-47.67,-34.32,-101.95,-3.13,2.26,-154.87,-37.84,1.92,-31.66,0.87,-123.58,4.33,5.23,59.02,180.6,69.83,155.42,24.83,21.09,1.31,-41.34,24706173,5.88,94.12,15.5,17.8,0.371151654,0.064986664,-1.415400941,0.184467582,0.705333442,7.350418852,170.8530546,-35.52852721,-81.76427506,-0.109023816,-0.625099471,0.034795623,8.939478784,-67.37340174
25,(주)인포피아,36220,14-Dec,제조업,48.71,-12,-1.98,-2.38,-3.03,1.98,23.56,-1.15,12.68,10.74,0.57,-11.79,2.62,1.23,93.74,160.94,1127.21,116.38,15.32,6.5,1.34,-6.81,55082230,36.78,63.22,32.54,5.17,0.483841743,0.016345014,0.152559272,0.444605874,1.153394643,7.977149779,-22.44098248,-8.161993451,8.042267845,-0.043541981,-0.16093368,0.014378163,33.35077864,26.92973934
27,(주)케이엑스하이텍,52900,14-Dec,제조업,39.04,3.6,-2.18,-8.68,4.31,1.38,73.97,-2.93,6.04,33.87,1.19,12.45,7.35,2.76,51.01,160,200.05,134.27,15.51,21.42,1.82,4.28,73267282,18.19,81.81,17.26,15.31,0.337799016,0.055385146,-0.236460224,0.118717356,0.885465635,7.735991806,459.8938361,-32.63027708,1.165252369,0.075158553,0.065391174,0.017451727,1514.739905,1103.214697
29,(주)티에스엠텍,66350,14-Dec,제조업,476.97,-11.2,2.83,2.38,-1.97,3.42,11.58,2.04,44.4,3.49,0.73,-47.95,1.86,2.49,613.7,92.6,846.06,68.06,-4.94,1.49,0.88,-8.19,236055569,3.5,96.5,61.83,4.21,0.859885141,0.009976557,0.011215811,0.116391543,2.720125174,8.514825336,-28.87190672,-0.257246303,15.92843644,-0.059508645,-0.09877074,0.030131734,-15.49548823,-10.39199593
31,(주)파이오링크,170790,14-Dec,제조업,22.55,9.75,4.52,10.26,36.61,-1.42,397.53,2.76,9.08,30.67,0.59,7.84,2.29,8.83,36.8,450.21,1071.71,337.83,57.73,165.4,2.29,5.71,23681124,61.08,38.92,2.58,4.84,0.268997696,0.272678344,0.346768507,0.538606064,0.352655422,7.589001604,-10.82011184,-19.1900146,2.531791573,0.042298878,0.223656517,0.001155435,-59.92602579,-46.2548896
33,(주)플렉스컴,65270,14-Dec,제조업,364.93,-16.94,-2.73,-3.16,-11.58,1.07,33.01,-2.51,44.55,14.7,0.9,-55.02,12.18,2.07,384.92,67.67,998.56,28.4,-24.33,5.18,1.24,-15.22,276114798,-9.82,109.82,63.85,3.62,0.793779893,0.038978077,0.093663464,0.073241008,2.379499194,8.478024003,-42.56865966,-15.25334101,-47.28559696,-0.154065134,-0.210378163,0.013300412,-295.5834135,-344.237106
35,(주)피엘에이,82390,14-Dec,제조업,60.85,-414.84,-103.5,-40.83,-12.89,2,-73.69,-16.28,0.18,-38.05,0.13,-86.5,7.04,0.32,66.3,16.13,60.7,15.37,-30.69,9.94,0.37,-55.49,3733294,-92.62,192.62,34.33,22.68,0.398659441,0.03635355,-4.088997473,0.453483974,1.564798353,7.375406088,-33.72571258,1.435767332,-65.90317282,-0.184552905,-1.547902942,0.014320817,-118.6147809,-388.0675612
37,KCW(주),68060,14-Dec,제조업,113.54,1.51,7.45,15.94,2.68,0.91,92.13,9.62,51.09,35.32,1.29,4.09,4.98,3.25,152.13,117.39,1390.35,87.6,7.83,20.54,2.08,1.94,138956397,13.52,86.48,32.26,9.73,0.603371714,0.092514764,0.283717626,0.107486991,1.188372612,8.031790213,6.742025765,-0.799900941,6.227209503,0.035666747,0.031433037,0.013290846,13.2601431,-34.31520085
39,동일철강(주),23790,14-Dec,제조업,243.81,-36.32,-20.16,-10.53,-3.11,3.83,10.53,-7.98,10.76,4.19,0.44,-45.59,5.46,1.01,312.93,69.62,658.36,18.66,-17.94,1.35,0.67,-15.94,39520449,-6.97,106.97,66.56,1.84,0.757830678,0.007988971,-0.013012846,0.118716946,2.431921785,7.999310066,-37.67727578,56.31248815,-10.53771159,-0.082721522,-0.245177722,0.026593145,-418.9292682,-4142.797801
41,제이앤유글로벌,86200,14-Dec,제조업,62,-30.69,-0.48,-0.7,-7.04,1.68,18.4,-0.28,9.25,4.48,0.53,-26.16,5.89,2.4,67.35,169.95,922.83,133.39,25.91,47.2,1.4,-16.41,47807917,13.73,86.27,29.27,3.56,0.402465211,0.174845443,0.456999758,0.37438477,0.619881802,7.909367466,-21.72695658,-27.79807813,-27.3475153,-0.126741505,-0.42908568,0.01799331,-22.38998405,-46.8355411
43,현진소재(주),53660,14-Dec,제조업,213.1,-22.02,-4.14,-3.4,-3.62,3.45,-4.63,-2.47,40.61,-2.33,0.6,-45.93,5.05,1.17,265.87,78.26,1572.84,39.57,-12.66,0.51,0.82,-13.13,323718795,-10.24,110.24,62.61,2.65,0.726678889,0.002991268,0.062248124,0.071069476,1.990966285,8.734653725,-29.40578844,-4.667475331,33.19253255,-0.100846804,-0.188709121,0.027877507,-197.5259348,-303.8815675
45,(주)비엔씨컴퍼니,58370,14-Dec,도매 및 소매업,48.8,-44.25,-41.75,-75.58,-6.8,1.42,-4747.52,-25.31,0.76,-19.55,0.64,-54.85,2.82,82.65,50.33,163.24,63.45,141.08,20.53,3.62,1.32,-28.32,12126111,4.78,95.22,14.64,10.13,0.334813587,0.011765641,-0.895718352,0.294346143,0.70676584,7.301185315,112.6492089,27.78031636,-34.56895223,-0.157821135,-0.5857064,0.023209143,7.491258043,12.04274289
47,(주)엠제이비,74150,14-Dec,건설업,88.59,255.68,-224.38,-36.61,-1.58,0,3986.75,-18.01,0.63,22.6,0.12,57.66,2.54,15.75,96.89,191.18,267.04,191.13,41.03,8.89,0.27,31.45,5744391,23.1,76.9,10.17,220.03,0.49209509,0.0400076,-0.046244065,0.340674756,0.275129204,7.854610579,148.8117985,193.3262645,-55.80879064,-0.013492149,0.691920618,0.008560116,-221.9467256,218.3202025
49,(주)위메이드맥스,101730,14-Dec,정보통신업,8.25,-13.02,27.41,94.09,999999999,-3.7,423.36,7.75,7.85,18.24,0.27,-4.49,4.02,6.47,8.98,699.82,2189.78,699.82,45.42,291.78,3.15,-3.49,30518476,0,0,0,0,0.082362465,0.220949853,0.499459254,1.154416492,0.512257822,8.033270849,-9.208138828,-22.15903891,-40.67991482,-0.041418184,-0.41020956,0,-126.0308466,-127.1397281
51,(주)제넨바이오,72520,14-Dec,도매 및 소매업,270.34,-25.47,-1.59,-3.05,-19.09,0.77,-4.06,-2.27,35.59,-2.36,1.24,-89.1,6.76,2.51,288.63,55,643.63,39.29,-31.3,3.37,1.91,-31.47,133468551,-11.64,111.64,44.34,10.39,0.742688891,0.023457877,-0.077268147,0.116203464,2.399516022,7.972210557,-53.73904858,-47.50504665,-42.56122646,-0.287402012,-0.486605559,0.015054666,-641.6652194,-1487.097733
53,(주)피에이치씨,57880,14-Dec,도매 및 소매업,45.1,-248.44,-26.45,-23.48,-53.26,0.27,-237.44,-7.73,2.35,-60.97,0.21,-71.17,0.93,0.98,49.13,225.69,543.59,145.86,38.01,25.15,0.8,-52.7,15538682,-77.8,177.8,22.21,0.88,0.329458612,0.076065394,-0.074365414,0.986513721,0.473462675,7.725378568,-50.42982862,-48.64792083,-50.11825929,-0.374290589,-1.979636257,0.007027649,-589.2514008,-1183.658074
55,더이앤엠(주),89230,14-Dec,정보통신업,412.42,-90.04,-0.97,-0.72,-6.58,4.97,-55.92,-0.61,3.23,-36.84,0.63,-385.82,8.22,0.94,577.86,49.03,75.3,17.06,-31.01,0.23,0.74,-56.92,67587936,-55.36,155.36,65.79,3.25,0.852477116,0.001423513,-0.868763019,0.100372143,4.756309377,8.02906449,-70.82300604,-56.04688383,7.374166514,-0.277417068,-0.492664719,0.041832955,-104.9087951,-115.6500987
57,동신건설(주),25950,14-Dec,건설업,15.98,3.82,19.93,73.95,153.39,-2,3116.58,12.1,12.02,9.24,0.6,2.77,26.66,220.26,19.56,520.01,1656.64,491.53,56.14,312.26,3.51,2.3,50483624,11.23,88.77,0.81,28.79,0.163590523,0.417348985,0.76506766,0.079945251,0.36462018,7.920058339,0.356791713,-5.042698081,-42.08045051,0.019462509,0.134191736,0.000126882,-81.16498277,-75.94645435
59,에스케이커뮤니케이션즈(주),66270,14-Dec,정보통신업,30.74,-19.58,-14.71,-32.9,999999999,-1.7,216.89,-7.84,4.32,10.55,0.49,-12.85,4.96,6.66,31.29,216.07,617.95,216.01,27.18,49.83,1.96,-9.63,93909607,0,0,0,3949.2,0.238338745,0.116685676,-0.48755886,1.17009018,0.648629141,8.245927675,-11.74471742,-17.79896202,-26.78883168,-0.083637605,-0.38406795,0,64.35768191,56.11269912
1,(주)더블유아이,73570,15-Dec,제조업,42.68,-4.88,62.04,130.24,0.18,6.57,109.42,41.77,2.15,21.48,0.53,-7.78,9.72,2.96,47.21,43.54,216.58,40.47,-16.37,3.89,0.79,-2.58,15165610,16.71,83.29,23.31,6.16,0.320719966,0.011272033,-1.507177864,0.151162136,1.286299311,7.352675847,313.1039495,-61.52350201,-87.19647722,0.00841697,-0.038620884,0.045648948,1212.191219,97.13909476
3,(주)비덴트,121800,15-Dec,제조업,19.53,-18.32,12.52,14.65,-6.47,0.19,35.6,4.03,3.86,7.78,0.36,-8.8,8.47,1.47,37.97,335.74,793.04,186.19,33.37,106.73,1.5,-6.66,22678785,34.08,65.92,23.2,1.51,0.275216398,0.151088987,0.333562989,0.435958893,0.723941528,7.847749512,17.58869852,13.82669676,-21.86339398,-0.034613937,-0.274844125,0.005353908,-372.6956704,-492.414137
5,(주)스틸플라워,87220,15-Dec,제조업,188.62,-25.59,-6.41,-4.82,-2.54,4.7,-2.56,-3.35,11.78,-1.47,0.48,-38.72,3.2,0.87,227.88,54.74,509.73,41.84,-26.04,4.36,0.69,-12.23,137747009,3.59,96.41,59.72,5.11,0.695013437,0.025102132,-0.061908698,0.199618599,2.24629297,8.421370447,-15.69156821,-36.3681374,-31.26419051,-0.078222242,-0.176010113,0.030840709,0.438420302,-30.19904823
7,(주)썬코어,51170,15-Dec,제조업,157.16,-32.7,-0.18,-0.11,-6.71,2.58,0.79,-0.07,3.49,0.28,0.51,-35.88,3.16,1.33,183.54,79.72,233.87,55.74,-11.24,2.59,0.83,-16.8,46764329,3.65,96.35,42.84,3.04,0.647316067,0.014335196,-0.147926807,0.294910999,1.582440474,8.069563051,47.20013405,53.64126188,18.06620659,-0.132741335,-0.27174335,0.019779677,-390.3342887,-368.564145
9,(주)씨엔플러스,115530,15-Dec,제조업,157.13,-44.41,-6.92,-5.71,-5.9,1.77,-4.44,-3.76,11.53,-2.57,0.51,-56.12,5.92,0.85,192.84,46.48,708.2,38.03,-28.71,4.27,0.85,-22.73,27882191,7.73,92.27,57.9,10.96,0.65851887,0.02291613,-0.063317239,0.239511414,2.198026248,7.710469483,-33.0328157,-14.63122555,-18.55235143,-0.083028716,-0.379483141,0.014066748,36.43819199,5.388592524
11,(주)알파홀딩스,117670,15-Dec,제조업,97.19,5.08,11.67,18,1.16,1.61,150.41,8.89,12.65,20.61,0.76,7.56,6.1,5.41,97.71,124.3,839.97,123.2,11.95,61.68,1.54,3.85,50827475,18.03,81.97,19,103.5,0.494195902,0.303201416,0.38988672,0.148247065,0.76896251,7.824122624,-2.33171139,9.556490257,33.27376053,0.024309639,0.078429018,0.020876009,-68.64678945,-42.62200103
13,(주)에스엘바이오닉스,214310,15-Dec,제조업,29.01,8.96,11.03,42.47,25.56,0.25,101.25,12.97,21.98,40.16,1.18,15.4,5.44,2.83,43.97,247.76,1277.77,218.36,29.77,33.41,3.85,10.54,57249639,20.41,79.59,15.76,19.86,0.30541917,0.067317122,0.170806113,0.087374752,0.721016208,7.687184412,79.56888992,46.55635318,18.93082611,0.15537815,0.298804299,0.006075886,-22.44893984,-17.95850274
15,(주)에이루트,96690,15-Dec,제조업,9.91,8.46,9.72,70.87,196.34,-1.81,67.17,6.39,5.87,15.87,0.69,6.26,6.3,2.61,9.91,684.34,812.61,589.35,52.67,219.67,9.78,5.82,29335971,26.22,73.78,5.46,8.07,0.090140404,0.198008436,0.624215456,0.16107021,0.421094377,7.649880373,5.12964839,15.38517345,5.590777312,0.069596103,0.827259752,0.000354476,97.77565995,-6.62342601
17,(주)중앙디앤엠,51980,15-Dec,제조업,149.31,-115.38,6.42,6.69,-17.87,1.11,-462.62,4.2,1.99,-54.52,0.55,-103.14,4.7,5.43,168.1,121.5,105.5,94.07,11.98,64.2,1.45,-63.44,18838770,-25.86,125.86,35.65,3.83,0.627007689,0.357555463,-0.06742987,0.223711049,0.86683596,7.45950848,-66.15883626,18.2158553,-8.163411552,-0.265159281,-1.669857578,0.014840221,-98.45090954,-129.1993336
19,(주)케이에스피,73010,15-Dec,제조업,29.85,-6.27,9.03,8.2,-1.12,-2.84,7.25,3.27,8.53,1.94,0.36,-3.71,4.23,1.38,66.39,267.23,1415.38,166.58,30,8.43,0.92,-2.26,40286747,1.59,98.41,26.19,1.84,0.399006603,0.015116111,0.108724117,0.058291254,0.866318171,8.04613177,-3.616695475,-4.923405869,9.175430493,-0.015294828,-0.057889136,0.013615872,-55.15986769,-196.1539093
21,(주)트루윈,105550,15-Dec,제조업,56.33,-11.76,16.11,12.26,-2.6,2.81,14.77,6.92,8.21,9.1,0.5,-11.79,5.06,0.86,129.76,107.01,790.84,85.65,1.72,3.58,1.01,-5.91,32165136,11.13,88.87,52.6,9.49,0.564755582,0.008765781,0.083135006,0.208034127,1.694842254,7.874219776,3.078711577,-23.7745375,-11.09406739,-0.048654494,-0.118634171,0.018685033,-204.4741089,-270.2821047
23,에스비더블유생명과학(주),151910,15-Dec,제조업,365.8,-30.05,-2.49,-1.38,-4.69,2.04,26.14,-1.14,14.98,11.66,0.46,-57.29,3.58,0.95,482.91,80.04,560.65,31.76,-12.52,3.96,0.61,-13.81,90289360,1.59,98.41,51.39,1.64,0.828447745,0.025172341,-0.068712392,0.13243422,2.901077762,8.294803253,-44.47868236,9.721382025,-52.23959636,-0.053536686,-0.181981127,0.011404834,-332.2349632,-6185.884443
25,에스에이치엔엘(주),50320,15-Dec,제조업,174.09,-9.33,-7.03,-14.58,-16.97,0.73,53.06,-9.27,4.21,18.76,1.12,-29.63,5.57,4.82,174.72,96.87,116.2,95.6,-1.98,48.46,1.73,-10.43,15651205,11.77,88.23,25.3,22.89,0.63599845,0.307108219,-0.55812726,0.334966605,1.06075786,7.07402811,-22.03822109,-16.78834778,1.149153334,-0.24295137,-0.160900169,0.014317502,-346.2219272,-73.90784318
27,테라사이언스(주),73640,15-Dec,제조업,294.22,-100.42,-12.53,-8.02,-3.69,3.98,-88.77,-6.14,2.15,-39.08,0.28,-95.26,4.97,0.54,326.94,41.98,102.78,23.27,-39.98,1.53,0.41,-28.59,28933361,-7.3,107.3,61.56,1.56,0.765774155,0.01057048,-0.101722533,0.255544663,3.034163082,7.771002178,-70.69849812,-62.10892907,-18.36670152,-0.093515336,-0.40841898,0.025316595,-64.67177959,-284.6978973
29,한국정밀기계(주),101680,15-Dec,제조업,18.39,-36.84,0.41,0.46,-23.57,-0.51,6.86,0.09,8.47,0.65,0.21,-9.88,2.61,2.26,25.07,468.12,3025.39,130.06,54.13,18.65,0.91,-7.63,35571865,-18.43,118.43,13.05,0.44,0.20042882,0.027416565,0.44433916,0.282570453,0.389788213,8.201380998,-7.949642576,-19.68315587,-40.47126547,-0.096653621,-0.334347173,0.004100221,-6.017185502,-14.33178502
31,(주)골드퍼시픽,38530,15-Dec,도매 및 소매업,19.29,-54.82,-28.28,-71.42,-9.59,2.51,-108.01,-18.45,0.85,-9.75,0.53,-55.42,2.95,2.98,34.82,349.83,79.93,308.07,35.75,72.2,1.14,-28.97,18635305,-5.61,105.61,10.41,3.98,0.258289094,0.103326011,-0.46646145,0.38626081,0.673258372,7.455960827,27.91681391,-40.13441491,13.03539063,-0.233774008,-0.623663262,0.024369843,-41.65112933,-38.23403731
33,(주)디에스앤엘,141020,15-Dec,도매 및 소매업,134.53,-23.56,-4.83,-12.37,-10.88,0.75,-43.81,-7.9,5.42,-11.7,1.57,-72.02,8.39,6.38,177.16,118.62,119.32,102.34,9.04,45.91,3.15,-37.08,53708366,6.36,93.64,27.38,15.88,0.639199157,0.222855858,-0.379971234,0.216206633,1.17582421,7.516297842,-46.96460823,-10.07487739,343.0085742,-0.240257143,-0.743073306,0.02207421,-16.65260574,-54.02076129
35,(주)소리바다,53110,15-Dec,정보통신업,101.52,-18.13,-11.45,-31.49,-92.96,-0.42,652.98,-16.54,1.82,26.46,1.34,-45.82,7.28,30.79,110.69,153.19,55.21,153.19,25.63,55.32,2.9,-24.24,28552984,0,0,5.69,0,0.525372193,0.266560353,-0.815422908,1.181841134,0.551649549,7.29572843,-31.14949461,-12.6197334,-1.431166548,-0.243100964,-0.52510908,0.002615014,2.433090436,26.11485466
37,(주)씨그널엔터테인먼트그룹,99830,15-Dec,정보통신업,138.74,-96.76,-28.72,-14.61,-3.08,5.56,-158.89,-8.82,0.95,-16.14,0.33,-69.07,7.24,1.7,152.57,76.96,93.65,70.25,-12.66,9.15,0.62,-32.1,25161180,-9.5,109.5,50.6,6.71,0.604064778,0.056168891,-0.170323681,0.319208161,1.457886796,7.913298892,-14.81943905,105.3076152,119.2657973,-0.137425835,-0.599776331,0.044666247,-125.3491478,-339.647765
39,(주)초록뱀이앤엠,131100,15-Dec,도매 및 소매업,136.13,-19.2,-0.63,-0.53,-3.37,3.89,15.57,-0.35,11.06,8.48,0.5,-27.3,10.23,0.92,195.49,37.63,549.31,25.8,-28.73,1.08,0.76,-9.6,56447508,1.69,98.31,52.81,6.85,0.661575086,0.004953089,-0.0458191,0.18500225,2.442569516,8.010240636,-20.50336703,-13.72348105,3.422907021,-0.083991571,-0.146824593,0.024944747,-92.5851332,-70.31502667
41,(주)케이엔씨글로벌,68150,15-Dec,건설업,89.94,-71.11,-36.57,-27.42,-2.58,2.85,1.34,-13.08,0.53,0.15,0.37,-58.68,63.94,2.53,91.23,100.08,66.96,98.36,0.04,1.28,0.66,-26.04,16141855,0,0,0,0,0.477060023,0.005998648,-0.844438008,0.719913232,1.012163271,7.654422046,51.99266017,45.47005277,-17.79008997,-0.11343771,-0.468269924,0.04404429,56.69762356,40.53918668
43,씨앤티85(주),56730,15-Dec,건설업,75.53,-54.63,-16.19,-15.26,1.15,4.39,3.04,-8.08,1.07,1.38,0.54,-78.92,5.57,1.07,112.55,82.44,81.55,82.44,-6.24,19.02,0.87,-29.74,18838071,16.95,83.05,45.65,14.82,0.529526294,0.068396433,-0.849768735,0.109064033,1.502873845,7.576882246,113.7653805,68.874448,207.1804922,0.032885901,-0.477115606,0.028670872,295.5410576,-49.94072186
45,아이이(주),23430,15-Dec,도매 및 소매업,9.37,-38.7,7.03,28.13,-0.65,0.73,-279.31,3.51,0.52,-13.97,0.45,-25.12,2.03,9.99,14.26,117.59,80.89,114.08,1.44,56.04,1.42,-17.36,31967267,15.09,84.91,3.02,164.85,0.12482955,0.045963166,-0.582656896,0.157937336,1.032422559,7.806307421,34.76637445,-81.22948048,-20.45428344,-0.003143228,-0.550851181,0.004832574,81.36270594,-253.7940547
1,(주)디에스케이,109740,16-Dec,제조업,98.82,4.58,2.75,1.72,2.77,1.96,55.23,0.91,18.32,8.48,0.51,10.29,3.22,3.32,112.86,98.7,1548.52,89.9,-0.61,48.42,1.09,2.33,59535940,29.34,70.66,35.43,11.28,0.530201856,0.224783479,0.19661585,0.215377115,1.153244276,8.253797709,104.5218912,78.67611849,5.444765765,0.039640703,0.050031924,0.014291758,-55.71060573,-71.01055185
3,(주)블루베리엔에프티,44480,16-Dec,제조업,9.97,-6.93,9.33,58.71,-30.94,-1.08,71.61,5.74,3.57,17.96,0.6,-4.59,4.79,2.41,10.84,664.62,523.07,437.63,50.77,203.65,6.34,-4.16,15334875,8.78,91.22,2.43,2.78,0.097776518,0.183101557,0.482667641,0.156879727,0.446043839,7.39671754,-5.425560226,-11.29375163,-12.08827338,-0.041433928,-0.439338349,0.001339194,31.16694098,32.4859482
5,(주)스킨앤스킨,159910,16-Dec,제조업,53.96,-31.23,-10.87,-18.63,0.29,4.21,21.16,-7.08,5.89,9.81,0.63,-30.47,6.2,1.3,61.31,119.95,524.94,106.77,6.67,49.83,1.26,-19.83,38353435,42.75,57.25,20.8,17.33,0.380093649,0.166698445,-0.391468248,0.410035294,0.965888838,7.769946765,54.33153541,8.879966255,82.66264759,0.011118281,-0.394804472,0.037755337,1042.234649,23.60232303
7,(주)썬테크놀로지스,122800,16-Dec,제조업,79.37,-31.24,7.37,7.39,0.77,3.57,7.5,3.96,11.69,2.88,0.56,-32.97,6.24,1.33,115.24,154.49,1003.52,116.25,20.09,60.51,1.21,-17.63,25054557,29.22,70.78,37.94,3.48,0.535393964,0.223152554,0.123519854,0.245098926,0.926132671,7.668592512,-16.09409448,28.36554328,0.904223344,0.026564399,-0.378907762,0.034544916,-47.05495449,-567.1301323
9,(주)에스마크,30270,16-Dec,제조업,18.72,-73.56,-35.58,-17.69,-6.4,4.26,-19.93,-9.67,1.4,-7.74,0.27,-44.19,12.4,0.7,120.51,231.45,233.18,200.31,11.16,9.05,0.5,-19.99,28428152,-24.81,124.81,48.4,10.28,0.546498667,0.007678593,-0.325447488,0.323714887,1.771904662,8.019592888,93.77878981,17.28136696,-46.28352945,-0.184694886,-0.438342072,0.030397038,-9.775493227,-22.19590705
11,(주)에스에프씨,112240,16-Dec,제조업,23.73,3.91,19.59,41.26,1.73,-0.01,52.86,9.48,4.17,7.92,0.57,2.7,1.99,2.61,29.82,329.95,519.84,276.29,42.04,107.33,3.2,2.22,47400350,12.19,87.81,16.55,3.85,0.229725807,0.196205187,0.403107994,0.116116927,0.515145259,7.990997071,21.67364821,16.70315616,-7.106658544,0.003253564,0.125011097,0.001884055,284.1152366,43.73526876
13,(주)에임하이글로벌,43580,16-Dec,제조업,36.35,-270.17,-51.38,-24.69,-14.36,0.81,-347.36,-6.67,0.43,-26.06,0.16,-54.8,2.67,2.38,36.99,151.05,203.7,147.02,13.55,76.03,0.81,-43.57,4439599,-25.73,125.73,11.78,5.09,0.27001492,0.201771265,-0.390000917,1.067914918,0.820798704,7.534143134,30.25364134,3.874908782,-67.26349815,-0.21371222,-2.197661275,0.01488053,-1029.587732,-835.6643989
15,(주)에프티이앤이,65160,16-Dec,제조업,97.42,-2.18,-18.69,-15.87,0.21,4.65,40.43,-8.13,1.71,12.79,0.49,-2.3,4.82,1.38,105.04,109.44,185.81,87.73,4.48,9.22,0.91,-1.07,44902714,0,0,0,0,0.512300073,0.046918017,-0.066169291,0.218089512,0.984358506,8.01386099,45.41363931,40.0111385,-6.81620855,0.006366841,-0.019852197,0.029682925,3222.112065,95.6161302
17,(주)우성아이비,194610,16-Dec,제조업,142.19,0.6,-12.34,-8.37,0.94,3.36,49.73,-5.96,25.48,9.87,0.56,1.32,3.06,2.09,248.14,116.98,1442.18,63.01,6.94,3.38,0.82,0.34,33559045,31.86,68.14,56.52,2.61,0.712758079,0.015527193,0.106869817,0.283825687,1.818041431,7.841640607,17.10283406,54.82239846,0.082564501,0.019552786,0.004861935,0.02079484,-66.88030936,-25.01592464
19,(주)위노바,39790,16-Dec,제조업,25.74,-130.08,-13.63,-42.31,-3.38,1.17,-134.75,-8.68,0.53,-48.3,0.47,-78.71,2.22,1.85,25.82,240.13,65.21,201.56,28.67,16.14,2.02,-60.59,20362860,14.3,85.7,3.68,10.1,0.205223814,0.033028439,-0.894045804,0.278997302,0.640027288,7.50458829,-39.38935845,-42.49382527,12.84264281,-0.063346278,-2.632673755,0.018746355,-1005.485943,-2319.737575
21,(주)이브이수성,84180,16-Dec,제조업,37.6,8.43,18.51,43.55,17.14,0.57,28.01,12.95,6.86,16.81,0.68,8.68,4.72,1.16,42.34,142.47,688.74,103.78,11.22,46.22,2.05,5.77,28127090,22.36,77.64,15.18,5.83,0.297472143,0.122077669,0.626703846,0.126144262,0.887780866,7.60417629,6.911258085,-4.500171227,-17.75737624,0.066708558,0.172495865,0.003892241,-19.65638949,16.28421942
23,(주)지디,155960,16-Dec,제조업,29.56,-45.46,20.98,20.92,-35.11,-1.57,12.51,5.42,3.55,4.97,0.24,-14.73,18.78,0.45,34.94,168.28,1015.25,167.97,14.96,94.67,1,-11.12,32216062,-14.73,114.73,20.39,307.18,0.258917481,0.20739524,0.25894616,0.187708758,0.851929479,8.096201365,-13.1638453,6.663948489,-33.69562341,-0.081945128,-0.454346178,0.002334052,-57.61673273,24.38088144
25,(주)차바이오텍,85660,16-Dec,제조업,70.24,6.1,8.89,10.24,10.79,-0.13,147.33,5.2,17.78,27.32,0.64,5.86,7.93,2.97,102.96,173.98,1132.11,169.68,25.6,50.31,1.53,3.88,449260920,33.75,66.25,8.68,43.73,0.507287291,0.174109416,0.14208869,0.248930301,0.807465699,8.885886346,-15.16070643,25.10439041,14.08884607,0.056266984,0.093145658,0.005214151,125.4150701,312.3300594
27,(주)코디,80530,16-Dec,제조업,73.46,-159.05,-45.83,-9.66,-5.43,2.94,-89.62,-4.28,1.16,-25.52,0.11,-32.38,1.56,0.36,79.67,97.52,492.53,94.09,-1.01,24.85,0.26,-17.36,8087303,8.12,91.88,37.88,3.14,0.443413893,0.101651189,-0.032656189,0.850617814,1.080303785,7.937069404,25.81382621,40.02153339,-85.28143376,-0.083995898,-0.416673091,0.015475182,-82.20255334,-219.1606822
29,(주)트레이스,52290,16-Dec,제조업,70.79,-44.77,-63.52,-34.08,-0.72,5.84,5.03,-14.29,0.71,1,0.22,-19,2.15,0.99,72.18,109.38,170.37,92.13,3.86,2.93,0.47,-9.94,14681170,25.24,74.76,37.3,1.92,0.419220835,0.012054963,-0.356218153,0.317749403,0.947539317,7.814755323,21.25319664,16.26297313,-58.37440863,-0.01450396,-0.208227596,0.020240034,88.97708653,51.89988466
31,(주)행남사,8800,16-Dec,제조업,134.79,-83.46,-7.65,-6.32,-3.52,1.9,-337.17,-4.35,0.85,-39.34,0.44,-107.63,2.28,2.06,221.11,158.79,44.44,96.52,24.68,1.32,0.72,-36.76,27950372,8.67,91.33,51.1,1.47,0.688576623,0.005559861,-0.56070774,0.230272928,1.070796259,7.691310246,-55.5975283,-22.55886714,-32.43746197,-0.063225057,-0.604568565,0.017973437,-1542.639514,-7277.338543
33,레이젠(주),47440,16-Dec,제조업,108.71,-17.74,0.28,0.62,-9.02,0.99,25.05,0.32,12.01,12.08,0.94,-35.77,5.52,1.97,110.25,92.51,487.04,69.87,-3.87,22.93,1.85,-16.65,99824346,4.29,95.71,39.14,7.66,0.524366496,0.118567584,-0.050693846,0.158915862,1.096822049,7.929844658,-37.19896693,-25.1715965,-25.35109277,-0.108903142,-0.328624242,0.012072807,-443.7485883,-666.33641
35,지나인제약(주),78650,16-Dec,제조업,334.78,-16.75,13.99,14.42,-2.76,2.85,41.21,11.39,15.68,28.85,0.76,-63.19,8.37,1.11,375.86,31.66,347.31,19.87,-48.08,0.71,0.95,-12.75,93027788,5.68,94.32,53.8,7.51,0.789853193,0.005018813,-0.200982043,0.152831367,3.698535487,8.057845326,-5.112948524,-4.004190436,6.868221962,-0.073119091,-0.159654782,0.026528551,-132.9066073,-16.84195085
37,휴림네트웍스(주),192410,16-Dec,제조업,25.48,-21.73,16.53,35.35,999999999,-1.32,57.92,7.36,8.45,3.65,0.43,-11.53,4.26,5.6,26.3,400.49,1502.69,375.36,60.61,345.71,2.24,-9.32,15256623,-16.13,116.13,0,11.46,0.208247373,0.697294621,0.632440846,0.181817234,0.242781299,7.534781819,-10.67404508,-12.61576264,-42.46486648,-0.14716978,-0.486010045,0,-1613.608959,-362.7932358
39,(주)넥스지,81970,16-Dec,정보통신업,7.55,1.84,8.61,68.46,-229.76,-0.65,358.2,5.54,8.66,22.75,0.65,1.3,3.84,8.79,8.81,887.11,1236.81,815.13,54.62,544.68,7.78,1.19,24953286,39.09,60.91,0,10.78,0.080972434,0.378003107,0.670865854,0.407349798,0.418218877,7.588368194,1.82763118,2.92106362,8.914677439,-0.01063212,0.142809762,4.63E-05,-231.021572,3.469949613
41,(주)세영디앤씨,52190,16-Dec,"예술, 스포츠 및 여가관련 서비스업",101.37,-238.29,-162.31,-24.37,-15.74,2.11,23.07,-13.27,0.73,4.18,0.08,-47.01,1.91,0.45,119.52,45.86,369.39,45.86,-25,16.56,0.15,-19.48,3016994,-169.67,269.67,43.78,0,0.544469784,0.076471946,-0.645482834,1.232646137,1.730321948,7.567123348,143.1994473,-43.11219755,-5.172255553,-0.369694756,-0.54819322,0,13.68658734,59.40563356
43,(주)씨앤에스자산관리,32040,16-Dec,"사업시설 관리, 사업 지원 및 임대 서비스업",303.13,-11.8,4.97,3.74,-0.48,3.73,136.56,3.3,3.04,49.17,0.68,-46.58,11.86,0.96,743.17,58.45,53.22,34.71,-14.94,3.27,0.8,-8.06,217286531,6.27,93.73,46.84,13.13,0.881399874,0.011741075,-0.120002475,0.084358984,6.659882827,8.514847817,-32.05534007,23.92385276,2.428592463,-0.014766673,-0.094899463,0.030900206,-2571.481988,-147.8200078
45,(주)아이톡시,52770,16-Dec,도매 및 소매업,172.09,-10.22,10.58,25.93,-1.76,1.16,702.35,16.4,3.35,45.68,1.35,-39.27,7.41,24.07,172.09,71.27,78.85,71.27,-18.17,18.21,2.08,-13.78,37422701,58.8,41.2,38.88,0,0.632469467,0.115192539,-1.904437937,0.61308541,1.494453709,7.382770547,-16.37044949,-35.39698068,-14.85021557,-0.033792462,-0.212313838,0.019233717,-120.0709835,-2389.263295
47,(주)코너스톤네트웍스,33110,16-Dec,도매 및 소매업,166.43,-30.55,-13.19,-6.85,-1.39,9.12,6.12,-4.36,2.4,0.2,0.5,-30.25,3.09,6.32,175.41,85.01,113.13,80.15,-9.06,17.14,0.83,-15.42,34893230,26.37,73.63,40.41,10.28,0.636899303,0.103587703,-0.221491838,0.456831254,1.339226441,8.023206887,144.5028189,235.4530024,288.3667922,-0.097484602,-0.253041004,0.070374972,-12.03939187,-17.21246678
49,(주)파티게임즈,194510,16-Dec,정보통신업,32.87,-69.01,-17.41,-30.06,-11.45,0.11,-1472.24,-8.06,5.19,-14.35,0.41,-36.09,8.8,44.33,36.61,219.08,809.92,219.08,28.65,61.75,1.87,-28.39,31448344,0,0,16.09,0,0.268002794,0.148563121,-0.282720096,1.274394194,0.646084442,7.832350673,-28.46663959,-29.21275222,33.56598114,-0.112873551,-1.292466611,0.009858715,-37.06440114,-51.11021775
51,쌍용정보통신(주),10280,16-Dec,정보통신업,249.25,-0.83,-5.93,-17.35,-6.1,-0.07,1878.85,-12.57,5.43,38.23,2.14,-6.3,5.06,115.01,263.14,129.38,70.48,125.91,20.17,43.09,2.98,-1.77,219554946,9.75,90.25,14.07,49.7,0.724623511,0.295777289,-0.13029068,0.105406453,0.406590233,8.01521654,-1.593789031,0.505925803,20.31997476,-0.016897229,-0.024567995,0.002771392,75.88675044,69.17068354
53,코드네이처(주),78940,16-Dec,건설업,64.81,-170.96,-10.59,-2.53,-1.5,4.25,-266.51,-1.27,0.75,-15.93,0.17,-62.91,2.13,3.98,100.63,68.48,233.82,65.84,-10.18,1.4,0.32,-29.11,8473811,9.68,90.32,30.31,28.16,0.501563708,0.004532719,-0.392580271,0.292240528,1.562477486,7.848807488,223.8434022,158.3449199,-22.34298297,-0.033279132,-0.541812591,0.022246344,-2196.837989,-5327.258491
55,한솔인티큐브(주),70590,16-Dec,정보통신업,158.21,-1.83,-0.05,-0.1,7.45,0.91,1182.79,-0.06,11.15,28.06,1.17,-5.19,3.36,49.08,174.5,95.63,336.09,94.55,-2.52,0.69,1.98,-2.13,77132900,20.94,79.06,25.91,95.72,0.635702042,0.003986142,0.095823139,0.14841567,1.232048602,7.80634665,-24.8064131,-0.009869169,8.754872336,0.071082,-0.036103811,0.00953881,9.294777316,-138.6904456
1,(주)국순당,43650,17-Dec,제조업,5.52,15.44,-1.82,-5.52,-12.28,-2.28,53.49,-0.47,7.03,12.82,0.28,4.88,7.28,1.02,9.33,708.73,2433.16,591.98,30.73,295.3,3.17,4.26,62761236,37.88,62.12,0.48,4.3,0.085303567,0.149067773,0.680292947,0.446737107,0.702123193,8.384173699,14.184519,1.631351947,-9.956820583,-0.018731498,0.488709361,0.001525314,34.28664483,450.921763
3,(주)노블엠앤비,106520,17-Dec,제조업,71.4,-43.25,-25.05,-26.22,-4.91,3.43,-7.5,-12.79,4.39,-2.39,0.5,-41.36,4.9,1.54,95.18,69.8,331.07,46.85,-11.05,11.27,1.06,-21.54,60316673,-2.48,102.48,33.09,6.19,0.487654016,0.041209086,-0.462209451,0.243560201,1.453427929,8.072523943,-10.93784717,4.463487059,-5.256097924,-0.133639508,-0.458749163,0.027204089,29.10940991,46.40627591
5,(주)데코앤이,17680,17-Dec,제조업,91.32,-45.45,-7.06,-12.16,-12.04,0.66,-624.98,-5.9,1.17,-17.86,0.86,-67.27,9.67,24.22,94.34,117.38,62.8,64.33,8.17,34.02,2.05,-39.04,46847589,47.23,52.77,20.19,2.83,0.485441142,0.159866924,-0.726163168,0.681135223,0.871444302,7.748496313,-16.33445874,-15.27493223,-15.43514557,-0.179385047,-0.930382625,0.01490451,-20.35993326,-145.3660783
7,(주)라이트론,69540,17-Dec,제조업,77.15,-3.69,-4.71,-11.26,0.05,2.58,106.17,-5.14,22.53,15.95,1.21,-7.42,5.96,7.24,83.86,156.27,1099.29,114.08,23.61,13.66,3.06,-4.46,82344246,13.3,86.7,24.37,5.79,0.456107271,0.057321438,0.264567918,0.131480286,0.632977677,7.877791625,-1.112637745,20.13339458,98.40905061,0.001812074,-0.113034379,0.03712442,-78.45137396,-679.1157359
9,(주)모다,149940,17-Dec,제조업,262.01,-36.6,3.17,1.34,-0.25,8.58,96.79,0.98,15.01,3.28,0.39,-209.67,7.58,9.32,265.42,73.21,83.37,70.28,-19.21,12.58,0.55,-14.27,118523420,68.51,31.49,49.16,15.34,0.726340316,0.090257016,-0.09974042,0.721146141,1.736062607,8.585472112,53.04531396,119.9574657,26.15827802,-0.014062012,-0.199924529,0.055901607,-188.641842,-1704.997414
11,(주)바른전자,64520,17-Dec,제조업,121.74,-14.1,-3.58,-11.24,-13.54,0.69,-9.65,-6.33,5.13,-3.47,1.53,-44.73,8.72,4.52,128.68,102.86,125.43,58.13,1.52,6.67,2.96,-21.59,168479538,-4.29,104.29,43.34,5.66,0.562703773,0.035494577,-0.183799561,0.073160261,1.034583524,7.97888728,-35.50925868,-33.89179558,-30.2565922,-0.177676568,-0.417525185,0.013121309,-910.4500871,-1528.898375
13,(주)바이오빌,65940,17-Dec,제조업,138.63,-50.01,-13.54,-5.42,-2.33,4.2,-26.89,-3.36,4.53,-4.54,0.32,-36.76,8.1,1.89,162.77,69.92,575.76,60.88,-15.87,5.75,0.62,-16.2,50351617,39.9,60.1,50.31,6.77,0.619436381,0.030360891,-0.078238325,0.596291873,1.658331626,8.307839429,10.20301392,39.73520679,54.10733355,-0.063912298,-0.30814001,0.027393619,-504.9628683,-139.1058481
15,(주)상상인인더스트리,101000,17-Dec,제조업,250.11,-22.08,15.15,11.99,-1.21,2.76,-2.71,8.62,6.21,-1.45,0.64,-43.04,12.37,0.97,255.84,32.37,264.43,21.63,-47.53,6.04,0.92,-14.07,95702436,9.16,90.84,48.53,5.72,0.718973944,0.042440788,-0.01483261,0.137536353,2.748693674,8.226007701,5.405855784,-11.23016719,-25.49079877,-0.02926831,-0.203036873,0.024229349,-129.0926525,-322.8027013
17,(주)솔고바이오메디칼,43100,17-Dec,제조업,28.43,-36.71,-31.34,-41.03,-11.31,0.81,5.89,-11.23,0.45,1.22,0.41,-21.69,5.04,1.5,37.7,234.84,77.67,120.29,27.83,32.27,1.35,-14.96,23210535,24.86,75.14,19.99,1.51,0.273791337,0.066613014,-0.30660298,0.509712637,0.709470557,7.811193591,44.38662982,33.45649292,-2.155769399,-0.106397171,-0.496162123,0.009408053,22.27995905,-6.379833923
19,(주)스카이문스테크놀로지,33790,17-Dec,제조업,24.26,-35.35,-38.37,-22.32,-8.45,0.03,-12.66,-8.24,1.57,-2.57,0.21,-11.92,17.95,1.06,58.53,513.08,460.32,510.54,63.21,280.72,0.58,-7.59,13458871,4.72,95.28,33.98,55.2,0.369212112,0.429827905,0.064509479,0.366254643,0.340698298,7.797087621,78.79864993,229.5239561,2.95610173,-0.08010369,-0.282503982,0.01109708,-64.18125049,-98.6443864
21,(주)씨에스에이코스믹,83660,17-Dec,제조업,29.97,-30.44,-26.17,-116.07,-49.55,0.07,-6.91,-26.77,3.19,-1.41,1.02,-40.47,5.73,5.02,29.97,279.48,239.71,218.41,41.39,29.24,4.44,-31.14,31466024,28.83,71.17,10.73,7.26,0.230616885,0.067437006,-0.877567378,0.591151427,0.462029425,7.488022488,193.7959883,93.33600188,69.03908557,-0.26538579,-1.124543572,0.005324964,-116.8725242,-87.6366172
23,(주)아이엠텍,226350,17-Dec,제조업,80.25,-30.38,-6.52,-17.99,-28.34,0.12,-49.19,-9.45,7.24,-12.65,1.45,-92.73,9.17,5.05,110.56,136.07,237.14,94.71,13.75,5.61,2.76,-44.04,69006125,5.37,94.63,14.83,9.19,0.525085512,0.021384511,-0.359070135,0.149942951,1.01367817,7.67767191,-41.77182754,-8.566595854,-14.89951147,-0.12075167,-0.882063886,0.004294191,-2491.690607,-22.51782009
25,(주)알톤스포츠,123750,17-Dec,제조업,94.45,-49.06,-29.85,-45.13,-14.42,1.23,-73.44,-21.93,6.82,-17.02,0.62,-51.7,3.72,2.78,94.55,139.35,475.52,76.28,19.11,23.23,1.49,-30.23,43446206,17.77,82.23,39.24,1.93,0.485981781,0.112753799,-0.034482988,0.481480063,0.629321345,7.771819792,-41.82627977,-21.3689386,-17.34018074,-0.187180021,-0.730087176,0.012983181,-125.4373606,-372.6319939
27,(주)에이치디,102210,17-Dec,제조업,78.27,-4.82,44.47,17.73,-0.67,-1.28,12.55,8.28,8.19,3.54,0.18,-1.55,6.71,0.65,87.52,153.03,2224.59,144.18,22.14,12.62,0.39,-0.88,41678313,8.05,91.95,40.37,3.62,0.466737113,0.052657591,0.364540969,0.115157852,0.677373572,8.350179771,-2.33674676,0.528616078,-59.68672084,-0.006307862,-0.018600822,0.009430809,-121.8662411,-187.7732857
29,(주)유아이디,69330,17-Dec,제조업,51.72,-96.96,3.79,1.82,-7.53,1.73,-3.64,0.62,1.5,-1.92,0.16,-21.78,13.27,0.28,52.03,107.47,600.57,106.4,2.54,1.41,0.5,-15.05,8921891,-10,110,30.57,44.43,0.342219852,0.004792227,0.381299211,0.436529879,0.964447394,7.734552891,-18.40594209,-1.555954613,-53.63530275,-0.083275757,-0.487128511,0.011054432,-510.8617587,-78.01207677
31,(주)이엠앤아이,83470,17-Dec,제조업,357.17,-34.86,-7.66,-13.47,-1.35,0.79,-52.97,-10.62,9.16,-16.74,1.12,-109.8,4.24,4.05,372.11,77.74,138.93,66.52,-16.84,9.96,1.73,-38.95,96801649,11.52,88.48,50.44,13.69,0.788184974,0.07968849,-0.4125927,0.140624464,1.944639711,7.843886917,-68.33204073,-27.88372291,-22.21602122,-0.028399794,-0.603638113,0.02108824,-25.03795801,-978.2555616
33,(주)케스피온,79190,17-Dec,제조업,83.34,-4.65,7.93,9.66,0.26,2.08,40.8,5.11,4.92,17.7,0.66,-6.86,9.75,1.41,112.25,101.38,345.62,65.58,0.54,25.44,1.18,-3.05,71553015,23.25,76.75,39.31,4.81,0.528853523,0.103354297,-0.056145485,0.225819932,1.277555585,8.045319649,17.82089,-6.645994294,-17.10395913,0.004370102,-0.054803271,0.016555532,-88.48846222,-252.9381925
35,(주)케어젠,214370,17-Dec,제조업,4.01,39.18,34.3,139.69,999999999,-5.1,92.22,7.2,8.68,14.41,0.21,8.73,15.8,1.5,5.43,1943.59,3853.64,1899.91,70.16,592.21,4.15,8.06,46531030,73.48,26.52,0,12.92,0.051507853,0.22538686,0.304580359,0.263367628,0.274432662,8.346005797,-4.234877456,-10.2819267,50.56212336,0.096964186,1.627143923,0,105.1980509,60.33207291
37,(주)코다코,46070,17-Dec,제조업,178.49,-0.89,5.97,5.23,0.6,3.25,25.18,3.83,14.21,14.47,0.67,-2.25,4.4,1.15,274.55,72.88,534.85,42.86,-12.92,4.49,0.93,-0.6,267845912,15.57,84.43,62.63,6.7,0.733012665,0.02137646,0.081109447,0.134293269,2.444642687,8.620570052,-0.870776757,-1.410975004,-6.463481831,0.014336568,-0.008283514,0.023792039,-71.99281331,-122.2255966
39,(주)코렌텍,104540,17-Dec,제조업,32.63,-19.5,12.12,9.92,-0.63,1.67,42.33,4.56,7.67,7.63,0.38,-12.72,2.38,1.48,85.16,281.6,1093.27,172.61,32,64.67,0.93,-7.47,37848863,58.93,41.07,31.18,2.07,0.459920776,0.113958599,-0.261105604,0.606317342,0.932713106,8.002502162,-12.00617888,-16.91807572,5.211547165,-0.006506159,-0.180919899,0.010387115,-141.0432191,-715.214272
41,(주)파인넥스,123260,17-Dec,제조업,135.9,-73.13,-10.05,-5.06,-2.99,6.89,17.42,-3.2,2.69,7.11,0.32,-38.44,3.54,0.67,172.16,114.6,352.69,94.13,7.29,7.89,0.43,-23.07,19302857,-27.76,127.76,53.01,2.85,0.632574068,0.039400792,-1.479871316,0.129241335,1.164154551,7.782443161,105.1750049,63.48253565,37.54783801,-0.128324852,-0.31625179,0.042952963,72.93017607,70.9932431
43,(주)하이소닉,106080,17-Dec,제조업,72.41,-21.09,5.33,12.33,-0.8,2.41,88.62,5.69,3.91,33.69,0.95,-38.1,6,2.55,85.8,130.82,142.51,111.61,12.01,8.25,1.99,-19.96,43412643,8.05,91.95,23.42,16.49,0.461781946,0.032132113,-0.496477524,0.11792028,0.910738942,7.609173783,-16.84972939,-24.97921522,34.42838159,-0.035448847,-0.420617872,0.04442235,68.87619936,-25.6557668
45,(주)협진,138360,17-Dec,제조업,31.72,-20.91,-15.01,-21.66,5.23,0,38.18,-7.12,3.94,15.69,0.5,-13.73,11.11,1.35,48.96,197.07,362.16,37.69,20.67,11.08,1.95,-10.38,24052602,14.27,85.73,21.4,1.42,0.328670341,0.023604741,0.409665802,0.126805906,0.864383907,7.705061168,-10.80238248,-13.4783849,-4.07391691,0.007910513,-0.406783075,0.001513058,783.140833,-175.5353167
47,(주)화진,134780,17-Dec,제조업,59.92,-7.46,16.18,25.28,6.78,0.35,41.08,11.38,9.79,17.47,0.68,-8.11,4.39,1.53,81.85,122.76,633.04,107.52,7.5,33.76,1.72,-5.09,89049286,19.09,80.91,29.74,13.09,0.45009867,0.111249584,0.472635354,0.140279474,1.082892589,8.102514787,-20.95524982,-22.15642951,-21.38071128,0.034567656,-0.128617942,0.005096651,-42.18400259,-166.190702
49,경남제약(주),53950,17-Dec,제조업,209.32,-8.66,8.22,8.58,3.26,2.33,61.05,6.14,7.14,13.6,0.81,-21.69,2.84,2.45,252.43,91.29,271.21,74.29,-5.18,26.76,1.2,-7.03,40171227,42.59,57.41,35.92,7.9,0.71625216,0.158924932,-0.024027049,0.333001454,1.61348084,7.730432302,-9.319812556,22.77194358,1.039022684,0.07547848,-0.10405621,0.023179516,-30.06717878,-2779.622996
51,디젠스(주),113810,17-Dec,제조업,205.34,-6.05,8.52,13.65,-0.86,1.44,63.46,9.77,9.96,22.86,1.1,-21.77,5.1,2.63,251.53,74.92,242.79,58.35,-14.65,15.79,1.59,-6.66,107691238,12.29,87.71,36.69,11.53,0.715525595,0.092219958,0.052237194,0.13620213,1.976733993,7.972976476,-19.08237796,-20.05044914,-10.21938507,-0.014702055,-0.095970733,0.017087063,-130.3445029,-401.0926697
53,럭슬(주),33600,17-Dec,제조업,185.44,-40,-12.09,-8.14,-5.59,1.93,4.16,-5.64,4.43,3.09,0.47,-53.67,6.11,0.63,225.32,21.88,291.99,20.18,-44.53,0.23,0.71,-18.61,25472189,-12.46,112.46,48.2,22.62,0.69260621,0.001287583,-0.019551542,0.072314437,2.847333153,7.737346734,-20.74103968,-11.01019507,-34.27606182,-0.09161479,-0.284851615,0.016388637,1.284038209,16.24691763
55,영신금속공업(주),7530,17-Dec,제조업,355.4,-13.87,-2.99,-3.26,-2.79,1.64,18.83,-2.73,37.43,12.32,0.89,-57.87,7.34,1.32,512.3,50.11,670.77,29.13,-28.96,1.75,1.13,-12.34,117773188,15.03,84.97,61.82,7.45,0.83668201,0.010179095,0.114056561,0.203985028,4.342220786,8.111365159,-40.26174175,-3.674535624,0.445163781,-0.047764591,-0.156918501,0.017133895,-1955.308772,-1593.428684
57,이엘케이(주),94190,17-Dec,제조업,294.97,-3.02,-5.45,-11.32,-0.4,2.05,72.3,-8.53,10.35,31.06,1.46,-26.82,7.62,3.32,305.3,76.86,119.99,39.8,-16.84,1.28,1.75,-4.41,250977626,5.39,94.61,52.52,7.15,0.7532681,0.009328631,-0.789910084,0.062768173,1.785905243,8.205512071,134.3660871,-7.097763338,43.78507401,-0.012895816,-0.052708275,0.032558465,95.64258198,89.43631593
59,크로바하이텍(주),43590,17-Dec,제조업,72.12,-1.54,6.43,14.32,-1.81,0.75,58.64,6.41,8.85,28.56,0.94,-2.69,6.31,2.02,81.01,126.47,490.64,82.35,10.55,37.06,2.04,-1.45,57549187,9.13,90.87,23.7,5.63,0.447548746,0.147652553,0.13502,0.109469783,0.898008031,7.761381132,-5.548743942,-16.28200484,-4.446109775,-0.0171424,-0.031294586,0.00946178,-159.7937826,-241.7931173
61,한솔신텍(주),99660,17-Dec,제조업,311.46,-35.92,3.31,2.61,-4.71,3.77,-12.44,2.05,3.99,-3.9,0.58,-72.17,1.5,1.91,369.08,81.03,136.89,73.89,-12.6,12.66,0.82,-20.92,127612387,-11.62,111.62,35.75,15.23,0.786818369,0.084042789,-0.386099413,0.123800451,2.167187343,8.313366116,-47.30375096,-10.92684692,-20.59793521,-0.139762338,-0.294610869,0.029669055,-401.7467362,-2443.208047
63,(주)내츄럴엔도텍,168330,17-Dec,"전문, 과학 및 기술 서비스업",9.98,-95.91,-139.61,-41.66,-1.96,13.38,-0.5,-15.05,0.93,-0.21,0.11,-18.67,6.4,0.27,56.59,770.01,470.76,595.58,42.69,118.17,0.27,-10.33,9238808,36.03,63.97,29.99,1.16,0.361371906,0.075300019,0.093398303,0.943846869,0.79755654,7.932893752,15.693465,-15.24762088,40.9209856,-0.062850041,-0.254834884,0.032108463,42.59354343,32.75615247
65,(주)베노홀딩스,206400,17-Dec,건설업,22.41,-64.8,-42.76,-187.29,-1589.2,-0.16,-1993.02,-45.46,5.53,-17.57,0.99,-81.35,12.65,134.88,32.05,482.44,322.4,482.44,64.89,312.07,5,-64.42,18892219,0,0,0.87,0,0.242709662,0.529531987,-1.094327025,1.529363756,0.239514147,7.24967467,-20.83309237,-17.02259332,-6.782933363,-0.526255162,-3.241826523,0.000331144,-146.6471437,-82.06952191
67,(주)셀바스에이아이,108860,17-Dec,정보통신업,56.98,-9.14,-9.29,-8.34,0.5,1.86,71.2,-4.07,4.25,18.66,0.45,-8.32,3.85,1.51,95.41,116.15,414.34,93.05,4.71,36.91,0.98,-4.13,46866565,0,0,36.74,6.32,0.488252709,0.107637253,-0.16438804,0.988008616,1.292221949,8.029002828,-3.833952519,21.29160509,32.23928414,0.00541541,-0.089255051,0.010734748,1597.447308,77.79966527
69,(주)씨씨에스충북방송,66790,17-Dec,정보통신업,16.31,-33.46,20.75,38.92,-2.14,1.75,2.86,10.39,0.53,1.74,0.48,-21.97,6.37,0.75,36.42,179.29,76.86,179.29,9.48,20.17,1.85,-16.22,21259587,19.53,80.47,16.5,0,0.266982702,0.024112269,-0.366701567,0.248264183,1.071812712,7.627885408,-7.519694292,28.57696182,1.680146403,-0.025656629,-0.619973744,0.01199039,12.48047738,-237.2484865
71,(주)액션스퀘어,205500,17-Dec,정보통신업,22.55,-130.39,-16.22,-13.28,999999999,-1.86,186.38,-6.11,0.75,29.4,0.38,-90.95,20.96,2.39,85.2,623.55,108.09,623.55,63.74,166.58,0.82,-49.11,9402123,0,0,0,0,0.460057122,0.202801493,-0.804478962,2.148274384,0.446086517,7.397308729,-44.30317288,-28.68192972,137.5422205,-0.405417286,-1.542128237,0,5.68529498,-43.50814885
73,(주)에이트원,230980,17-Dec,정보통신업,231.16,-0.95,9.65,2.57,-1.68,1.51,34.51,1.89,9.05,11.01,0.2,-0.86,1.05,0.51,280.1,69.89,999.81,47.81,-18.31,13.47,0.27,-0.19,8199432,9.49,90.51,53.76,1.46,0.73690883,0.081939772,0.004172635,0.135664885,2.185444626,7.620981668,3.968791327,-37.14114818,-0.994088213,-0.021375207,-0.04336863,0.01270452,-159.9346397,85.99843357
75,(주)엠피대산,65150,17-Dec,도매 및 소매업,110.41,-7.67,-3.71,-9.67,-0.09,2.74,341.24,-5.24,17.97,26.56,1.33,-36.27,13.69,7.6,118.47,95.47,412.11,82.72,-2.29,26.71,2.27,-10.23,145213359,49.61,50.39,21.25,22.74,0.542266474,0.135007046,-0.029532239,0.498786307,1.130539965,8.012130829,10.53136524,35.839507,-3.997743361,-0.003645503,-0.174075313,0.042283174,-178.6058726,-442.0570962
77,(주)유테크,178780,17-Dec,도매 및 소매업,277.33,-58,-15.82,-7.7,-5.45,3.39,-12.2,-6.13,6.03,-5.56,0.44,-90.71,2.27,0.87,390.96,67.66,254.64,59.47,-18.27,5.37,0.62,-25.28,31989693,2.92,97.08,60.24,10.48,0.796317685,0.03033907,-0.128830335,0.304407485,3.033253508,7.916614029,-37.36554727,36.62028463,12.83662028,-0.119960103,-0.359815406,0.022027332,14.29912097,-62.65565095
79,(주)제이테크놀로지,35480,17-Dec,"예술, 스포츠 및 여가관련 서비스업",68.04,-247.36,-182.79,-53.82,-4.22,8.21,-101,-22.45,0.36,-5.67,0.12,-52.94,27.84,2.19,71.54,145.57,165.74,144.81,18.08,1.17,0.29,-30.38,8116103,-54.47,154.47,17.04,40.46,0.41704454,0.004640109,-0.318683093,1.014273969,0.724965394,7.820145904,9.657799629,44.7879017,-82.39806759,-0.174141558,-0.788936054,0.041267918,33.03075061,10.32949067
81,(주)지유온,111820,17-Dec,정보통신업,9.17,3.15,-37.89,-119.1,3.06,0.27,325.7,-11.53,2.81,10.04,0.31,1.07,1.75,9.59,10.72,1017.42,821.6,996.56,75.99,112.82,3.26,0.97,27550274,43.22,56.78,3.9,18.39,0.096812725,0.09345093,0.150962518,0.382629153,0.174089602,7.956787761,2.387772269,2.006829403,-35.04686717,0.015295505,0.10256917,0.005003729,18.26737429,198.0898923
83,(주)티사이언티픽,57680,17-Dec,정보통신업,285.32,-10.63,-3.68,-4.55,-2.04,2.99,-172.17,-3.61,4.58,-1.16,1.3,-55.15,11.5,22.7,383.24,94.3,90.44,94.3,-3.37,54.15,1.74,-13.83,44382402,6.01,93.99,50.56,0,0.793062011,0.354939447,-0.480714622,0.134521088,2.141927237,7.655881336,21.01070737,151.2952867,49.05806814,-0.096760737,-0.184619404,0.04741862,49.53625344,56.47498066
85,KD(주),44180,17-Dec,건설업,116.97,-74.59,-73.55,-28.39,-9.74,2.55,-26.88,-16.67,0.74,-2.15,0.28,-42.05,24.94,2.18,142.35,145.41,110.61,50.29,21.92,0.46,0.57,-21.1,22401619,0,0,0,0,0.587369969,0.002239919,-0.140153994,0.542307857,0.722585549,7.994864802,3.872978582,51.8430277,-37.33901206,-0.12985315,-0.426658837,0.013338125,-756.3719025,-85798.08708
87,디엑스앤브이엑스(주),180400,17-Dec,"전문, 과학 및 기술 서비스업",4.77,-80.14,-38.86,-6.68,-17.41,-0.82,13.85,-3.19,2.23,1.32,0.11,-12.72,7.11,1.04,91.24,2702.51,982.47,2666.1,64.92,2591.56,0.34,-8.64,4670448,13.82,86.18,43.99,9.77,0.477092058,0.646421584,-0.104468041,0.833916789,0.62325218,7.755687497,2.549040712,80.50536051,-8.38130593,-0.074976482,-0.269018816,0.00430636,-376.6613952,-680.5669384
89,마이크로로봇(주),182690,17-Dec,도매 및 소매업,39.86,-77.99,-55.33,-91.73,-1146.07,-0.33,-14.61,-29.21,1.15,-5.6,0.53,-60.4,3.3,1.12,46.71,172.87,148.98,143.95,19.8,45.06,1.66,-41.17,8057153,-21.82,121.82,13.1,6.72,0.318375228,0.122424533,-0.203346572,0.424357462,0.778038553,7.183638823,-36.54083869,-38.17661216,-53.87277027,-0.32055539,-2.345994564,0.000280116,-20.04889181,-42.93666323
91,커머스마이너 (주),223310,17-Dec,정보통신업,264.84,-182.01,-72.54,-27.05,-5.13,6.45,-341.73,-19.69,1.91,-32.64,0.27,-192.8,13.45,2.84,267.91,69.92,178.34,59.99,-21.65,38.35,0.37,-49.41,15183138,-6.71,106.71,38.3,3.8,0.728194841,0.276078744,-0.406458613,0.957794891,1.827276676,7.747616406,332.371176,77.45172078,-54.75661902,-0.322383802,-1.143861795,0.069053636,-304.1819865,-1033.191461
