회사명,거래소코드,회계년도,이자비용(IFRS연결),이자비용(IFRS)
(주)CMG제약,58820,Dec-19,8593,8593
(주)ES큐브,50120,Dec-19,3824474,3540387
(주)가비아,79940,Dec-19,693082,251017
(주)강스템바이오텍,217730,Dec-19,1076801,831730
(주)강원에너지,114190,Dec-19,2048603,1839180
(주)고려시멘트,198440,Dec-19,425258,425258
(주)고영테크놀러지,98460,Dec-19,295067,214477
(주)골드앤에스,35290,Dec-19,4887799,4887799
(주)골드퍼시픽,38530,Dec-19,3838407,3838407
(주)골프존,215000,Dec-19,1003551,814308
(주)골프존뉴딘홀딩스,121440,Dec-19,10033230,1993026
(주)광림,14200,Dec-19,4779694,2782235
(주)광무,29480,Dec-19,1037639,958464
(주)구스앤홈,329050,Dec-19,0,
(주)구영테크,53270,Dec-19,3945636,2208174
(주)국보디자인,66620,Dec-19,19514,15556
(주)국순당,43650,Dec-19,1381287,0
(주)국영지앤엠,6050,Dec-19,62923,62923
(주)국전약품,307750,Dec-19,0,
(주)그래디언트,35080,Dec-19,4459859,341897
(주)그리티,204020,Dec-19,588632,308360
(주)그린플러스,186230,Dec-19,1673740,724906
(주)글로벌스탠다드테크놀로지,83450,Dec-19,179031,41906
(주)금빛,45890,Dec-19,3954193,3938198
(주)금화피에스시,36190,Dec-19,122479,3851
(주)기가레인,49080,Dec-19,3660524,3546616
(주)기산텔레콤,35460,Dec-19,602749,137599
(주)까스텔바작,308100,Dec-19,41970,31189
(주)나노,187790,Dec-19,1619670,1153732
(주)나노브릭,286750,Dec-19,447474,447474
(주)나노신소재,121600,Dec-19,119864,118940
(주)나노엔텍,39860,Dec-19,22777,17179
(주)나무가,190510,Dec-19,2326323,1169654
(주)나스미디어,89600,Dec-19,851345,273496
(주)나이벡,138610,Dec-19,431560,431560
(주)나이스디앤비,130580,Dec-19,39565,15178
(주)나인테크,267320,Dec-19,0,
(주)내츄럴엔도텍,168330,Dec-19,2558323,2522455
(주)네오리진,94860,Dec-19,80154,80154
(주)네오셈,253590,Dec-19,436386,402494
(주)네오오토,212560,Dec-19,951933,951933
(주)네오위즈,95660,Dec-19,109724,35510
(주)네오위즈홀딩스,42420,Dec-19,109724,10306
(주)네오크레마,311390,Dec-19,196783,189961
(주)네오티스,85910,Dec-19,769076,688034
(주)네오팜,92730,Dec-19,17169,17169
(주)네오펙트,290660,Dec-19,887947,803798
(주)네온테크,306620,Dec-19,0,
(주)네이블커뮤니케이션즈,153460,Dec-19,1067,1067
(주)네이처셀,7390,Dec-19,212127,212127
(주)네패스,33640,Dec-19,5286233,2123816
(주)넥스턴바이오사이언스,89140,Dec-19,1252,1252
(주)넥스트아이,137940,Dec-19,935348,867859
(주)넥스트엔터테인먼트월드,160550,Dec-19,2669456,2119469
(주)넥슨게임즈,225570,Dec-19,566783,566783
(주)넵튠,217270,Dec-19,420493,88500
(주)노랑풍선,104620,Dec-19,465513,451177
(주)노바렉스,194700,Dec-19,41900,40729
(주)노바텍,285490,Dec-19,8296,3357
(주)노블엠앤비,106520,Dec-19,5534470,4033090
(주)노터스,278650,Dec-19,651025,622159
(주)녹십자셀,31390,Dec-19,1404941,1404941
(주)녹십자엠에스,142280,Dec-19,870775,823017
(주)녹십자웰빙,234690,Dec-19,65240,65240
(주)녹원씨엔아이,65560,Dec-19,3027310,2761550
(주)누리플랜,69140,Dec-19,2401674,1154140
(주)누리플렉스,40160,Dec-19,1363174,1176835
(주)누보,332290,Dec-19,0,
(주)뉴로스,126870,Dec-19,2024477,1422562
(주)뉴보텍,60260,Dec-19,244290,244290
(주)뉴인텍,12340,Dec-19,803235,729240
(주)뉴트리,270870,Dec-19,15496,14303
(주)뉴파워프라즈마,144960,Dec-19,109408,109408
(주)뉴프렉스,85670,Dec-19,2614116,1995786
(주)다나와,119860,Dec-19,177029,56202
(주)다날,64260,Dec-19,5901369,4755221
(주)다보링크,340360,Dec-19,0,
(주)다산네트웍스,39560,Dec-19,6777676,1709631
(주)다우데이타,32190,Dec-19,8881471,2872109
(주)다원시스,68240,Dec-19,4367859,3403086
(주)대동스틸,48470,Dec-19,30899,30899
(주)대륙제관,4780,Dec-19,428945,428945
(주)대림제지,17650,Dec-19,1291415,1291415
(주)대명소노시즌,7720,Dec-19,2255296,2255315
(주)대성미생물연구소,36480,Dec-19,14777,14777
(주)대성엘텍,25440,Dec-19,1629264,1412583
(주)대성파인텍,104040,Dec-19,983424,983424
(주)대원,7680,Dec-19,2693653,1353723
(주)대유,290380,Dec-19,17559,17559
(주)대유에이피,290120,Dec-19,838715,817255
(주)대창솔루션,96350,Dec-19,3736879,2882551
(주)대창스틸,140520,Dec-19,4324999,3907224
(주)대한과학,131220,Dec-19,53232,29626
(주)대호특수강,21040,Dec-19,2378468,2378468
(주)더 미동,161570,Dec-19,160636,1972
(주)더블유아이,73570,Dec-19,1091795,1091795
(주)더블유에스아이,299170,Dec-19,0,
(주)덕산테코피아,317330,Dec-19,200129,200129
(주)덕신하우징,90410,Dec-19,969812,969812
(주)데이타솔루션,263800,Dec-19,428824,428824
(주)덱스터스튜디오,206560,Dec-19,238614,235825
(주)덴티스,261200,Dec-19,0,
(주)동구바이오제약,6620,Dec-19,398721,398721
(주)동국알앤에스,75970,Dec-19,829259,828014
(주)동국에스엔씨,100130,Dec-19,1899576,39054
(주)동방선기,99410,Dec-19,7818,7818
(주)동성화인텍,33500,Dec-19,3687919,3685826
(주)동아엘텍,88130,Dec-19,130498,66962
(주)동양에스텍,60380,Dec-19,2382616,1860223
(주)동우팜투테이블,88910,Dec-19,34254,34254
(주)동운아나텍,94170,Dec-19,1235443,1235443
(주)동원개발,13120,Dec-19,202958,202958
(주)동일기연,32960,Dec-19,34674,4077
(주)동진쎄미켐,5290,Dec-19,13219965,9931670
(주)두산테스나,131970,Dec-19,1992836,1992836
(주)듀오백,73190,Dec-19,20611,13068
(주)드래곤플라이,30350,Dec-19,61226,61226
(주)드림시큐리티,203650,Dec-19,62181,63608
(주)드림어스컴퍼니,60570,Dec-19,533101,489172
(주)디딤,217620,Dec-19,2688257,2423830
(주)디모아,16670,Dec-19,159626,159626
(주)디바이스이엔지,187870,Dec-19,15962,15962
(주)디스플레이테크,66670,Dec-19,152077,152077
(주)디아크,78590,Dec-19,2238184,2212230
(주)디알젬,263690,Dec-19,40043,39301
(주)디알텍,214680,Dec-19,385392,369588
(주)디앤씨미디어,263720,Dec-19,3700,3697
(주)디에스앤엘,141020,Dec-19,7664631,5469358
(주)디에스케이,109740,Dec-19,1667121,787958
(주)디에이테크놀로지,196490,Dec-19,5847755,5844049
(주)디에이피,66900,Dec-19,1938801,1938801
(주)디엔에이링크,127120,Dec-19,874095,867194
(주)디엔에프,92070,Dec-19,406656,406656
(주)디엠에스,68790,Dec-19,3149467,3149467
(주)디오,39840,Dec-19,2361870,2194004
(주)디와이디,219550,Dec-19,458062,457961
(주)디이엔티,79810,Dec-19,1310804,1310804
(주)디지아이,43360,Dec-19,17517,17517
(주)디지캡,197140,Dec-19,395423,370159
(주)디지털대성,68930,Dec-19,262486,134145
(주)디지틀조선일보,33130,Dec-19,94619,94099
(주)디케이앤디,263020,Dec-19,152507,42915
(주)디케이티,290550,Dec-19,240741,14680
(주)디티앤씨,187220,Dec-19,2627920,2238534
(주)딜리,131180,Dec-19,29720,29720
(주)라닉스,317120,Dec-19,104825,104825
(주)라이온켐텍,171120,Dec-19,378934,378934
(주)라이트론,69540,Dec-19,4653859,4635097
(주)라파스,214260,Dec-19,270107,246822
(주)랩지노믹스,84650,Dec-19,415791,415791
(주)러셀,217500,Dec-19,57427,57427
(주)레고켐바이오사이언스,141080,Dec-19,25803,25803
(주)레드로버,60300,Dec-19,1431411,1441709
(주)레드캡투어,38390,Dec-19,5831566,5812841
(주)레몬,294140,Dec-19,2324261,2324261
(주)레이,228670,Dec-19,187265,154192
(주)레이언스,228850,Dec-19,320119,36714
(주)레이크머티리얼즈,281740,Dec-19,0,
(주)로보로보,215100,Dec-19,32595,2062
(주)로보스타,90360,Dec-19,65681,65681
(주)로보티즈,108490,Dec-19,28063,13522
(주)로지시스,67730,Dec-19,25509,25509
(주)루멘스,38060,Dec-19,4094386,2239768
(주)루트로닉,85370,Dec-19,1704180,1493102
(주)룽투코리아,60240,Dec-19,268125,256433
(주)리노스,39980,Dec-19,313362,313362
(주)리더스코스메틱,16100,Dec-19,3243731,3007288
(주)리드,197210,Dec-19,5551027,5463076
(주)리드코프,12700,Dec-19,2791564,2791564
(주)리메드,302550,Dec-19,147443,147443
(주)링네트,42500,Dec-19,276474,246788
(주)링크제니시스,219420,Dec-19,13936,10432
(주)마니커에프앤지,195500,Dec-19,505183,505183
(주)마이크로디지탈,305090,Dec-19,61756,61756
(주)마이크로컨텍솔루션,98120,Dec-19,12935,12935
(주)마이크로프랜드,147760,Dec-19,223051,223051
(주)마크로젠,38290,Dec-19,2380670,442292
(주)맘스터치앤컴퍼니,220630,Dec-19,418943,335778
(주)매직마이크로,127160,Dec-19,4663091,3974507
(주)매커스,93520,Dec-19,170791,108010
(주)맥스로텍,141070,Dec-19,2008777,2008777
(주)머큐리,100590,Dec-19,207465,207465
(주)멀티캠퍼스,67280,Dec-19,843937,822561
(주)메드팩토,235980,Dec-19,246997,246997
(주)메디아나,41920,Dec-19,8314,9245
(주)메디콕스,54180,Jun-19,1285192,1281328
(주)메디톡스,86900,Dec-19,2080951,1930914
(주)메디프론디비티,65650,Dec-19,1193,1193
(주)메지온,140410,Dec-19,317842,219377
(주)메카로,241770,Dec-19,29282,24802
(주)메타바이오메드,59210,Dec-19,1190037,1037601
(주)멕아이씨에스,58110,Dec-19,1341795,1243369
(주)멜파스,96640,Dec-19,4071523,4071523
(주)모다이노칩,80420,Dec-19,15694221,13067198
(주)모두투어네트워크,80160,Dec-19,3700167,90049
(주)모바일리더,100030,Dec-19,0,0
(주)모베이스,101330,Dec-19,5201251,441332
(주)모베이스전자,12860,Dec-19,13272290,11174949
(주)모비스,250060,Dec-19,86850,63713
(주)모헨즈,6920,Dec-19,42859,14171
(주)미래SCI,28040,Dec-19,3252577,3066392
(주)미래생명자원,218150,Dec-19,312022,173424
(주)미래컴퍼니,49950,Dec-19,136873,129360
(주)미래테크놀로지,213090,Dec-19,88898,14436
(주)미애부,225850,Dec-19,0,
(주)미코,59090,Dec-19,6824820,1391621
(주)미투온,201490,Dec-19,2271435,1945738
(주)바른손,18700,Mar-19,298000,135059
(주)바른손이앤에이,35620,Dec-19,1604313,1303061
(주)바른전자,64520,Dec-19,1558904,1564476
(주)바이넥스,53030,Dec-19,2098225,2097524
(주)바이오니아,64550,Dec-19,935274,915845
(주)바이오로그디바이스,208710,Dec-19,1188251,917758
(주)바이오솔루션,86820,Dec-19,52601,52601
(주)바이오스마트,38460,Dec-19,1598015,328654
(주)바이오톡스텍,86040,Dec-19,566366,558190
(주)바텍,43150,Dec-19,1699298,1260824
(주)배럴,267790,Dec-19,125274,113225
(주)백금티앤에이,46310,Dec-19,1153894,912268
(주)버킷스튜디오,66410,Dec-19,1169289,1169289
(주)베노홀딩스,206400,Dec-19,751153,748696
(주)베셀,177350,Dec-19,1977817,1977223
(주)베스파,299910,Dec-19,138458,47336
(주)보광산업,225530,Dec-19,781830,781830
(주)보라티알,250000,Dec-19,268827,268390
(주)본느,226340,Dec-19,74441,35844
(주)부-스타,8470,Dec-19,10336,10336
(주)부방,14470,Dec-19,110661,733
(주)뷰웍스,100120,Dec-19,67307,1658
(주)브리지텍,64480,Dec-19,85493,85493
(주)브이원텍,251630,Dec-19,16384,16334
(주)브이티지엠피,18290,Dec-19,1615487,687102
(주)블루베리엔에프티,44480,Dec-19,1968576,1869158
(주)블루콤,33560,Dec-19,10718,5801
(주)비덴트,121800,Dec-19,1619296,1619014
(주)비보존헬스케어,82800,Dec-19,7560297,7523042
(주)비씨월드제약,200780,Dec-19,1345442,333393
(주)비아트론,141000,Dec-19,4437,0
(주)비에이치,90460,Dec-19,5600394,3850018
(주)비엔지티,32790,Dec-19,1744749,1707922
(주)비엘,142760,Dec-19,6211974,5134616
(주)비엘팜텍,65170,Dec-19,1113414,717114
(주)비엠티,86670,Dec-19,931499,931499
(주)비올,335890,Dec-19,0,
(주)비즈니스온커뮤니케이션,138580,Dec-19,186421,186421
(주)비츠로셀,82920,Dec-19,49314,35819
(주)비츠로시스,54220,Mar-19,3723417,3723417
(주)비츠로테크,42370,Dec-19,2103505,1853372
(주)비케이홀딩스,50090,Dec-19,58433,37548
(주)비투엔,307870,Dec-19,0,
(주)비트컴퓨터,32850,Dec-19,172515,172515
(주)비피도,238200,Dec-19,5483,3520
(주)빅솔론,93190,Dec-19,101713,75029
(주)빅텍,65450,Dec-19,401055,401055
(주)사람인에이치알,143240,Dec-19,33241,29271
(주)삼기,122350,Dec-19,7385562,5679030
(주)삼보판지,23600,Dec-19,2064840,952184
(주)삼양옵틱스,225190,Dec-19,72658,72658
(주)삼일,32280,Dec-19,441089,441089
(주)삼일기업공사,2290,Dec-19,0,0
(주)삼진,32750,Dec-19,89,1
(주)삼진엘앤디,54090,Dec-19,1849596,671731
(주)삼표시멘트,38500,Dec-19,21551000,14958814
(주)삼화네트웍스,46390,Dec-19,23953,16162
(주)상보,27580,Dec-19,4244404,4180127
(주)상상인,38540,Dec-19,3927710,2282262
(주)상상인인더스트리,101000,Dec-19,1256548,1256548
(주)상아프론테크,89980,Dec-19,2656868,1151311
(주)상지카일룸,42940,Dec-19,6225548,5869773
(주)새로닉스,42600,Dec-19,780372,370563
(주)서남,294630,Dec-19,43165,43165
(주)서린바이오사이언스,38070,Dec-19,16447,11736
(주)서부티엔디,6730,Dec-19,29930408,29930408
(주)서산,79650,Dec-19,2229,2229
(주)서연탑메탈,19770,Dec-19,2371313,1100724
(주)서울리거,43710,Dec-19,1843490,1311581
(주)서울옥션,63170,Dec-19,2538262,1866768
(주)서울제약,18680,Dec-19,1419509,1419509
(주)서원인텍,93920,Dec-19,324776,159160
(주)서전기전,189860,Dec-19,179767,179767
(주)서진시스템,178320,Dec-19,8751251,1393698
(주)서진오토모티브,122690,Dec-19,16845913,5428349
(주)서플러스글로벌,140070,Dec-19,495678,355845
(주)서한,11370,Dec-19,1492271,1492271
(주)서희건설,35890,Dec-19,10504190,6174706
(주)선광,3100,Dec-19,14772375,1680919
(주)선익시스템,171090,Dec-19,67081,16839
(주)성광벤드,14620,Dec-19,657893,6656
(주)성도이엔지,37350,Dec-19,2043398,628856
(주)성우하이텍,15750,Dec-19,48079228,18491332
(주)성창오토텍,80470,Dec-19,920574,292694
(주)세경하이테크,148150,Dec-19,133890,72029
(주)세동,53060,Dec-19,3015218,2657164
(주)세림비앤지,340440,Dec-19,0,
(주)세보엠이씨,11560,Dec-19,832406,831703
(주)세영디앤씨,52190,Dec-19,3944299,3935375
(주)세운메디칼,100700,Dec-19,58117,219
(주)세원물산,24830,Dec-19,161214,161214
(주)세종메디칼,258830,Dec-19,82263,14351
(주)세중,39310,Dec-19,195655,12085
(주)세진티에스,67770,Dec-19,37627,2060
(주)세코닉스,53450,Dec-19,5481485,4326867
(주)세토피아,222810,Dec-19,4196930,4103139
(주)세화피앤씨,252500,Dec-19,43623,43623
(주)셀루메드,49180,Dec-19,1993994,1988334
(주)셀리드,299660,Dec-19,5624,5624
(주)셀리버리,268600,Dec-19,6999,6999
(주)셀바스에이아이,108860,Dec-19,1563210,683213
(주)셀바스헬스케어,208370,Dec-19,908857,890650
(주)셀트리온제약,68760,Dec-19,5244007,5244007
(주)셀트리온헬스케어,91990,Dec-19,6845029,5441000
(주)셀피글로벌,68940,Dec-19,449614,449614
(주)소리바다,53110,Dec-19,1823578,1698204
(주)소프트센,32680,Dec-19,498510,498510
(주)손오공,66910,Dec-19,492365,352221
(주)솔고바이오메디칼,43100,Dec-19,582637,522517
(주)솔루에타,154040,Dec-19,3752399,1290885
(주)솔본,35610,Dec-19,142893,0
(주)쇼박스,86980,Dec-19,134222,134222
(주)수산아이앤티,50960,Dec-19,1563,1563
(주)수젠텍,253840,Dec-19,434768,434768
(주)슈프리마,236200,Dec-19,5433,4125
(주)슈프리마아이디,317770,Dec-19,4164,4164
(주)슈프리마에이치큐,94840,Dec-19,5137,716
(주)슈피겐코리아,192440,Dec-19,635091,262504
(주)스마트솔루션즈,136510,Dec-19,258226,258226
(주)스맥,99440,Dec-19,3715099,3523681
(주)스카이문스테크놀로지,33790,Dec-19,264767,264767
(주)스킨앤스킨,159910,Dec-19,373656,287263
(주)스타플렉스,115570,Dec-19,2465200,1998623
(주)스튜디오산타클로스엔터테인먼트,204630,Dec-19,464425,395494
(주)스페코,13810,Dec-19,910349,716612
(주)승일,49830,Dec-19,103339,103339
(주)시공테크,20710,Dec-19,110147,110147
(주)시너지이노베이션,48870,Dec-19,4563050,4419069
(주)시노펙스,25320,Dec-19,2533850,1287449
(주)시스웍,269620,Dec-19,462744,454961
(주)시큐브,131090,Dec-19,6324,6324
(주)시티랩스,139050,Dec-19,3437745,2076601
(주)신진에스엠,138070,Dec-19,933307,492587
(주)신테카바이오,226330,Dec-19,55450,55450
(주)신화콘텍,187270,Dec-19,893849,631415
(주)심텍,222800,Dec-19,13318224,11034694
(주)심텍홀딩스,36710,Dec-19,13761559,324769
(주)싸이맥스,160980,Dec-19,393120,302830
(주)싸이토젠,217330,Dec-19,47399,47399
(주)썸에이지,208640,Dec-19,477431,457025
(주)쎄노텍,222420,Dec-19,621336,621336
(주)쎄니트,37760,Dec-19,1854944,1428976
(주)쎄트렉아이,99320,Dec-19,85120,27390
(주)쎌바이오텍,49960,Dec-19,53628,2296
(주)쏠리드,50890,Dec-19,2678740,2124214
(주)씨씨에스충북방송,66790,Dec-19,453470,453470
(주)씨에스,65770,Dec-19,11781,10103
(주)씨에스에이코스믹,83660,Dec-19,276104,221663
(주)씨엔플러스,115530,Dec-19,1119928,1082769
(주)씨엠에스에듀,225330,Dec-19,1094707,1076469
(주)씨유메디칼시스템,115480,Dec-19,5279368,4358932
(주)씨제이이엔엠,35760,Dec-19,29647700,22934296
(주)씨젠,96530,Dec-19,485641,203174
(주)씨티씨바이오,60590,Dec-19,5070259,4689007
(주)씨티케이,260930,Dec-19,378953,9243
(주)아가방앤컴퍼니,13990,Dec-19,320017,254653
(주)아나패스,123860,Dec-19,659261,659261
(주)아난티,25980,Dec-19,15345945,8330980
(주)아리온테크놀로지,58220,Dec-19,5841178,5840773
(주)아모그린텍,125210,Dec-19,1068398,1068398
(주)아모텍,52710,Dec-19,5005924,4889807
(주)아미노로직스,74430,Dec-19,39332,39332
(주)아바코,83930,Dec-19,94971,93843
(주)아바텍,149950,Dec-19,0,0
(주)아스타,246720,Dec-19,303600,12083
(주)아스트,67390,Dec-19,10530216,5354552
(주)아시아경제,127710,Dec-19,1258170,1222685
(주)아우딘퓨쳐스,227610,Dec-19,136410,91152
(주)아이디스,143160,Dec-19,197346,197346
(주)아이디스홀딩스,54800,Dec-19,2628940,2500988
(주)아이비김영,339950,Dec-19,0,
(주)아이센스,99190,Dec-19,1489094,838800
(주)아이스크림에듀,289010,Dec-19,146039,146039
(주)아이씨디,40910,Dec-19,1361649,1291589
(주)아이앤씨테크놀로지,52860,Dec-19,374951,250715
(주)아이에스시,95340,Dec-19,674967,19810
(주)아이에스이커머스,69920,Dec-19,1481083,1399105
(주)아이에이,38880,Dec-19,1798205,1363733
(주)아이엘사이언스,307180,Dec-19,298420,298420
(주)아이엠,101390,Dec-19,2077502,1229234
(주)아이엠비씨,52220,Dec-19,57437,35276
(주)아이엠텍,226350,Dec-19,3479914,3468889
(주)아이오케이컴퍼니,78860,Dec-19,8250865,8131703
(주)아이윈,90150,Dec-19,1318398,900313
(주)아이윈플러스,123010,Dec-19,754290,754290
(주)아이즈비전,31310,Dec-19,216419,8954
(주)아이컴포넌트,59100,Dec-19,636179,636179
(주)아이톡시,52770,Dec-19,132009,132009
(주)아이티센,124500,Dec-19,6471678,3691138
(주)아이티엑스에이아이,99520,Dec-19,366348,366545
(주)아이티엠반도체,84850,Dec-19,3968239,2780727
(주)아즈텍더블유비이,32080,Dec-19,370322,370322
(주)아진엑스텍,59120,Dec-19,25078,25078
(주)아톤,158430,Dec-19,226416,194185
(주)아프리카티비,67160,Dec-19,415118,128553
(주)안랩,53800,Dec-19,10908,0
(주)안트로젠,65660,Dec-19,1092986,1092986
(주)알로이스,297570,Dec-19,98418,98418
(주)알에프세미,96610,Dec-19,1688683,1679684
(주)알에프텍,61040,Dec-19,5635638,5265360
(주)알엔투테크놀로지,148250,Dec-19,628555,628555
(주)알테오젠,196170,Dec-19,189613,4533
(주)알톤스포츠,123750,Dec-19,984737,666949
(주)알티캐스트,85810,Dec-19,603734,77312
(주)알파홀딩스,117670,Dec-19,3338142,3914876
(주)애니플러스,310200,Dec-19,0,
(주)액션스퀘어,205500,Dec-19,120985,118911
(주)액토즈소프트,52790,Dec-19,585148,560539
(주)액트로,290740,Dec-19,46424,46424
(주)앤디포스,238090,Dec-19,3516764,3406649
(주)앤씨앤,92600,Dec-19,294835,59325
(주)야스,255440,Dec-19,74676,63342
(주)어스앤에어로스페이스,263540,Dec-19,808036,808036
(주)얼라인드제네틱스,238120,Dec-19,96838,96775
(주)에너토크,19990,Dec-19,6631,6631
(주)에스디생명공학,217480,Dec-19,573461,392741
(주)에스디시스템,121890,Dec-19,275258,275258
(주)에스비에스콘텐츠허브,46140,Dec-19,7670,6677
(주)에스씨디,42110,Dec-19,41743,2166
(주)에스아이리소스,65420,Dec-19,300026,300026
(주)에스앤더블류,103230,Dec-19,19285,19285
(주)에스앤에스텍,101490,Dec-19,760192,760192
(주)에스에너지,95910,Dec-19,3970332,2197677
(주)에스에스알,275630,Dec-19,18060,18060
(주)에스에이엠티,31330,Dec-19,2280173,2280173
(주)에스에이티,158300,Dec-19,400859,362192
(주)에스에이티,60540,Dec-19,861423,10198
(주)에스에프에이,56190,Dec-19,9937468,36669
(주)에스에프에이반도체,36540,Dec-19,9952800,8760411
(주)에스엘바이오닉스,214310,Dec-19,3118246,3118246
(주)에스엠라이프디자인그룹,63440,Dec-19,144009,6982
(주)에스엠엔터테인먼트,41510,Dec-19,3882366,1108347
(주)에스엠컬처앤콘텐츠,48550,Dec-19,1239278,1237846
(주)에스엠코어,7820,Dec-19,37233,37233
(주)에스제이그룹,306040,Dec-19,405822,288677
(주)에스제이케이,80440,Dec-19,3481420,3515046
(주)에스지엔지,40610,Dec-19,13029545,1161581
(주)에스코넥,96630,Dec-19,1854480,1472658
(주)에스텍파마,41910,Dec-19,16129,12011
(주)에스티아이,39440,Dec-19,1106002,902963
(주)에스티오,98660,Dec-19,1249184,1207642
(주)에스티큐브,52020,Dec-19,2832523,2771946
(주)에스폴리텍,50760,Dec-19,1016310,1045000
(주)에스피시스템스,317830,Dec-19,344395,231815
(주)에스피지,58610,Dec-19,3032765,2411991
(주)에쎈테크,43340,Dec-19,510060,510060
(주)에이디칩스,54630,Dec-19,619713,619713
(주)에이디테크놀로지,200710,Dec-19,745721,745721
(주)에이루트,96690,Dec-19,2705219,2660631
(주)에이비프로바이오,195990,Dec-19,4217746,3330243
(주)에이스침대,3800,Dec-19,402195,402195
(주)에이스테크놀로지,88800,Dec-19,11134877,7832284
(주)에이스토리,241840,Dec-19,28420,28420
(주)에이치디,102210,Dec-19,1028250,1461784
(주)에이치비테크놀러지,78150,Dec-19,1408830,317859
(주)에이치시티,72990,Dec-19,475910,475779
(주)에이치알에스,36640,Dec-19,622015,611671
(주)에이치앤비디자인,227100,Dec-19,338582,335407
(주)에이치엘사이언스,239610,Dec-19,3783,3783
(주)에이치케이,44780,Dec-19,911223,911223
(주)에이텍,45660,Dec-19,15629,15629
(주)에이텍티앤,224110,Dec-19,204164,186744
(주)에이트원,230980,Dec-19,948102,932756
(주)에이티세미콘,89530,Dec-19,3809562,3685705
(주)에이팩트,200470,Dec-19,2234921,2234921
(주)에이팸,73070,Dec-19,2806515,2404246
(주)에이프로젠헬스케어앤게임즈,109960,Dec-19,216340,209787
(주)에치에프알,230240,Dec-19,408239,395071
(주)에코마케팅,230360,Dec-19,37282,29460
(주)에코프로,86520,Dec-19,11375522,480044
(주)에코프로비엠,247540,Dec-19,4483462,4483462
(주)에프알텍,73540,Dec-19,479799,268404
(주)에프앤리퍼블릭,64090,Dec-19,1285886,1274334
(주)에프에스엔,214270,Dec-19,6601198,6414445
(주)에프에스티,36810,Dec-19,580094,260650
(주)에프엔씨엔터테인먼트,173940,Dec-19,527343,475778
(주)엑사이엔씨,54940,Dec-19,1487860,782480
(주)엑세스바이오인코퍼레이션,950130,Dec-19,2193066,1424239
(주)엑셈,205100,Dec-19,156290,44917
(주)엑시콘,92870,Dec-19,904542,904542
(주)엔바이오니아,317870,Dec-19,317834,317834
(주)엔에스,217820,Dec-19,704862,672480
(주)엔에스엔,31860,Dec-19,2091239,1918362
(주)엔에이치엔벅스,104200,Dec-19,65481,23305
(주)엔이능률,53290,Dec-19,343403,343403
(주)엔지스테크널러지,208860,Dec-19,3511073,3498594
(주)엔지켐생명과학,183490,Dec-19,51453,34539
(주)엔케이맥스,182400,Dec-19,153510,108871
(주)엔텔스,69410,Dec-19,11552,10987
(주)엔피,291230,Dec-19,0,
(주)엔피디,198080,Dec-19,4575143,955775
(주)엔피케이,48830,Dec-19,392402,390839
(주)엘디티,96870,Dec-19,62,62
(주)엘아이에스,138690,Dec-19,3414809,3758804
(주)엘앤씨바이오,290650,Dec-19,60553,30813
(주)엘앤에프,66970,Dec-19,4259001,3458350
(주)엘앤케이바이오메드,156100,Dec-19,2045357,1624001
(주)엘엑스세미콘,108320,Dec-19,251687,251687
(주)엘엠에스,73110,Dec-19,1671348,1639978
(주)엘오티베큠,83310,Dec-19,551358,421636
(주)엠게임,58630,Dec-19,60816,59793
(주)엠디에스테크,86960,Dec-19,126968,56670
(주)엠씨넥스,97520,Dec-19,4494564,3259426
(주)엠아이텍,179290,Dec-19,58676,58676
(주)엠앤씨생명과학,225860,Dec-19,0,
(주)엠에스씨,9780,Dec-19,1143067,1143067
(주)엠에스오토텍,123040,Dec-19,30350306,9008831
(주)엠투엔,33310,Dec-19,893113,887620
(주)엠플러스,259630,Dec-19,1763421,1763421
(주)엠피대산,65150,Dec-19,1296379,862433
(주)연우,115960,Dec-19,1549761,1376743
(주)연이비앤티,90740,Dec-19,1633557,795545
(주)영우디에스피,143540,Dec-19,1408405,1389778
(주)예림당,36000,Dec-19,29944035,3226
(주)예선테크,250930,Dec-19,519142,488311
(주)예스티,122640,Dec-19,1292416,1240922
(주)오공,45060,Dec-19,847121,519802
(주)오디텍,80520,Dec-19,9007,9007
(주)오르비텍,46120,Dec-19,1359055,1359055
(주)오리엔탈정공,14940,Dec-19,3337114,450472
(주)오리엔트정공,65500,Dec-19,1460692,607011
(주)오리콤,10470,Dec-19,90000,48000
(주)오스코텍,39200,Dec-19,1213748,1198205
(주)오스테오닉,226400,Dec-19,1380593,1380593
(주)오스템,31510,Dec-19,2391685,2262137
(주)오이솔루션,138080,Dec-19,523110,523110
(주)오킨스전자,80580,Dec-19,1117407,1116213
(주)오텍,67170,Dec-19,8175165,1763547
(주)오파스넷,173130,Dec-19,260171,260171
(주)오픈베이스,49480,Dec-19,842367,332943
(주)오하임아이엔티,309930,Dec-19,0,
(주)옵투스제약,131030,Dec-19,3949,3949
(주)옵트론텍,82210,Dec-19,4896454,3687282
(주)옵티팜,153710,Dec-19,158577,158577
(주)와이비엠넷,57030,Dec-19,589752,589752
(주)와이솔,122990,Dec-19,1275663,480535
(주)와이어블,65530,Dec-19,1120466,1120466
(주)와이엔텍,67900,Dec-19,1999770,1243139
(주)와이오엠,66430,Dec-19,2378448,2378448
(주)와이제이엠게임즈,193250,Dec-19,1860811,1832323
(주)와이즈버즈,273060,Dec-19,0,
(주)와이지-원,19210,Dec-19,16473810,10526533
(주)와이지엔터테인먼트,122870,Dec-19,2128012,1253070
(주)와이티엔,40300,Dec-19,396161,396161
(주)우리기술,32820,Dec-19,3014977,2766540
(주)우리넷,115440,Dec-19,1253511,1253511
(주)우리로,46970,Dec-19,1890754,1683549
(주)우양,103840,Dec-19,2319413,2319413
(주)우정바이오,215380,Dec-19,68391,68391
(주)우주일렉트로닉스,65680,Dec-19,1087190,1079259
(주)원바이오젠,307280,Dec-19,0,
(주)원바이오젠,278380,Dec-19,582485,582485
(주)원익,32940,Dec-19,1572243,837515
(주)원익머트리얼즈,104830,Dec-19,419956,2495
(주)원익아이피에스,240810,Dec-19,164194,164194
(주)원익큐브,14190,Dec-19,2032415,1137432
(주)원익큐엔씨,74600,Dec-19,7949956,1586568
(주)원익피앤이,131390,Dec-19,655714,622423
(주)원익홀딩스,30530,Dec-19,8312216,2501663
(주)원일특강,12620,Dec-19,2394754,2249023
(주)원풍,8370,Dec-19,3113,3113
(주)월덱스,101160,Dec-19,1751416,743232
(주)웨이버스,336060,Dec-19,0,
(주)웨이브일렉트로닉스,95270,Dec-19,3386864,3145162
(주)웰크론,65950,Dec-19,5067242,1554417
(주)웰크론한텍,76080,Dec-19,2704211,727895
(주)웹스,196700,Dec-19,848016,655586
(주)웹젠,69080,Dec-19,159521,9638
(주)위니아,71460,Dec-19,7631416,5899403
(주)위닉스,44340,Dec-19,1485106,863968
(주)위메이드,112040,Dec-19,775781,14568
(주)위메이드맥스,101730,Dec-19,776871,10652
(주)위메이드플레이,123420,Dec-19,170144,108240
(주)위세아이텍,65370,Dec-19,68837,68837
(주)위지윅스튜디오,299900,Dec-19,560209,362493
(주)위지트,36090,Dec-19,1102934,1086615
(주)윈스,136540,Dec-19,1325065,1203731
(주)윈팩,97800,Dec-19,2316533,2316533
(주)윈하이텍,192390,Dec-19,2315165,2024621
(주)윌링스,313760,Dec-19,398857,398857
(주)유니온커뮤니티,203450,Dec-19,159757,159757
(주)유니크,11320,Dec-19,1998207,1956019
(주)유니테스트,86390,Dec-19,550858,61985
(주)유니테크노,241690,Dec-19,1126111,1121474
(주)유니트론텍,142210,Dec-19,2523293,2053357
(주)유라테크,48430,Dec-19,3344,2844
(주)유바이오로직스,206650,Dec-19,324935,324935
(주)유비케어,32620,Dec-19,20807,7511
(주)유비쿼스,264450,Dec-19,43961,43961
(주)유비쿼스홀딩스,78070,Dec-19,6638,662
(주)유성티엔에스,24800,Dec-19,7386104,6711801
(주)유신,54930,Dec-19,852921,852921
(주)유씨아이,38340,Dec-19,544390,515562
(주)유아이디,69330,Dec-19,1221582,786761
(주)유에스티,263770,Dec-19,512979,512979
(주)유진로봇,56080,Dec-19,407128,230422
(주)유진테크,84370,Dec-19,194339,3073
(주)유테크,178780,Dec-19,2685982,1560614
(주)유티아이,179900,Dec-19,586699,228232
(주)유틸렉스,263050,Dec-19,162582,162582
(주)육일씨엔에쓰,191410,Dec-19,1670268,858941
(주)율호,72770,Dec-19,231381,171697
(주)이건홀딩스,39020,Dec-19,7975842,375544
(주)이글루코퍼레이션,67920,Dec-19,16027,16027
(주)이글벳,44960,Dec-19,240084,240084
(주)이노메트리,302430,Dec-19,35645,12069
(주)이노와이어리스,73490,Dec-19,1239936,1102383
(주)이노인스트루먼트,215790,Dec-19,2983102,1901574
(주)이노테라피,246960,Dec-19,29143,29143
(주)이녹스,88390,Dec-19,2069977,1175452
(주)이녹스첨단소재,272290,Dec-19,2577803,2044329
(주)이라이콤,41520,Dec-19,115334,74894
(주)이랜시스,264850,Dec-19,267535,267535
(주)이랜텍,54210,Dec-19,8958800,2839372
(주)이루온,65440,Dec-19,487264,299326
(주)이매진아시아,36260,Dec-19,835209,803773
(주)이미지스테크놀로지,115610,Dec-19,4115,4115
(주)이브이수성,84180,Dec-19,3818038,3813623
(주)이브이첨단소재,131400,Dec-19,757548,517150
(주)이상네트웍스,80010,Dec-19,973747,944914
(주)이수앱지스,86890,Dec-19,2072991,2072991
(주)이스트소프트,47560,Dec-19,1981629,1753569
(주)이십일스토어,270020,Dec-19,707205,548492
(주)이엔에프테크놀로지,102710,Dec-19,1224359,789067
(주)이엔코퍼레이션,66980,Dec-19,4319207,1506636
(주)이엘피,63760,Dec-19,15747,9991
(주)이엠네트웍스,87730,Dec-19,10866454,10796586
(주)이엠넷,123570,Dec-19,9306,2199
(주)이엠앤아이,83470,Dec-19,526006,504384
(주)이엠텍,91120,Dec-19,1489588,426170
(주)이오테크닉스,39030,Dec-19,465071,272041
(주)이즈미디어,181340,Dec-19,357986,339475
(주)이지,37370,Dec-19,583352,201896
(주)이지홀딩스,35810,Dec-19,32060675,5790296
(주)이큐셀,160600,Dec-19,1770201,1579468
(주)이크레더블,92130,Dec-19,8829,7643
(주)이퓨쳐,134060,Dec-19,26668,26668
(주)인바디,41830,Dec-19,140696,3155
(주)인산가,277410,Dec-19,69529,43346
(주)인성정보,33230,Dec-19,2590105,960673
(주)인지디스플레이,37330,Dec-19,3497229,1667694
(주)인콘,83640,Dec-19,2718237,2669737
(주)인터로조,119610,Dec-19,840206,836539
(주)인터코스,240340,Dec-19,0,
(주)인터플렉스,51370,Dec-19,1637518,1604310
(주)인텍플러스,64290,Dec-19,301531,300583
(주)인텔리안테크놀로지스,189300,Dec-19,1138790,918290
(주)인트로메딕,150840,Dec-19,2309960,2305124
(주)인트론바이오테크놀로지,48530,Dec-19,957131,957106
(주)인포마크,175140,Dec-19,1632399,1508222
(주)인포바인,115310,Dec-19,25532,10611
(주)인피니트헬스케어,71200,Dec-19,144344,1014
(주)일승,333430,Dec-19,0,
(주)일신바이오베이스,68330,Dec-19,0,0
(주)일야,58450,Dec-19,713499,465104
(주)일지테크,19540,Dec-19,5930727,1711340
(주)일진파워,94820,Dec-19,66009,25415
(주)잉크테크,49550,Dec-19,2041031,1992498
(주)자비스,254120,Dec-19,535608,535418
(주)자연과환경,43910,Dec-19,528701,295452
(주)장원테크,174880,Dec-19,1964478,1273957
(주)전우정밀,120780,Dec-19,0,
(주)정다운,208140,Dec-19,2023313,1483997
(주)정상제이엘에스,40420,Dec-19,472002,469784
(주)정원엔시스,45510,Dec-19,371047,200786
(주)제낙스,65620,Dec-19,2065102,2065102
(주)제넥신,95700,Dec-19,4585177,4585177
(주)제넨바이오,72520,Dec-19,3724161,3518767
(주)제노레이,122310,Dec-19,243216,237159
(주)제노포커스,187420,Dec-19,249068,80703
(주)제닉,123330,Dec-19,1299608,190774
(주)제로투세븐,159580,Dec-19,888612,887051
(주)제우스,79370,Dec-19,1805447,748617
(주)제이브이엠,54950,Dec-19,156298,68998
(주)제이스텍,90470,Dec-19,156866,156866
(주)제이시스메디칼,287410,Dec-19,0,
(주)제이앤티씨,204270,Dec-19,1654158,2266320
(주)제이에스티나,26040,Dec-19,346926,345758
(주)제이엘케이,322510,Dec-19,52579,52454
(주)제이와이피엔터테인먼트,35900,Dec-19,49145,40716
(주)제이웨이,58420,Dec-19,302277,43413
(주)제이티,89790,Dec-19,501521,501521
(주)제일바이오,52670,Dec-19,1181,1181
(주)제일테크노스,38010,Dec-19,1382714,1258833
(주)제주반도체,80220,Dec-19,5349816,2743606
(주)제테마,216080,Dec-19,0,0
(주)젬백스&카엘,82270,Dec-19,4754535,4754534
(주)젬백스링크,64800,Dec-19,2510704,2509836
(주)조이시티,67000,Dec-19,169777,141267
(주)좋은사람들,33340,Dec-19,651088,600289
(주)중앙디앤엠,51980,Dec-19,395415,378062
(주)중앙백신연구소,72020,Dec-19,130861,130861
(주)중앙에너비스,440,Dec-19,412923,412923
(주)지노믹트리,228760,Dec-19,0,0
(주)지니뮤직,43610,Dec-19,297170,297170
(주)지니틱스,303030,Dec-19,136788,136788
(주)지란지교시큐리티,208350,Dec-19,168204,123502
(주)지씨셀,144510,Dec-19,245770,238076
(주)지어소프트,51160,Dec-19,519337,137769
(주)지에스이,53050,Dec-19,444471,444471
(주)지에스홈쇼핑,28150,Dec-19,92433,17562
(주)지엔씨에너지,119850,Dec-19,504883,498421
(주)지엔코,65060,Dec-19,5193904,4696310
(주)지유온,111820,Dec-19,206799,206799
(주)지티지웰니스,219750,Dec-19,855688,854157
(주)진로발효,18120,Dec-19,34301,26701
(주)진매트릭스,109820,Dec-19,573559,573559
(주)진바이오텍,86060,Dec-19,0,0
(주)진성티이씨,36890,Dec-19,2884828,380119
(주)차바이오텍,85660,Dec-19,11400096,2365271
(주)창해에탄올,4650,Dec-19,4237967,1176378
(주)천보,278280,Dec-19,443318,23455
(주)체리부로,66360,Dec-19,4813114,2868648
(주)초록뱀미디어,47820,Dec-19,2077058,2076858
(주)초록뱀컴퍼니,52300,Dec-19,3920232,3920232
(주)칩스앤미디어,94360,Dec-19,0,0
(주)카나리아바이오,16790,Dec-19,1012021,1012021
(주)카스,16920,Dec-19,2282787,2121323
(주)카이노스메드,284620,Dec-19,0,
(주)캐리소프트,317530,Dec-19,404821,404821
(주)캐스텍코리아,71850,Dec-19,4469919,2958776
(주)캠시스,50110,Dec-19,4857729,4196812
(주)컴투스,78340,Dec-19,286726,231289
(주)컴투스홀딩스,63080,Dec-19,2834144,2515253
(주)케스피온,79190,Dec-19,882577,763874
(주)케어랩스,263700,Dec-19,1901706,1896226
(주)케어젠,214370,Dec-19,0,0
(주)케이비지,318000,Dec-19,116947,116947
(주)케이사인,192250,Dec-19,280559,262011
(주)케이씨씨건설,21320,Dec-19,6060621,6060621
(주)케이씨아이,36670,Dec-19,99733,99733
(주)케이씨에스,115500,Dec-19,5481,5481
(주)케이씨티,89150,Dec-19,506231,506231
(주)케이씨피드,25880,Dec-19,1237403,1188077
(주)케이아이엔엑스,93320,Dec-19,331051,324820
(주)케이에스피,73010,Dec-19,436608,436608
(주)케이에이치바텍,60720,Dec-19,3718512,2641461
(주)케이엑스이노베이션,122450,Dec-19,6265753,1473565
(주)케이엑스하이텍,52900,Dec-19,179967,63584
(주)케이엔더블유,105330,Dec-19,564061,302762
(주)케이엔엔,58400,Dec-19,21132,21132
(주)케이엔제이,272110,Dec-19,1436277,1434669
(주)케이엘넷,39420,Dec-19,297,297
(주)케이엠,83550,Dec-19,593430,567620
(주)케이엠더블유,32500,Dec-19,5670335,4079084
(주)케이지모빌리언스,46440,Dec-19,4366998,3194294
(주)케이지이니시스,35600,Dec-19,10684286,430135
(주)케이티서브마린,60370,Dec-19,380686,380686
(주)케이티알파,36030,Dec-19,411247,411247
(주)케이프,64820,Dec-19,6712075,2719889
(주)케이피에스,256940,Dec-19,65971,65971
(주)케이피에프,24880,Dec-19,8262044,5002278
(주)케이피엠테크,42040,Dec-19,5353933,3419570
(주)케이피티유,54410,Dec-19,724375,724375
(주)케일럼,258610,Dec-19,1083025,1083025
(주)켐온,217600,Dec-19,20285,20285
(주)켐트로닉스,89010,Dec-19,5764550,3927419
(주)켐트로스,220260,Dec-19,368813,368813
(주)코너스톤네트웍스,33110,Dec-19,2705786,2417150
(주)코다코,46070,Dec-19,13917253,10387813
(주)코데즈컴바인,47770,Dec-19,379012,70462
(주)코디,80530,Dec-19,4201328,4071437
(주)코디엠,224060,Dec-19,1054495,1020473
(주)코렌텍,104540,Dec-19,894244,883205
(주)코리아나화장품,27050,Dec-19,545039,541093
(주)코리아센터,290510,Dec-19,4852502,3771219
(주)코리아에스이,101670,Dec-19,0,0
(주)코맥스,36690,Dec-19,222809,222809
(주)코메론,49430,Dec-19,132854,3987
(주)코미코,183300,Dec-19,5433199,3331301
(주)코미팜,41960,Dec-19,1908854,1908854
(주)코세스,89890,Dec-19,762977,762977
(주)코센,9730,Dec-19,8129947,8072095
(주)코스나인,82660,Dec-19,2769132,2769132
(주)코스메카코리아,241710,Dec-19,3526000,2176934
(주)코스온,69110,Dec-19,4394445,3508704
(주)코썬바이오,204990,Dec-19,272732,159986
(주)코아시아,45970,Dec-19,5475865,1222696
(주)코아시아옵틱스,196450,Dec-19,2330381,1447802
(주)코엔텍,29960,Dec-19,374903,374903
(주)코원플레이,56000,Dec-19,125321,24930
(주)코윈테크,282880,Dec-19,159323,159323
(주)코이즈,121850,Dec-19,1022476,754957
(주)코콤,15710,Dec-19,69319,69319
(주)코텍,52330,Dec-19,0,0
(주)코퍼스코리아,322780,Dec-19,0,
(주)코프라,126600,Dec-19,523076,168936
(주)큐로컴,40350,Dec-19,2585620,1986246
(주)큐로홀딩스,51780,Dec-19,2790489,2539464
(주)큐리언트,115180,Dec-19,10489,10489
(주)큐브엔터테인먼트,182360,Dec-19,165790,165790
(주)큐에스아이,66310,Dec-19,21192,0
(주)크레버스,96240,Dec-19,1824065,692392
(주)크리스에프앤씨,110790,Dec-19,648699,621638
(주)크린앤사이언스,45520,Dec-19,776715,750036
(주)클라우드에어,36170,Dec-19,2592213,2592213
(주)클래시스,214150,Dec-19,274170,274170
(주)클리오,237880,Dec-19,1110299,1110299
(주)키이스트,54780,Dec-19,305567,289635
(주)타이거일렉,219130,Dec-19,49183,49183
(주)탑엔지니어링,65130,Dec-19,2204761,997336
(주)탑코미디어,134580,Dec-19,10046,10046
(주)태광,23160,Dec-19,105252,105252
(주)태성,323280,Dec-19,0,
(주)태양,53620,Dec-19,151893,151893
(주)태웅,44490,Dec-19,8184520,8184520
(주)태웅로직스,124560,Dec-19,917554,916582
(주)테라젠이텍스,66700,Dec-19,2976537,2215610
(주)테스,95610,Dec-19,44556,44556
(주)테크윙,89030,Dec-19,4790763,4574838
(주)텔레칩스,54450,Dec-19,37664,30617
(주)텔레필드,91440,Dec-19,1156443,972560
(주)텔콘알에프제약,200230,Dec-19,1835015,1794644
(주)토박스코리아,215480,Dec-19,648779,648779
(주)토비스,51360,Dec-19,1498252,581986
(주)토탈소프트뱅크,45340,Dec-19,95275,95275
(주)톱텍,108230,Dec-19,3745160,1420900
(주)투비소프트,79970,Dec-19,1674558,1286001
(주)트루윈,105550,Dec-19,1472720,1472720
(주)특수건설,26150,Dec-19,1378053,1375095
(주)티라유텍,322180,Dec-19,255005,255005
(주)티로보틱스,117730,Dec-19,1406425,1403095
(주)티비씨,33830,Dec-19,10069,10069
(주)티사이언티픽,57680,Dec-19,519381,519381
(주)티씨케이,64760,Dec-19,11140,11140
(주)티앤알바이오팹,246710,Dec-19,46013,46013
(주)티에스넥스젠,43220,Dec-19,2839394,2680819
(주)티에스이,131290,Dec-19,595578,0
(주)티에스트릴리온,317240,Dec-19,0,
(주)티엘아이,62860,Dec-19,7198,7198
(주)티움바이오,321550,Dec-19,19619,19619
(주)티케이케미칼,104480,Dec-19,8676529,8656442
(주)티티씨디펜스,309900,Dec-19,0,
(주)티플랙스,81150,Dec-19,1184162,1184162
(주)티피씨,130740,Dec-19,2233432,1440800
(주)티피씨메카트로닉스,48770,Dec-19,2376125,2088690
(주)파나진,46210,Dec-19,2456,2456
(주)파라다이스,34230,Dec-19,52045850,10438828
(주)파라텍,33540,Dec-19,1277425,1268332
(주)파루,43200,Dec-19,181809,181809
(주)파마리서치,214450,Dec-19,2343167,2070623
(주)파멥신,208340,Dec-19,4244623,4244623
(주)파버나인,177830,Dec-19,3198616,2869159
(주)파세코,37070,Dec-19,262806,262806
(주)파수,150900,Dec-19,768349,768102
(주)파워넷,37030,Dec-19,1725091,1540554
(주)파워로직스,47310,Dec-19,1131699,641795
(주)파이오링크,170790,Dec-19,54115,54115
(주)파인디앤씨,49120,Dec-19,1852374,1739466
(주)파인디지털,38950,Dec-19,11602,4640
(주)파인테크닉스,106240,Dec-19,1794009,1542846
(주)파인텍,131760,Dec-19,3057012,2688985
(주)파커스,65690,Dec-19,1217290,898799
(주)파크시스템스,140860,Dec-19,65795,22408
(주)파트론,91700,Dec-19,1433313,1115258
(주)팍스넷,38160,Dec-19,3575166,3429334
(주)팜스빌,318010,Dec-19,4415,4415
(주)팜스토리,27710,Dec-19,13840730,6781340
(주)팬스타엔터프라이즈,54300,Dec-19,797890,797890
(주)팬엔터테인먼트,68050,Dec-19,458431,458190
(주)팬젠,222110,Dec-19,1214409,1214409
(주)펄어비스,263750,Dec-19,6295454,3605073
(주)펩트론,87010,Dec-19,0,0
(주)포메탈,119500,Dec-19,215432,215432
(주)포스코아이씨티,22100,Dec-19,218821,126263
(주)포스코엠텍,9520,Dec-19,9041,9041
(주)포인트엔지니어링,256630,Dec-19,441024,438168
(주)포커스에이치엔에스,331380,Dec-19,0,
(주)폴라리스세원,234100,Dec-19,1593805,1329147
(주)폴라리스오피스,41020,Dec-19,117954,18566
(주)폴라리스우노,114630,Dec-19,19694,19444
(주)푸드나무,290720,Dec-19,18951,18951
(주)푸드웰,5670,Dec-19,778405,334666
(주)푸른기술,94940,Dec-19,96063,96063
(주)퓨전,195440,Dec-19,1488510,1443303
(주)퓨쳐켐,220100,Dec-19,3302817,2304994
(주)프럼파스트,35200,Dec-19,2718,2718
(주)프로스테믹스,203690,Dec-19,96700,96700
(주)프로이천,321260,Dec-19,0,
(주)프로텍,53610,Dec-19,101337,20409
(주)프리엠스,53160,Dec-19,242,242
(주)플래스크,41590,Dec-19,10909034,10864793
(주)플랜티넷,75130,Dec-19,52744,2725
(주)플레이디,237820,Dec-19,586953,586953
(주)플레이위드,23770,Dec-19,601338,601338
(주)플리토,300080,Dec-19,342112,342112
(주)피델릭스,32580,Dec-19,1136861,1136861
(주)피씨디렉트,51380,Dec-19,512622,512622
(주)피에이치씨,57880,Dec-19,3873950,3873494
(주)피엔티,137400,Dec-19,2740752,2325375
(주)피엔풍년,24940,Dec-19,203339,203339
(주)피제이메탈,128660,Dec-19,789696,789696
(주)피제이전자,6140,Dec-19,138288,138288
(주)피피아이,62970,Dec-19,326897,326897
(주)픽셀플러스,87600,Dec-19,53753,53753
(주)필옵틱스,161580,Dec-19,1734133,1711934
(주)하림,136480,Dec-19,13598331,13465900
(주)하림지주,3380,Dec-19,149627000,13567264
(주)하이로닉,149980,Dec-19,68164,1968
(주)하이비젼시스템,126700,Dec-19,134225,17011
(주)하이소닉,106080,Dec-19,994086,977584
(주)하이텍팜,106190,Dec-19,290180,290180
(주)하츠,66130,Dec-19,16792,16792
(주)한국가구,4590,Dec-19,562208,122784
(주)한국경제티브이,39340,Dec-19,268529,250848
(주)한국비엔씨,256840,Dec-19,417651,417651
(주)한국아트라스비엑스,23890,Dec-19,1708846,1697902
(주)한국코퍼레이션,50540,Dec-19,2954237,2724976
(주)한국큐빅,21650,Dec-19,1364667,192962
(주)한국테크놀로지,53590,Dec-19,7049016,4683609
(주)한국팩키지,37230,Dec-19,351467,351467
(주)한글과컴퓨터,30520,Dec-19,12747435,1991682
(주)한네트,52600,Dec-19,855756,855756
(주)한독크린텍,256150,Dec-19,112866,112866
(주)한빛소프트,47080,Dec-19,66460,36227
(주)한송네오텍,226440,Dec-19,778842,778842
(주)한일진공,123840,Dec-19,853710,472457
(주)한창바이오텍,43090,Dec-19,804096,804096
(주)한컴위드,54920,Dec-19,824203,824203
(주)한탑,2680,Dec-19,5166877,4975567
(주)한프,66110,Dec-19,3945440,3686187
(주)핸디소프트,220180,Dec-19,762994,594066
(주)행남사,8800,Dec-19,705019,700554
(주)헥토이노베이션,214180,Dec-19,98266,83074
(주)헥토파이낸셜,234340,Dec-19,7513,7513
(주)헬릭스미스,84990,Dec-19,5920962,4705385
(주)현대공업,170030,Dec-19,77820,2736
(주)현대바이오랜드,52260,Dec-19,757236,607171
(주)현대에버다임,41440,Dec-19,995998,653752
(주)현대이지웰,90850,Dec-19,392796,390543
(주)협진,138360,Dec-19,570191,570190
(주)형지아이앤씨,11080,Dec-19,2381283,2381283
(주)홈센타홀딩스,60560,Dec-19,4210300,2502106
(주)홈캐스트,64240,Dec-19,346144,336098
(주)화신정공,126640,Dec-19,262289,262289
(주)휴네시온,290270,Dec-19,17242,13647
(주)휴럼,284420,Dec-19,1013666,1009120
(주)휴맥스,115160,Dec-19,20665543,17500487
(주)휴맥스홀딩스,28080,Dec-19,580379,580379
(주)휴먼엔,32860,Dec-19,1190319,1105979
(주)휴메딕스,200670,Dec-19,44408,41310
(주)휴비츠,65510,Dec-19,1081831,990952
(주)휴센텍,215090,Dec-19,335225,335225
(주)휴엠앤씨,263920,Dec-19,2114409,2093008
(주)휴온스,243070,Dec-19,1127384,624241
(주)휴온스글로벌,84110,Dec-19,1500691,0
(주)흥국,10240,Dec-19,264764,253375
(주)흥국에프엔비,189980,Dec-19,49463,37729
(주)희림종합건축사사무소,37440,Dec-19,2514183,2511235
(주)힘스,238490,Dec-19,112562,112562
KB오토시스(주),24120,Dec-19,688370,532795
KD(주),44180,Dec-19,3276561,3006456
가온미디어(주),78890,Dec-19,3813032,3845948
감성코퍼레이션(주),36620,Dec-19,949487,938849
갤럭시아머니트리(주),94480,Dec-19,3835054,3835054
경남스틸(주),39240,Dec-19,711273,711273
경남제약(주),53950,Dec-19,323429,323429
경동제약(주),11040,Dec-19,465604,458009
경창산업(주),24910,Dec-19,12984940,10701790
고려신용정보(주),49720,Dec-19,133164,121101
고려제약(주),14570,Dec-19,3974,3974
광진실업(주),26910,Dec-19,119194,119194
국일신동(주),60480,Dec-19,20004,20004
국일제지(주),78130,Dec-19,2518248,2526944
글로벌에스엠테크리미티드,900070,Dec-19,1086845,
글로벌텍스프리(주),204620,Dec-19,2688380,2680270
글로본(주),19660,Dec-19,2153516,2153516
금강철강(주),53260,Dec-19,65647,41699
나노캠텍(주),91970,Dec-19,953840,953840
나라엠앤디(주),51490,Dec-19,1913199,1410744
나무기술(주),242040,Dec-19,1349558,1291714
나이스정보통신(주),36800,Dec-19,114796,91669
나이스평가정보(주),30190,Dec-19,406160,371280
남화산업(주),111710,Dec-19,0,0
남화토건(주),91590,Dec-19,0,0
넥슨지티(주),41140,Dec-19,1512815,238132
농업회사법인(주)농우바이오,54050,Dec-19,837000,276555
뉴지랩파마(주),214870,Dec-19,2291415,2289172
다믈멀티미디어(주),93640,Dec-19,924313,924313
다이노나(주),86080,Dec-19,307882,307882
대동금속(주),20400,Dec-19,1593516,1593516
대동기어(주),8830,Dec-19,2431821,2431821
대모엔지니어링(주),317850,Dec-19,164987,108842
대보마그네틱(주),290670,Dec-19,621734,621734
대봉엘에스(주),78140,Dec-19,71607,34935
대아티아이(주),45390,Dec-19,130054,80510
대양전기공업(주),108380,Dec-19,22467,0
대양제지공업(주),6580,Dec-19,1496381,221691
대원미디어(주),48910,Dec-19,443801,394816
대원산업(주),5710,Dec-19,854064,0
대정화금(주),120240,Dec-19,45629,45629
대주산업(주),3310,Dec-19,611228,611228
대주전자재료(주),78600,Dec-19,2569384,2296342
대한광통신(주),10170,Dec-19,2614782,2603542
대한그린파워(주),60900,Dec-19,1505210,1317056
대한뉴팜(주),54670,Dec-19,1516533,1516533
대한약품공업(주),23910,Dec-19,888229,888229
대화제약(주),67080,Dec-19,3962822,3623841
더이앤엠(주),89230,Dec-19,2854391,2924845
덕산네오룩스(주),213420,Dec-19,23093,23093
덕산하이메탈(주),77360,Dec-19,24449,24449
덕우전자(주),263600,Dec-19,707702,10411
데브시스터즈(주),194480,Dec-19,85075,58333
도이치모터스(주),67990,Dec-19,10618981,8434740
동국산업(주),5160,Dec-19,3374416,1597487
동국제약(주),86450,Dec-19,618986,425780
동신건설(주),25950,Dec-19,8883,8883
동아화성(주),41930,Dec-19,2801918,1139779
동양이엔피(주),79960,Dec-19,83329,36057
동양파일(주),228340,Dec-19,2632,2632
동일금속(주),109860,Dec-19,202363,0
동일철강(주),23790,Dec-19,185246,185246
동화기업(주),25900,Dec-19,13452940,8667278
디아이티(주),110990,Dec-19,2025343,2017853
디에스티(주),33430,Dec-19,6477254,6475623
디엑스앤브이엑스(주),180400,Dec-19,1331823,1330351
디와이씨(주),310870,Dec-19,0,
디와이피엔에프(주),104460,Dec-19,456490,448759
디젠스(주),113810,Dec-19,1368944,1166238
디케이락(주),105740,Dec-19,186597,186597
라온시큐어(주),42510,Dec-19,683574,683574
라온피플(주),300120,Dec-19,5170,5170
램테크놀러지(주),171010,Dec-19,975459,975459
로스웰인터내셔널유한회사,900260,Dec-19,2733440,
로체시스템즈(주),71280,Dec-19,118043,118043
리노공업(주),58470,Dec-19,7924,7924
마이크로로봇(주),182690,Dec-19,896255,509786
매일유업(주),267980,Dec-19,2790459,2788262
매일홀딩스(주),5990,Dec-19,4763671,0
메가스터디(주),72870,Dec-19,479744,163778
메가스터디교육(주),215200,Dec-19,1120656,743704
메가엠디(주),133750,Dec-19,300984,252811
메디앙스(주),14100,Dec-19,801016,801016
메디포스트(주),78160,Dec-19,4151703,4149926
명성티엔에스(주),257370,Dec-19,425037,425037
모바일어플라이언스(주),87260,Dec-19,645317,644768
모트렉스(주),118990,Dec-19,12479449,3062262
무림에스피(주),1810,Dec-19,1540824,1540163
미디어젠(주),279600,Dec-19,22368,22368
미래나노텍(주),95500,Dec-19,2584932,2142673
미래오토스,176440,Dec-19,1362227,1362227
미스터블루(주),207760,Dec-19,159605,113969
바디텍메드(주),206640,Dec-19,1731074,1535137
바이온(주),32980,Dec-19,3151041,2616061
베뉴지(주),19010,Dec-19,6046838,2906944
보성파워텍(주),6910,Dec-19,1585936,1585936
브릿지바이오테라퓨틱스(주),288330,Dec-19,2741010,2741010
비디아이(주),148140,Dec-19,4258854,4248795
비에이치아이(주),83650,Dec-19,9102467,9084834
빛샘전자(주),72950,Dec-19,684,0
삼강엠앤티(주),100090,Dec-19,14457815,13139150
삼륭물산(주),14970,Dec-19,1213224,704084
삼목에스폼(주),18310,Dec-19,49880,49880
삼보모터스(주),53700,Dec-19,11792280,5796330
삼보산업(주),9620,Dec-19,9450118,8347194
삼아제약(주),9300,Dec-19,60855,60855
삼영엠텍(주),54540,Dec-19,815741,559509
삼영이엔씨(주),65570,Dec-19,116420,116420
삼지전자(주),37460,Dec-19,6337306,3136858
삼천당제약(주),250,Dec-19,816830,968880
삼천리자전거(주),24950,Dec-19,2345100,2043962
삼현철강(주),17480,Dec-19,5483,5483
상신이디피(주),91580,Dec-19,2327551,1714683
상신전자(주),263810,Dec-19,386895,106776
서암기계공업(주),100660,Dec-19,0,0
서울바이오시스(주),92190,Dec-19,10445516,6914160
서울반도체(주),46890,Dec-19,7486438,1134314
서울전자통신(주),27040,Dec-19,1009344,717018
서호전기(주),65710,Dec-19,115707,106435
성우전자(주),81580,Dec-19,374081,4779
성우테크론(주),45300,Dec-19,354457,323644
성호전자(주),43260,Dec-19,1568250,1276998
세명전기공업(주),17510,Dec-19,124,124
세종텔레콤(주),36630,Dec-19,1552121,1363557
소니드(주),60230,Dec-19,1823326,1820856
소프트캠프(주),258790,Dec-19,81692,65344
솔브레인홀딩스(주),36830,Dec-19,4518968,1791037
스튜디오드래곤(주),253450,Dec-19,493769,397240
시그네틱스(주),33170,Dec-19,542478,542478
신라섬유(주),1000,Dec-19,586958,586958
신라에스지(주),25870,Dec-19,939139,977533
신라젠(주),215600,Dec-19,5450138,5418691
신성델타테크(주),65350,Dec-19,5057313,2659654
신신제약(주),2800,Dec-19,247613,238243
신원종합개발(주),17000,Dec-19,2583828,2411175
신일제약(주),12790,Dec-19,216818,216818
신화인터텍(주),56700,Dec-19,2189867,2061338
신흥에스이씨(주),243840,Dec-19,4503133,2808008
쌍용정보통신(주),10280,Dec-19,68555,68154
씨비아이(주),13720,Dec-19,221291,221291
씨아이에스(주),222080,Dec-19,1236811,1236811
씨앤지하이테크(주),264660,Dec-19,6754,6754
씨앤티85(주),56730,Dec-19,2878986,2878986
씨에스베어링(주),297090,Dec-19,892675,813482
씨제이바이오사이언스(주),311690,Dec-19,45331,45331
씨제이프레시웨이(주),51500,Dec-19,17448263,15415418
씨큐브(주),101240,Dec-19,360389,360389
아미코젠(주),92040,Dec-19,1274949,241313
아비코전자(주),36010,Dec-19,158467,97726
아이쓰리시스템(주),214430,Dec-19,80287,80287
아이진(주),185490,Dec-19,2151349,2151349
아이큐어(주),175250,Dec-19,2815664,2759098
아이크래프트(주),52460,Dec-19,151511,75823
아이텍(주),119830,Dec-19,3378688,3325003
아진산업(주),13310,Dec-19,13706200,6046597
안국약품(주),1540,Dec-19,1035423,690184
알리코제약(주),260660,Dec-19,982660,982660
알서포트(주),131370,Dec-19,146593,138430
알에스오토메이션(주),140670,Dec-19,517524,509309
알에프머트리얼즈(주),327260,Dec-19,185946,185946
알에프에이치아이씨(주),218410,Dec-19,1122991,937045
압타바이오(주),293780,Dec-19,2032,2032
애니젠(주),196300,Dec-19,1234413,1234413
애머릿지코퍼레이션,900100,Dec-19,1806949,1558866
앱클론(주),174900,Dec-19,120113,120113
어보브반도체(주),102120,Dec-19,28366,15048
에스넷시스템(주),38680,Dec-19,184174,133482
에스디엔(주),99220,Dec-19,2523445,2246091
에스맥(주),97780,Dec-19,7235742,6232290
에스비더블유생명과학(주),151910,Dec-19,2805446,2563717
에스씨아이평가정보(주),36120,Dec-19,20824,16430
에스앤씨엔진그룹리미티드,900080,Dec-19,181330,
에스에이치엔엘(주),50320,Dec-19,23844,23844
에스엔유프리시젼(주),80000,Dec-19,214696,212730
에스엔케이폴리텍(주),91340,Dec-19,3300443,726898
에스와이(주),109610,Dec-19,8672933,6812795
에스지씨이테크건설(주),16250,Dec-19,35917134,4164646
에스지에이(주),49470,Dec-19,2313360,847871
에스지에이솔루션즈(주),184230,Dec-19,1660644,937829
에스지에이클라우드서비스(주),224880,Dec-19,807996,807996
에스지이(주),255220,Dec-19,4985656,4685228
에스케이 머티리얼즈(주),36490,Dec-19,28305206,14931166
에스텍(주),69510,Dec-19,351922,0
에스트래픽(주),234300,Dec-19,2414422,2398169
에스티팜(주),237690,Dec-19,78870,77223
에스퓨얼셀(주),288620,Dec-19,511320,511320
에이비엘바이오(주),298380,Dec-19,90730,90730
에이아이비트(주),39230,Dec-19,2460888,2429891
에이에프더블류(주),312610,Dec-19,193928,193928
에이치엘비(주),28300,Dec-19,19513516,19245064
에이치엘비생명과학(주),67630,Dec-19,7633176,7299324
에이치엘비제약(주),47920,Dec-19,1192373,1192373
에이치엘비테라퓨틱스(주),115450,Dec-19,1874157,1868242
에이테크솔루션(주),71670,Dec-19,1494374,1183908
에이피시스템(주),265520,Dec-19,5561421,5551550
에이피에스홀딩스(주),54620,Dec-19,1222210,134385
에이피위성(주),211270,Dec-19,6388,6388
에이피티씨(주),89970,Dec-19,22182,22182
에코바이오홀딩스(주),38870,Dec-19,410814,218049
에코캡(주),128540,Dec-19,926027,717318
에코플라스틱(주),38110,Dec-19,9398792,2371213
에프엔에스테크(주),83500,Dec-19,890726,890726
엑스큐어(주),70300,Dec-19,15290,15290
엔브이에이치코리아(주),67570,Dec-19,13841399,4838579
엔시트론(주),101400,Dec-19,2281703,2212110
엔에이치엔한국사이버결제(주),60250,Dec-19,368290,366377
엘비세미콘(주),61970,Dec-19,6462180,6116949
엘컴텍(주),37950,Dec-19,160572,42866
엘티씨(주),170920,Dec-19,2736312,1450287
엠에프엠코리아(주),323230,Dec-19,0,
엠케이전자(주),33160,Dec-19,12892879,5022253
영신금속공업(주),7530,Dec-19,2571371,2267366
영풍정밀(주),36560,Dec-19,13058,13058
영화테크(주),265560,Dec-19,48735,62335
예스이십사(주),53280,Dec-19,1028464,852772
오가닉티코스메틱스홀딩스컴퍼니리미티드,900300,Dec-19,192962,
오로라월드(주),39830,Dec-19,3883806,2195460
오상자이엘(주),53980,Dec-19,446543,336420
오성첨단소재(주),52420,Dec-19,388484,388484
오션브릿지(주),241790,Dec-19,121626,68313
오스템임플란트(주),48260,Dec-19,4813525,3289446
올리패스(주),244460,Dec-19,3081789,2710062
올릭스(주),226950,Dec-19,5607,4659
옴니시스템(주),57540,Dec-19,1263236,1216978
옵티시스(주),109080,Dec-19,68531,68531
와이더블유(주),51390,Dec-19,1752328,1752328
와이아이케이(주),232140,Dec-19,4196268,3661121
와이엠씨(주),155650,Dec-19,249366,8162
와이엠티(주),251370,Dec-19,1010843,838206
와토스코리아(주),79000,Dec-19,32117,32117
우리바이오(주),82850,Dec-19,9139048,964428
우리산업(주),215360,Dec-19,1613821,1547993
우리산업홀딩스(주),72470,Dec-19,2394837,155342
우리손에프앤지농업회사법인(주),73560,Dec-19,6121116,1251152
우리엔터프라이즈(주),37400,Dec-19,9442794,488285
우리이앤엘(주),153490,Dec-19,923183,777988
우림피티에스(주),101170,Dec-19,33272,33272
우수AMS(주),66590,Dec-19,1761914,1297311
우원개발(주),46940,Dec-19,1127680,824366
우진비앤지(주),18620,Dec-19,839461,836223
원텍(주),216280,Dec-19,1083002,1061238
원텍(주),336570,Dec-19,0,
원풍물산(주),8290,Dec-19,729980,729980
웹케시(주),53580,Dec-19,74800,74800
위즈코프(주),38620,Dec-19,94886,7456
윈텍(주),320000,Dec-19,0,
윙입푸드홀딩스,900340,Dec-19,328406,
유네코(주),64510,Dec-19,3190761,3057232
유니셈(주),36200,Dec-19,598711,514290
유니슨(주),18000,Dec-19,6739164,6752271
유비벨록스(주),89850,Dec-19,3157469,1534023
유아이엘(주),49520,Dec-19,33587,7884
유진기업(주),23410,Dec-19,40568815,19010625
이노시스(주),56090,Dec-19,1587383,1580144
이니텍(주),53350,Dec-19,151542,14147
이스트아시아홀딩스인베스트먼트리미티드,900110,Dec-19,1624788,
이에스산업(주),241510,Dec-19,0,
이엠코리아(주),95190,Dec-19,2323188,1741587
이원다이애그노믹스(주),245620,Dec-19,824268,523445
이원컴포텍(주),88290,Dec-19,366315,299800
이트론(주),96040,Dec-19,372021,372021
이화공영(주),1840,Dec-19,102660,102660
이화전기공업(주),24810,Dec-19,236405,236405
인베니아(주),79950,Dec-19,2541101,2527175
인선이엔티(주),60150,Dec-19,2823869,2351079
인크로스(주),216050,Dec-19,56741,36132
인탑스(주),49070,Dec-19,838338,477055
인포뱅크(주),39290,Dec-19,20627,7559
인화정공(주),101930,Dec-19,4080536,2817071
잉글우드랩(주),950140,Dec-19,987189,448853
자안바이오(주),221610,Dec-19,240801,9883
자이글(주),234920,Dec-19,679172,679172
재영솔루텍(주),49630,Dec-19,3448583,3150663
전진바이오팜(주),110020,Dec-19,315288,315288
제너셈(주),217190,Dec-19,581915,581915
제룡산업(주),147830,Dec-19,1813,1813
제룡전기(주),33100,Dec-19,39407,39407
제이더블유신약(주),67290,Dec-19,1242600,1242599
제이스코홀딩스(주),23440,Dec-19,453580,453580
제이씨케미칼(주),137950,Dec-19,2803394,2327800
제이씨현시스템(주),33320,Dec-19,146898,50038
제이엔케이히터(주),126880,Dec-19,2696898,2464323
제이엠아이(주),33050,Dec-19,974490,135421
제이엠티(주),94970,Dec-19,14385,0
조광아이엘아이(주),44060,Dec-19,208581,208581
조아제약(주),34940,Dec-19,1391150,1376548
주성엔지니어링(주),36930,Dec-19,1161163,1161162
줌인터넷(주),239340,Dec-19,162139,162139
지나인제약(주),78650,Dec-19,2084062,1672874
지니언스(주),263860,Dec-19,6146,5047
지더블유바이텍(주),36180,Dec-19,21007720,21005851
지스마트글로벌(주),114570,Dec-19,2786363,2786363
지에이치신소재(주),130500,Dec-19,800454,788995
지엔원에너지(주),270520,Dec-19,0,
지엘팜텍(주),204840,Dec-19,421668,241457
진양제약(주),7370,Dec-19,302042,302042
차이나크리스탈신소재홀딩스,900250,Dec-19,300546,
참존글로벌(주),158310,Dec-19,3647126,3638243
참좋은여행(주),94850,Dec-19,806351,806351
카페24(주),42000,Dec-19,1600182,17171
커머스마이너 (주),223310,Dec-19,2075250,2073879
컬러레이홀딩스,900310,Dec-19,253416,
케어룸의료산업(주),327970,Dec-19,0,
케이디켐(주),221980,Dec-19,55930,54067
케이만금세기차륜집단유한공사,900280,Dec-19,977381,
케이맥(주),43290,Dec-19,998093,998093
케이비아이메탈(주),24840,Dec-19,4561932,4524091
케이에이치건설(주),226360,Dec-19,3060262,3057580
케이에이치전자(주),111870,Dec-19,1815995,1432617
케이엠제약(주),225430,Dec-19,262843,262843
케이지이티에스(주),151860,Dec-19,2549919,2549919
케이피엑스라이프사이언스(주),114450,Dec-19,22461,22461
켄코아에어로스페이스(주),274090,Dec-19,2452902,1949880
코나아이(주),52400,Dec-19,1669438,1539335
코드네이처(주),78940,Dec-19,1414826,1067595
코리아에프티(주),123410,Dec-19,3407765,1649221
코스맥스엔비티(주),222040,Dec-19,6021981,2708828
코아스템(주),166480,Dec-19,64547,44261
코오롱생명과학(주),102940,Dec-19,3741357,3741357
코오롱티슈진(주),950160,Dec-19,1178157,1178157
코웰패션(주),33290,Dec-19,1138881,966105
코위버(주),56360,Dec-19,292245,292245
콜마비앤에이치(주),200130,Dec-19,347085,104082
큐렉소(주),60280,Dec-19,7182,7182
크로바하이텍(주),43590,Dec-19,1455267,1453112
크루셜텍(주),114120,Dec-19,3346339,2939097
크리스탈지노믹스(주),83790,Dec-19,5764517,5375019
키네마스터(주),139670,Dec-19,15107,10344
테고사이언스(주),191420,Dec-19,7037,2171
테라사이언스(주),73640,Dec-19,1375203,1370622
티제이미디어(주),32540,Dec-19,368851,364633
티케이지애강(주),22220,Dec-19,12661,12661
팅크웨어(주),84730,Dec-19,1021848,830971
파나케이아(주),58530,Dec-19,9531414,7134877
패션플랫폼(주),225590,Dec-19,168023,168023
펌텍코리아(주),251970,Dec-19,870177,358746
풍국주정공업(주),23900,Dec-19,490097,3635
피씨엘(주),241820,Dec-19,99125,99125
피아이첨단소재(주),178920,Dec-19,1960499,1960499
피앤씨테크(주),237750,Dec-19,28774,28774
피에스케이(주),319660,Dec-19,25439,22522
피에스케이홀딩스(주),31980,Dec-19,25588,4328
피에스텍(주),2230,Dec-19,237820,199404
피에이치에이(주),43370,Dec-19,2947419,1226239
하나마이크론(주),67310,Dec-19,15033159,9209599
하나머티리얼즈(주),166090,Dec-19,3011639,3011639
하이록코리아(주),13030,Dec-19,60078,0
하이즈항공(주),221840,Dec-19,1295869,1170965
한국기업평가(주),34950,Dec-19,50859,42030
한국맥널티(주),222980,Dec-19,547903,536721
한국선재(주),25550,Dec-19,3786212,2460439
한국알콜산업(주),17890,Dec-19,1772451,0
한국유니온제약(주),80720,Dec-19,636286,634638
한국전자금융(주),63570,Dec-19,8165431,7690071
한국전자인증(주),41460,Dec-19,12127,5168
한국정밀기계(주),101680,Dec-19,530514,530514
한국정보공학(주),39740,Dec-19,463871,391402
한국정보인증(주),53300,Dec-19,22162,22162
한국정보통신(주),25770,Dec-19,427450,428052
한국컴퓨터(주),54040,Dec-19,1153773,237002
한라아이엠에스(주),92460,Dec-19,419642,411462
한솔아이원스(주),114810,Dec-19,3496918,3496918
한솔인티큐브(주),70590,Dec-19,190781,190781
한양디지텍(주),78350,Dec-19,2016045,1939651
한양이엔지(주),45100,Dec-19,244773,86820
한일네트웍스(주),46110,Dec-19,765947,765947
한일단조공업(주),24740,Dec-19,3872506,3111017
한일사료(주),5860,Dec-19,0,1335628
한일화학공업(주),7770,Dec-19,505003,83753
한창산업(주),79170,Dec-19,23049,23049
해성산업(주),34810,Dec-19,1145585,1145585
해성옵틱스(주),76610,Dec-19,2717387,2272970
헝셩그룹유한회사,900270,Dec-19,2179149,
현대무벡스(주),319400,Dec-19,0,
현대바이오사이언스(주),48410,Dec-19,774015,774015
현대에이치티(주),39010,Dec-19,0,0
현우산업(주),92300,Dec-19,1399176,1399176
현진소재(주),53660,Dec-19,6790469,6683496
화성밸브(주),39610,Dec-19,322185,322185
화일약품(주),61250,Dec-19,293254,293254
휴림네트웍스(주),192410,Dec-19,1506150,443100
휴림로봇(주),90710,Dec-19,367425,359617
휴마시스(주),205470,Dec-19,799177,799177
휴젤(주),145020,Dec-19,3565972,3561012
흥구석유(주),24060,Dec-19,1987,1987
